job,blocks,one_way,k,seed,algo,cost,optimal,planning_ms,peak_kb
blocks=1|exp=seq|k=5|one_way=True|seed=1,1,True,5,1,HeldKarp,96,96,0.116,3.8
blocks=1|exp=seq|k=5|one_way=True|seed=1,1,True,5,1,NN,102,96,0.014,1.1
blocks=1|exp=seq|k=5|one_way=True|seed=1,1,True,5,1,NN2opt,102,96,0.03,1.1
blocks=1|exp=seq|k=5|one_way=True|seed=1,1,True,5,1,GA,96,96,227.003,20.0
blocks=1|exp=seq|k=5|one_way=True|seed=1,1,True,5,1,ACO,96,96,23.753,5.4
blocks=1|exp=seq|k=5|one_way=True|seed=1,1,True,5,1,ALO,96,96,236.07,20.1
blocks=1|exp=seq|k=5|one_way=True|seed=1,1,True,5,1,Hybrid,96,96,0.197,1.1
blocks=1|exp=seq|k=5|one_way=True|seed=4,1,True,5,4,HeldKarp,54,54,0.126,3.8
blocks=1|exp=seq|k=5|one_way=True|seed=4,1,True,5,4,NN,54,54,0.012,1.1
blocks=1|exp=seq|k=5|one_way=True|seed=4,1,True,5,4,NN2opt,54,54,0.03,1.1
blocks=1|exp=seq|k=5|one_way=True|seed=4,1,True,5,4,GA,54,54,221.378,19.8
blocks=1|exp=seq|k=5|one_way=True|seed=4,1,True,5,4,ACO,54,54,23.591,5.4
blocks=1|exp=seq|k=5|one_way=True|seed=4,1,True,5,4,ALO,54,54,230.068,20.3
blocks=1|exp=seq|k=5|one_way=True|seed=4,1,True,5,4,Hybrid,54,54,0.251,1.1
blocks=1|exp=seq|k=5|one_way=True|seed=0,1,True,5,0,HeldKarp,108,108,0.119,3.8
blocks=1|exp=seq|k=5|one_way=True|seed=0,1,True,5,0,NN,108,108,0.014,1.1
blocks=1|exp=seq|k=5|one_way=True|seed=0,1,True,5,0,NN2opt,108,108,0.029,1.1
blocks=1|exp=seq|k=5|one_way=True|seed=0,1,True,5,0,GA,108,108,225.587,19.8
blocks=1|exp=seq|k=5|one_way=True|seed=0,1,True,5,0,ACO,108,108,24.433,5.4
blocks=1|exp=seq|k=5|one_way=True|seed=0,1,True,5,0,ALO,108,108,230.878,19.9
blocks=1|exp=seq|k=5|one_way=True|seed=0,1,True,5,0,Hybrid,108,108,0.118,1.1
blocks=1|exp=seq|k=5|one_way=True|seed=2,1,True,5,2,HeldKarp,72,72,0.129,3.8
blocks=1|exp=seq|k=5|one_way=True|seed=2,1,True,5,2,NN,78,72,0.015,1.1
blocks=1|exp=seq|k=5|one_way=True|seed=2,1,True,5,2,NN2opt,72,72,0.045,1.1
blocks=1|exp=seq|k=5|one_way=True|seed=2,1,True,5,2,GA,72,72,227.934,20.1
blocks=1|exp=seq|k=5|one_way=True|seed=2,1,True,5,2,ACO,72,72,25.079,5.5
blocks=1|exp=seq|k=5|one_way=True|seed=2,1,True,5,2,ALO,72,72,228.075,20.9
blocks=1|exp=seq|k=5|one_way=True|seed=2,1,True,5,2,Hybrid,72,72,0.24,1.1
blocks=1|exp=seq|k=5|one_way=True|seed=5,1,True,5,5,HeldKarp,78,78,0.115,3.8
blocks=1|exp=seq|k=5|one_way=True|seed=5,1,True,5,5,NN,78,78,0.012,1.1
blocks=1|exp=seq|k=5|one_way=True|seed=5,1,True,5,5,NN2opt,78,78,0.03,1.1
blocks=1|exp=seq|k=5|one_way=True|seed=5,1,True,5,5,GA,78,78,222.687,20.1
blocks=1|exp=seq|k=5|one_way=True|seed=5,1,True,5,5,ACO,78,78,25.766,5.4
blocks=1|exp=seq|k=5|one_way=True|seed=5,1,True,5,5,ALO,78,78,231.993,24.2
blocks=1|exp=seq|k=5|one_way=True|seed=5,1,True,5,5,Hybrid,78,78,0.108,1.1
blocks=1|exp=seq|k=5|one_way=True|seed=6,1,True,5,6,HeldKarp,60,60,0.123,3.8
blocks=1|exp=seq|k=5|one_way=True|seed=6,1,True,5,6,NN,60,60,0.012,1.1
blocks=1|exp=seq|k=5|one_way=True|seed=6,1,True,5,6,NN2opt,60,60,0.03,1.1
blocks=1|exp=seq|k=5|one_way=True|seed=6,1,True,5,6,GA,60,60,226.53,20.1
blocks=1|exp=seq|k=5|one_way=True|seed=6,1,True,5,6,ACO,60,60,25.869,5.4
blocks=1|exp=seq|k=5|one_way=True|seed=6,1,True,5,6,ALO,60,60,230.201,23.4
blocks=1|exp=seq|k=5|one_way=True|seed=6,1,True,5,6,Hybrid,60,60,0.108,1.1
blocks=1|exp=seq|k=5|one_way=True|seed=3,1,True,5,3,HeldKarp,90,90,0.118,3.8
blocks=1|exp=seq|k=5|one_way=True|seed=3,1,True,5,3,NN,90,90,0.012,1.1
blocks=1|exp=seq|k=5|one_way=True|seed=3,1,True,5,3,NN2opt,90,90,0.03,1.1
blocks=1|exp=seq|k=5|one_way=True|seed=3,1,True,5,3,GA,90,90,227.047,20.0
blocks=1|exp=seq|k=5|one_way=True|seed=3,1,True,5,3,ACO,90,90,23.982,5.5
blocks=1|exp=seq|k=5|one_way=True|seed=3,1,True,5,3,ALO,90,90,229.613,20.0
blocks=1|exp=seq|k=5|one_way=True|seed=3,1,True,5,3,Hybrid,90,90,0.108,1.1
blocks=1|exp=seq|k=5|one_way=True|seed=11,1,True,5,11,HeldKarp,96,96,0.113,3.8
blocks=1|exp=seq|k=5|one_way=True|seed=11,1,True,5,11,NN,96,96,0.009,1.1
blocks=1|exp=seq|k=5|one_way=True|seed=11,1,True,5,11,NN2opt,96,96,0.028,1.1
blocks=1|exp=seq|k=5|one_way=True|seed=11,1,True,5,11,GA,96,96,227.911,19.8
blocks=1|exp=seq|k=5|one_way=True|seed=11,1,True,5,11,ACO,96,96,24.503,5.4
blocks=1|exp=seq|k=5|one_way=True|seed=11,1,True,5,11,ALO,96,96,208.097,19.7
blocks=1|exp=seq|k=5|one_way=True|seed=11,1,True,5,11,Hybrid,96,96,0.108,1.1
blocks=1|exp=seq|k=5|one_way=True|seed=7,1,True,5,7,HeldKarp,78,78,0.11,3.8
blocks=1|exp=seq|k=5|one_way=True|seed=7,1,True,5,7,NN,78,78,0.009,1.1
blocks=1|exp=seq|k=5|one_way=True|seed=7,1,True,5,7,NN2opt,78,78,0.027,1.1
blocks=1|exp=seq|k=5|one_way=True|seed=7,1,True,5,7,GA,78,78,229.147,20.3
blocks=1|exp=seq|k=5|one_way=True|seed=7,1,True,5,7,ACO,78,78,25.927,5.5
blocks=1|exp=seq|k=5|one_way=True|seed=7,1,True,5,7,ALO,78,78,202.218,20.2
blocks=1|exp=seq|k=5|one_way=True|seed=7,1,True,5,7,Hybrid,78,78,0.105,1.1
blocks=1|exp=seq|k=5|one_way=True|seed=8,1,True,5,8,HeldKarp,90,90,0.112,3.8
blocks=1|exp=seq|k=5|one_way=True|seed=8,1,True,5,8,NN,90,90,0.009,1.1
blocks=1|exp=seq|k=5|one_way=True|seed=8,1,True,5,8,NN2opt,90,90,0.027,1.1
blocks=1|exp=seq|k=5|one_way=True|seed=8,1,True,5,8,GA,90,90,225.983,19.8
blocks=1|exp=seq|k=5|one_way=True|seed=8,1,True,5,8,ACO,90,90,24.447,5.4
blocks=1|exp=seq|k=5|one_way=True|seed=8,1,True,5,8,ALO,90,90,205.377,19.9
blocks=1|exp=seq|k=5|one_way=True|seed=8,1,True,5,8,Hybrid,90,90,0.11,1.1
blocks=1|exp=seq|k=5|one_way=True|seed=12,1,True,5,12,HeldKarp,96,96,0.123,3.8
blocks=1|exp=seq|k=5|one_way=True|seed=12,1,True,5,12,NN,96,96,0.01,1.1
blocks=1|exp=seq|k=5|one_way=True|seed=12,1,True,5,12,NN2opt,96,96,0.028,1.1
blocks=1|exp=seq|k=5|one_way=True|seed=12,1,True,5,12,GA,96,96,227.023,19.8
blocks=1|exp=seq|k=5|one_way=True|seed=12,1,True,5,12,ACO,96,96,28.511,5.4
blocks=1|exp=seq|k=5|one_way=True|seed=12,1,True,5,12,ALO,102,96,206.787,20.1
blocks=1|exp=seq|k=5|one_way=True|seed=12,1,True,5,12,Hybrid,96,96,0.119,1.1
blocks=1|exp=seq|k=5|one_way=True|seed=9,1,True,5,9,HeldKarp,90,90,0.113,3.8
blocks=1|exp=seq|k=5|one_way=True|seed=9,1,True,5,9,NN,90,90,0.01,1.1
blocks=1|exp=seq|k=5|one_way=True|seed=9,1,True,5,9,NN2opt,90,90,0.029,1.1
blocks=1|exp=seq|k=5|one_way=True|seed=9,1,True,5,9,GA,90,90,234.931,20.0
blocks=1|exp=seq|k=5|one_way=True|seed=9,1,True,5,9,ACO,90,90,24.516,5.4
blocks=1|exp=seq|k=5|one_way=True|seed=9,1,True,5,9,ALO,90,90,208.171,19.7
blocks=1|exp=seq|k=5|one_way=True|seed=9,1,True,5,9,Hybrid,90,90,0.105,1.1
blocks=1|exp=seq|k=5|one_way=True|seed=13,1,True,5,13,HeldKarp,90,90,0.119,3.8
blocks=1|exp=seq|k=5|one_way=True|seed=13,1,True,5,13,NN,96,90,0.008,1.1
blocks=1|exp=seq|k=5|one_way=True|seed=13,1,True,5,13,NN2opt,90,90,0.044,1.1
blocks=1|exp=seq|k=5|one_way=True|seed=13,1,True,5,13,GA,90,90,232.98,20.0
blocks=1|exp=seq|k=5|one_way=True|seed=13,1,True,5,13,ACO,90,90,24.6,5.4
blocks=1|exp=seq|k=5|one_way=True|seed=13,1,True,5,13,ALO,90,90,214.649,19.7
blocks=1|exp=seq|k=5|one_way=True|seed=13,1,True,5,13,Hybrid,90,90,0.219,1.1
blocks=1|exp=seq|k=5|one_way=True|seed=10,1,True,5,10,HeldKarp,78,78,0.115,3.8
blocks=1|exp=seq|k=5|one_way=True|seed=10,1,True,5,10,NN,78,78,0.01,1.1
blocks=1|exp=seq|k=5|one_way=True|seed=10,1,True,5,10,NN2opt,78,78,0.027,1.1
blocks=1|exp=seq|k=5|one_way=True|seed=10,1,True,5,10,GA,78,78,229.08,20.1
blocks=1|exp=seq|k=5|one_way=True|seed=10,1,True,5,10,ACO,78,78,24.478,5.4
blocks=1|exp=seq|k=5|one_way=True|seed=10,1,True,5,10,ALO,78,78,203.973,19.7
blocks=1|exp=seq|k=5|one_way=True|seed=10,1,True,5,10,Hybrid,78,78,0.105,1.1
blocks=1|exp=seq|k=5|one_way=True|seed=15,1,True,5,15,HeldKarp,66,66,0.111,3.7
blocks=1|exp=seq|k=5|one_way=True|seed=15,1,True,5,15,NN,66,66,0.009,1.1
blocks=1|exp=seq|k=5|one_way=True|seed=15,1,True,5,15,NN2opt,66,66,0.028,1.1
blocks=1|exp=seq|k=5|one_way=True|seed=15,1,True,5,15,GA,66,66,232.356,19.9
blocks=1|exp=seq|k=5|one_way=True|seed=15,1,True,5,15,ACO,66,66,23.637,5.4
blocks=1|exp=seq|k=5|one_way=True|seed=15,1,True,5,15,ALO,66,66,219.251,20.7
blocks=1|exp=seq|k=5|one_way=True|seed=15,1,True,5,15,Hybrid,66,66,0.117,1.1
blocks=1|exp=seq|k=5|one_way=True|seed=14,1,True,5,14,HeldKarp,72,72,0.113,3.7
blocks=1|exp=seq|k=5|one_way=True|seed=14,1,True,5,14,NN,72,72,0.009,1.1
blocks=1|exp=seq|k=5|one_way=True|seed=14,1,True,5,14,NN2opt,72,72,0.027,1.1
blocks=1|exp=seq|k=5|one_way=True|seed=14,1,True,5,14,GA,72,72,230.72,19.8
blocks=1|exp=seq|k=5|one_way=True|seed=14,1,True,5,14,ACO,72,72,25.037,5.5
blocks=1|exp=seq|k=5|one_way=True|seed=14,1,True,5,14,ALO,72,72,215.539,19.9
blocks=1|exp=seq|k=5|one_way=True|seed=14,1,True,5,14,Hybrid,72,72,0.115,1.1
blocks=1|exp=seq|k=5|one_way=True|seed=17,1,True,5,17,HeldKarp,78,78,0.123,3.7
blocks=1|exp=seq|k=5|one_way=True|seed=17,1,True,5,17,NN,90,78,0.011,1.1
blocks=1|exp=seq|k=5|one_way=True|seed=17,1,True,5,17,NN2opt,84,78,0.045,1.1
blocks=1|exp=seq|k=5|one_way=True|seed=17,1,True,5,17,GA,78,78,233.504,20.0
blocks=1|exp=seq|k=5|one_way=True|seed=17,1,True,5,17,ACO,78,78,23.873,5.5
blocks=1|exp=seq|k=5|one_way=True|seed=17,1,True,5,17,ALO,78,78,213.98,20.4
blocks=1|exp=seq|k=5|one_way=True|seed=17,1,True,5,17,Hybrid,78,78,0.278,1.1
blocks=1|exp=seq|k=5|one_way=True|seed=16,1,True,5,16,HeldKarp,72,72,0.12,3.7
blocks=1|exp=seq|k=5|one_way=True|seed=16,1,True,5,16,NN,72,72,0.011,1.1
blocks=1|exp=seq|k=5|one_way=True|seed=16,1,True,5,16,NN2opt,72,72,0.028,1.1
blocks=1|exp=seq|k=5|one_way=True|seed=16,1,True,5,16,GA,72,72,227.321,20.1
blocks=1|exp=seq|k=5|one_way=True|seed=16,1,True,5,16,ACO,72,72,24.427,5.4
blocks=1|exp=seq|k=5|one_way=True|seed=16,1,True,5,16,ALO,72,72,217.159,20.9
blocks=1|exp=seq|k=5|one_way=True|seed=16,1,True,5,16,Hybrid,72,72,0.115,1.1
blocks=1|exp=seq|k=5|one_way=True|seed=18,1,True,5,18,HeldKarp,84,84,0.111,3.7
blocks=1|exp=seq|k=5|one_way=True|seed=18,1,True,5,18,NN,90,84,0.009,1.1
blocks=1|exp=seq|k=5|one_way=True|seed=18,1,True,5,18,NN2opt,90,84,0.028,1.1
blocks=1|exp=seq|k=5|one_way=True|seed=18,1,True,5,18,GA,84,84,229.145,20.5
blocks=1|exp=seq|k=5|one_way=True|seed=18,1,True,5,18,ACO,84,84,23.983,5.4
blocks=1|exp=seq|k=5|one_way=True|seed=18,1,True,5,18,ALO,84,84,215.471,19.9
blocks=1|exp=seq|k=5|one_way=True|seed=18,1,True,5,18,Hybrid,84,84,0.222,1.1
blocks=1|exp=seq|k=5|one_way=True|seed=19,1,True,5,19,HeldKarp,66,66,0.117,3.7
blocks=1|exp=seq|k=5|one_way=True|seed=19,1,True,5,19,NN,66,66,0.01,1.1
blocks=1|exp=seq|k=5|one_way=True|seed=19,1,True,5,19,NN2opt,66,66,0.028,1.1
blocks=1|exp=seq|k=5|one_way=True|seed=19,1,True,5,19,GA,66,66,229.38,19.8
blocks=1|exp=seq|k=5|one_way=True|seed=19,1,True,5,19,ACO,66,66,23.34,5.4
blocks=1|exp=seq|k=5|one_way=True|seed=19,1,True,5,19,ALO,66,66,221.086,19.8
blocks=1|exp=seq|k=5|one_way=True|seed=19,1,True,5,19,Hybrid,66,66,0.115,1.1
blocks=1|exp=seq|k=5|one_way=True|seed=20,1,True,5,20,HeldKarp,96,96,0.117,3.7
blocks=1|exp=seq|k=5|one_way=True|seed=20,1,True,5,20,NN,96,96,0.009,1.1
blocks=1|exp=seq|k=5|one_way=True|seed=20,1,True,5,20,NN2opt,96,96,0.028,1.1
blocks=1|exp=seq|k=5|one_way=True|seed=20,1,True,5,20,GA,96,96,229.884,19.8
blocks=1|exp=seq|k=5|one_way=True|seed=20,1,True,5,20,ACO,96,96,23.572,5.4
blocks=1|exp=seq|k=5|one_way=True|seed=20,1,True,5,20,ALO,96,96,226.08,20.0
blocks=1|exp=seq|k=5|one_way=True|seed=20,1,True,5,20,Hybrid,96,96,0.116,1.1
blocks=1|exp=seq|k=5|one_way=True|seed=23,1,True,5,23,HeldKarp,90,90,0.12,3.7
blocks=1|exp=seq|k=5|one_way=True|seed=23,1,True,5,23,NN,90,90,0.01,1.1
blocks=1|exp=seq|k=5|one_way=True|seed=23,1,True,5,23,NN2opt,90,90,0.03,1.1
blocks=1|exp=seq|k=5|one_way=True|seed=23,1,True,5,23,GA,90,90,296.783,19.9
blocks=1|exp=seq|k=5|one_way=True|seed=23,1,True,5,23,ACO,90,90,25.839,5.4
blocks=1|exp=seq|k=5|one_way=True|seed=23,1,True,5,23,ALO,90,90,229.075,19.7
blocks=1|exp=seq|k=5|one_way=True|seed=23,1,True,5,23,Hybrid,90,90,0.114,1.1
blocks=1|exp=seq|k=5|one_way=True|seed=22,1,True,5,22,HeldKarp,78,78,0.131,3.7
blocks=1|exp=seq|k=5|one_way=True|seed=22,1,True,5,22,NN,78,78,0.012,1.1
blocks=1|exp=seq|k=5|one_way=True|seed=22,1,True,5,22,NN2opt,78,78,0.032,1.1
blocks=1|exp=seq|k=5|one_way=True|seed=22,1,True,5,22,GA,78,78,311.126,20.1
blocks=1|exp=seq|k=5|one_way=True|seed=22,1,True,5,22,ACO,78,78,26.533,5.4
blocks=1|exp=seq|k=5|one_way=True|seed=22,1,True,5,22,ALO,78,78,223.229,19.7
blocks=1|exp=seq|k=5|one_way=True|seed=22,1,True,5,22,Hybrid,78,78,0.112,1.1
blocks=1|exp=seq|k=5|one_way=True|seed=21,1,True,5,21,HeldKarp,114,114,0.124,3.7
blocks=1|exp=seq|k=5|one_way=True|seed=21,1,True,5,21,NN,114,114,0.01,1.1
blocks=1|exp=seq|k=5|one_way=True|seed=21,1,True,5,21,NN2opt,114,114,0.031,1.1
blocks=1|exp=seq|k=5|one_way=True|seed=21,1,True,5,21,GA,114,114,301.371,19.9
blocks=1|exp=seq|k=5|one_way=True|seed=21,1,True,5,21,ACO,114,114,25.696,5.4
blocks=1|exp=seq|k=5|one_way=True|seed=21,1,True,5,21,ALO,114,114,240.685,19.8
blocks=1|exp=seq|k=5|one_way=True|seed=21,1,True,5,21,Hybrid,114,114,0.116,1.1
blocks=1|exp=seq|k=5|one_way=True|seed=25,1,True,5,25,HeldKarp,60,60,0.128,3.7
blocks=1|exp=seq|k=5|one_way=True|seed=25,1,True,5,25,NN,60,60,0.012,1.1
blocks=1|exp=seq|k=5|one_way=True|seed=25,1,True,5,25,NN2opt,60,60,0.031,1.1
blocks=1|exp=seq|k=5|one_way=True|seed=25,1,True,5,25,GA,60,60,285.875,20.0
blocks=1|exp=seq|k=5|one_way=True|seed=25,1,True,5,25,ACO,60,60,25.769,5.4
blocks=1|exp=seq|k=5|one_way=True|seed=25,1,True,5,25,ALO,60,60,227.263,20.6
blocks=1|exp=seq|k=5|one_way=True|seed=25,1,True,5,25,Hybrid,60,60,0.115,1.1
blocks=1|exp=seq|k=5|one_way=True|seed=26,1,True,5,26,HeldKarp,96,96,0.131,3.7
blocks=1|exp=seq|k=5|one_way=True|seed=26,1,True,5,26,NN,96,96,0.012,1.1
blocks=1|exp=seq|k=5|one_way=True|seed=26,1,True,5,26,NN2opt,96,96,0.031,1.1
blocks=1|exp=seq|k=5|one_way=True|seed=26,1,True,5,26,GA,96,96,296.466,19.8
blocks=1|exp=seq|k=5|one_way=True|seed=26,1,True,5,26,ACO,96,96,25.899,5.4
blocks=1|exp=seq|k=5|one_way=True|seed=26,1,True,5,26,ALO,96,96,229.795,19.7
blocks=1|exp=seq|k=5|one_way=True|seed=26,1,True,5,26,Hybrid,96,96,0.114,1.1
blocks=1|exp=seq|k=5|one_way=True|seed=27,1,True,5,27,HeldKarp,90,90,0.136,3.7
blocks=1|exp=seq|k=5|one_way=True|seed=27,1,True,5,27,NN,96,90,0.01,1.1
blocks=1|exp=seq|k=5|one_way=True|seed=27,1,True,5,27,NN2opt,90,90,0.051,1.1
blocks=1|exp=seq|k=5|one_way=True|seed=27,1,True,5,27,GA,90,90,323.232,19.6
blocks=1|exp=seq|k=5|one_way=True|seed=27,1,True,5,27,ACO,90,90,26.353,5.5
blocks=1|exp=seq|k=5|one_way=True|seed=27,1,True,5,27,ALO,90,90,238.046,19.9
blocks=1|exp=seq|k=5|one_way=True|seed=27,1,True,5,27,Hybrid,90,90,0.229,1.1
blocks=1|exp=seq|k=5|one_way=True|seed=24,1,True,5,24,HeldKarp,96,96,0.122,3.7
blocks=1|exp=seq|k=5|one_way=True|seed=24,1,True,5,24,NN,114,96,0.01,1.1
blocks=1|exp=seq|k=5|one_way=True|seed=24,1,True,5,24,NN2opt,96,96,0.069,1.1
blocks=1|exp=seq|k=5|one_way=True|seed=24,1,True,5,24,GA,96,96,328.339,19.8
blocks=1|exp=seq|k=5|one_way=True|seed=24,1,True,5,24,ACO,96,96,25.469,5.4
blocks=1|exp=seq|k=5|one_way=True|seed=24,1,True,5,24,ALO,96,96,237.001,21.1
blocks=1|exp=seq|k=5|one_way=True|seed=24,1,True,5,24,Hybrid,96,96,0.256,1.1
blocks=1|exp=seq|k=5|one_way=True|seed=28,1,True,5,28,HeldKarp,66,66,0.126,3.7
blocks=1|exp=seq|k=5|one_way=True|seed=28,1,True,5,28,NN,72,66,0.011,1.1
blocks=1|exp=seq|k=5|one_way=True|seed=28,1,True,5,28,NN2opt,72,66,0.03,1.1
blocks=1|exp=seq|k=5|one_way=True|seed=28,1,True,5,28,GA,66,66,255.341,20.0
blocks=1|exp=seq|k=5|one_way=True|seed=28,1,True,5,28,ACO,66,66,25.557,5.4
blocks=1|exp=seq|k=5|one_way=True|seed=28,1,True,5,28,ALO,66,66,227.888,19.8
blocks=1|exp=seq|k=5|one_way=True|seed=28,1,True,5,28,Hybrid,66,66,0.24,1.1
blocks=1|exp=seq|k=5|one_way=True|seed=29,1,True,5,29,HeldKarp,96,96,0.123,3.7
blocks=1|exp=seq|k=5|one_way=True|seed=29,1,True,5,29,NN,96,96,0.011,1.1
blocks=1|exp=seq|k=5|one_way=True|seed=29,1,True,5,29,NN2opt,96,96,0.03,1.1
blocks=1|exp=seq|k=5|one_way=True|seed=29,1,True,5,29,GA,96,96,254.52,20.2
blocks=1|exp=seq|k=5|one_way=True|seed=29,1,True,5,29,ACO,96,96,26.048,5.5
blocks=1|exp=seq|k=5|one_way=True|seed=29,1,True,5,29,ALO,96,96,223.556,19.7
blocks=1|exp=seq|k=5|one_way=True|seed=29,1,True,5,29,Hybrid,96,96,0.113,1.1
blocks=1|exp=seq|k=8|one_way=True|seed=0,1,True,8,0,HeldKarp,114,114,1.694,60.9
blocks=1|exp=seq|k=8|one_way=True|seed=0,1,True,8,0,NN,114,114,0.018,1.1
blocks=1|exp=seq|k=8|one_way=True|seed=0,1,True,8,0,NN2opt,114,114,0.078,1.1
blocks=1|exp=seq|k=8|one_way=True|seed=0,1,True,8,0,GA,120,114,287.717,20.1
blocks=1|exp=seq|k=8|one_way=True|seed=0,1,True,8,0,ACO,114,114,47.443,8.9
blocks=1|exp=seq|k=8|one_way=True|seed=0,1,True,8,0,ALO,120,114,243.763,28.6
blocks=1|exp=seq|k=8|one_way=True|seed=0,1,True,8,0,Hybrid,114,114,0.344,1.1
blocks=1|exp=seq|k=8|one_way=True|seed=3,1,True,8,3,HeldKarp,90,90,1.719,60.9
blocks=1|exp=seq|k=8|one_way=True|seed=3,1,True,8,3,NN,90,90,0.016,1.1
blocks=1|exp=seq|k=8|one_way=True|seed=3,1,True,8,3,NN2opt,90,90,0.079,1.1
blocks=1|exp=seq|k=8|one_way=True|seed=3,1,True,8,3,GA,90,90,278.554,20.4
blocks=1|exp=seq|k=8|one_way=True|seed=3,1,True,8,3,ACO,90,90,46.574,8.8
blocks=1|exp=seq|k=8|one_way=True|seed=3,1,True,8,3,ALO,108,90,249.583,28.7
blocks=1|exp=seq|k=8|one_way=True|seed=3,1,True,8,3,Hybrid,90,90,0.352,1.1
blocks=1|exp=seq|k=8|one_way=True|seed=1,1,True,8,1,HeldKarp,96,96,1.73,60.9
blocks=1|exp=seq|k=8|one_way=True|seed=1,1,True,8,1,NN,102,96,0.017,1.1
blocks=1|exp=seq|k=8|one_way=True|seed=1,1,True,8,1,NN2opt,102,96,0.079,1.1
blocks=1|exp=seq|k=8|one_way=True|seed=1,1,True,8,1,GA,96,96,283.771,20.3
blocks=1|exp=seq|k=8|one_way=True|seed=1,1,True,8,1,ACO,96,96,46.88,8.9
blocks=1|exp=seq|k=8|one_way=True|seed=1,1,True,8,1,ALO,96,96,252.744,28.8
blocks=1|exp=seq|k=8|one_way=True|seed=1,1,True,8,1,Hybrid,96,96,0.735,1.1
blocks=1|exp=seq|k=8|one_way=True|seed=2,1,True,8,2,HeldKarp,84,84,1.736,60.9
blocks=1|exp=seq|k=8|one_way=True|seed=2,1,True,8,2,NN,84,84,0.016,1.1
blocks=1|exp=seq|k=8|one_way=True|seed=2,1,True,8,2,NN2opt,84,84,0.078,1.1
blocks=1|exp=seq|k=8|one_way=True|seed=2,1,True,8,2,GA,84,84,281.064,20.2
blocks=1|exp=seq|k=8|one_way=True|seed=2,1,True,8,2,ACO,84,84,46.101,8.9
blocks=1|exp=seq|k=8|one_way=True|seed=2,1,True,8,2,ALO,90,84,248.105,28.7
blocks=1|exp=seq|k=8|one_way=True|seed=2,1,True,8,2,Hybrid,84,84,0.34,1.1
blocks=1|exp=seq|k=8|one_way=True|seed=4,1,True,8,4,HeldKarp,114,114,1.716,60.9
blocks=1|exp=seq|k=8|one_way=True|seed=4,1,True,8,4,NN,126,114,0.016,1.1
blocks=1|exp=seq|k=8|one_way=True|seed=4,1,True,8,4,NN2opt,126,114,0.078,1.1
blocks=1|exp=seq|k=8|one_way=True|seed=4,1,True,8,4,GA,114,114,279.522,20.2
blocks=1|exp=seq|k=8|one_way=True|seed=4,1,True,8,4,ACO,114,114,46.277,8.9
blocks=1|exp=seq|k=8|one_way=True|seed=4,1,True,8,4,ALO,132,114,240.918,28.7
blocks=1|exp=seq|k=8|one_way=True|seed=4,1,True,8,4,Hybrid,114,114,0.866,1.1
blocks=1|exp=seq|k=8|one_way=True|seed=5,1,True,8,5,HeldKarp,108,108,1.773,60.9
blocks=1|exp=seq|k=8|one_way=True|seed=5,1,True,8,5,NN,114,108,0.018,1.1
blocks=1|exp=seq|k=8|one_way=True|seed=5,1,True,8,5,NN2opt,114,108,0.077,1.1
blocks=1|exp=seq|k=8|one_way=True|seed=5,1,True,8,5,GA,108,108,276.39,20.5
blocks=1|exp=seq|k=8|one_way=True|seed=5,1,True,8,5,ACO,108,108,48.511,8.9
blocks=1|exp=seq|k=8|one_way=True|seed=5,1,True,8,5,ALO,108,108,247.266,28.6
blocks=1|exp=seq|k=8|one_way=True|seed=5,1,True,8,5,Hybrid,108,108,0.721,1.1
blocks=1|exp=seq|k=8|one_way=True|seed=6,1,True,8,6,HeldKarp,96,96,2.293,60.9
blocks=1|exp=seq|k=8|one_way=True|seed=6,1,True,8,6,NN,96,96,0.017,1.1
blocks=1|exp=seq|k=8|one_way=True|seed=6,1,True,8,6,NN2opt,96,96,0.075,1.1
blocks=1|exp=seq|k=8|one_way=True|seed=6,1,True,8,6,GA,96,96,281.834,20.3
blocks=1|exp=seq|k=8|one_way=True|seed=6,1,True,8,6,ACO,96,96,49.199,8.9
blocks=1|exp=seq|k=8|one_way=True|seed=6,1,True,8,6,ALO,96,96,248.826,28.6
blocks=1|exp=seq|k=8|one_way=True|seed=6,1,True,8,6,Hybrid,96,96,0.41,1.1
blocks=1|exp=seq|k=8|one_way=True|seed=8,1,True,8,8,HeldKarp,96,96,1.595,60.9
blocks=1|exp=seq|k=8|one_way=True|seed=8,1,True,8,8,NN,96,96,0.017,1.1
blocks=1|exp=seq|k=8|one_way=True|seed=8,1,True,8,8,NN2opt,96,96,0.077,1.1
blocks=1|exp=seq|k=8|one_way=True|seed=8,1,True,8,8,GA,96,96,280.926,20.3
blocks=1|exp=seq|k=8|one_way=True|seed=8,1,True,8,8,ACO,96,96,53.527,8.9
blocks=1|exp=seq|k=8|one_way=True|seed=8,1,True,8,8,ALO,96,96,254.031,28.7
blocks=1|exp=seq|k=8|one_way=True|seed=8,1,True,8,8,Hybrid,96,96,0.351,1.1
blocks=1|exp=seq|k=8|one_way=True|seed=7,1,True,8,7,HeldKarp,90,90,1.617,60.9
blocks=1|exp=seq|k=8|one_way=True|seed=7,1,True,8,7,NN,90,90,0.017,1.1
blocks=1|exp=seq|k=8|one_way=True|seed=7,1,True,8,7,NN2opt,90,90,0.076,1.1
blocks=1|exp=seq|k=8|one_way=True|seed=7,1,True,8,7,GA,96,90,283.404,20.3
blocks=1|exp=seq|k=8|one_way=True|seed=7,1,True,8,7,ACO,90,90,48.735,8.9
blocks=1|exp=seq|k=8|one_way=True|seed=7,1,True,8,7,ALO,114,90,270.216,28.7
blocks=1|exp=seq|k=8|one_way=True|seed=7,1,True,8,7,Hybrid,90,90,0.349,1.1
blocks=1|exp=seq|k=8|one_way=True|seed=10,1,True,8,10,HeldKarp,108,108,1.577,60.9
blocks=1|exp=seq|k=8|one_way=True|seed=10,1,True,8,10,NN,114,108,0.018,1.1
blocks=1|exp=seq|k=8|one_way=True|seed=10,1,True,8,10,NN2opt,114,108,0.078,1.1
blocks=1|exp=seq|k=8|one_way=True|seed=10,1,True,8,10,GA,108,108,276.627,20.2
blocks=1|exp=seq|k=8|one_way=True|seed=10,1,True,8,10,ACO,108,108,47.888,8.9
blocks=1|exp=seq|k=8|one_way=True|seed=10,1,True,8,10,ALO,114,108,252.84,28.8
blocks=1|exp=seq|k=8|one_way=True|seed=10,1,True,8,10,Hybrid,108,108,0.914,1.1
blocks=1|exp=seq|k=8|one_way=True|seed=9,1,True,8,9,HeldKarp,96,96,1.56,60.9
blocks=1|exp=seq|k=8|one_way=True|seed=9,1,True,8,9,NN,96,96,0.016,1.1
blocks=1|exp=seq|k=8|one_way=True|seed=9,1,True,8,9,NN2opt,96,96,0.077,1.1
blocks=1|exp=seq|k=8|one_way=True|seed=9,1,True,8,9,GA,96,96,276.774,20.2
blocks=1|exp=seq|k=8|one_way=True|seed=9,1,True,8,9,ACO,96,96,47.494,8.9
blocks=1|exp=seq|k=8|one_way=True|seed=9,1,True,8,9,ALO,120,96,251.752,28.7
blocks=1|exp=seq|k=8|one_way=True|seed=9,1,True,8,9,Hybrid,96,96,0.36,1.1
blocks=1|exp=seq|k=8|one_way=True|seed=11,1,True,8,11,HeldKarp,78,78,1.627,60.9
blocks=1|exp=seq|k=8|one_way=True|seed=11,1,True,8,11,NN,84,78,0.016,1.1
blocks=1|exp=seq|k=8|one_way=True|seed=11,1,True,8,11,NN2opt,84,78,0.078,1.1
blocks=1|exp=seq|k=8|one_way=True|seed=11,1,True,8,11,GA,78,78,275.663,20.3
blocks=1|exp=seq|k=8|one_way=True|seed=11,1,True,8,11,ACO,78,78,46.808,8.9
blocks=1|exp=seq|k=8|one_way=True|seed=11,1,True,8,11,ALO,84,78,251.213,28.7
blocks=1|exp=seq|k=8|one_way=True|seed=11,1,True,8,11,Hybrid,78,78,0.784,1.1
blocks=1|exp=seq|k=8|one_way=True|seed=12,1,True,8,12,HeldKarp,114,114,1.756,60.9
blocks=1|exp=seq|k=8|one_way=True|seed=12,1,True,8,12,NN,114,114,0.019,1.1
blocks=1|exp=seq|k=8|one_way=True|seed=12,1,True,8,12,NN2opt,114,114,0.08,1.1
blocks=1|exp=seq|k=8|one_way=True|seed=12,1,True,8,12,GA,114,114,313.262,20.2
blocks=1|exp=seq|k=8|one_way=True|seed=12,1,True,8,12,ACO,114,114,50.706,8.9
blocks=1|exp=seq|k=8|one_way=True|seed=12,1,True,8,12,ALO,138,114,242.956,28.6
blocks=1|exp=seq|k=8|one_way=True|seed=12,1,True,8,12,Hybrid,114,114,0.336,1.1
blocks=1|exp=seq|k=8|one_way=True|seed=13,1,True,8,13,HeldKarp,96,96,1.766,60.9
blocks=1|exp=seq|k=8|one_way=True|seed=13,1,True,8,13,NN,96,96,0.022,1.1
blocks=1|exp=seq|k=8|one_way=True|seed=13,1,True,8,13,NN2opt,96,96,0.12,1.1
blocks=1|exp=seq|k=8|one_way=True|seed=13,1,True,8,13,GA,96,96,303.631,20.3
blocks=1|exp=seq|k=8|one_way=True|seed=13,1,True,8,13,ACO,96,96,50.176,8.9
blocks=1|exp=seq|k=8|one_way=True|seed=13,1,True,8,13,ALO,114,96,241.49,28.6
blocks=1|exp=seq|k=8|one_way=True|seed=13,1,True,8,13,Hybrid,96,96,0.342,1.1
blocks=1|exp=seq|k=8|one_way=True|seed=16,1,True,8,16,HeldKarp,96,96,1.64,60.9
blocks=1|exp=seq|k=8|one_way=True|seed=16,1,True,8,16,NN,96,96,0.019,1.1
blocks=1|exp=seq|k=8|one_way=True|seed=16,1,True,8,16,NN2opt,96,96,0.08,1.1
blocks=1|exp=seq|k=8|one_way=True|seed=16,1,True,8,16,GA,96,96,296.652,20.6
blocks=1|exp=seq|k=8|one_way=True|seed=16,1,True,8,16,ACO,96,96,48.853,8.9
blocks=1|exp=seq|k=8|one_way=True|seed=16,1,True,8,16,ALO,114,96,251.707,28.7
blocks=1|exp=seq|k=8|one_way=True|seed=16,1,True,8,16,Hybrid,96,96,0.348,1.1
blocks=1|exp=seq|k=8|one_way=True|seed=14,1,True,8,14,HeldKarp,114,114,1.69,60.9
blocks=1|exp=seq|k=8|one_way=True|seed=14,1,True,8,14,NN,114,114,0.019,1.1
blocks=1|exp=seq|k=8|one_way=True|seed=14,1,True,8,14,NN2opt,114,114,0.08,1.1
blocks=1|exp=seq|k=8|one_way=True|seed=14,1,True,8,14,GA,114,114,306.615,20.2
blocks=1|exp=seq|k=8|one_way=True|seed=14,1,True,8,14,ACO,114,114,47.645,8.9
blocks=1|exp=seq|k=8|one_way=True|seed=14,1,True,8,14,ALO,114,114,244.14,28.7
blocks=1|exp=seq|k=8|one_way=True|seed=14,1,True,8,14,Hybrid,114,114,0.367,1.1
blocks=1|exp=seq|k=8|one_way=True|seed=15,1,True,8,15,HeldKarp,96,96,1.62,60.9
blocks=1|exp=seq|k=8|one_way=True|seed=15,1,True,8,15,NN,96,96,0.018,1.1
blocks=1|exp=seq|k=8|one_way=True|seed=15,1,True,8,15,NN2opt,96,96,0.081,1.1
blocks=1|exp=seq|k=8|one_way=True|seed=15,1,True,8,15,GA,96,96,325.161,20.4
blocks=1|exp=seq|k=8|one_way=True|seed=15,1,True,8,15,ACO,96,96,46.948,8.9
blocks=1|exp=seq|k=8|one_way=True|seed=15,1,True,8,15,ALO,96,96,239.93,29.9
blocks=1|exp=seq|k=8|one_way=True|seed=15,1,True,8,15,Hybrid,96,96,0.347,1.1
blocks=1|exp=seq|k=8|one_way=True|seed=17,1,True,8,17,HeldKarp,84,84,1.67,60.9
blocks=1|exp=seq|k=8|one_way=True|seed=17,1,True,8,17,NN,90,84,0.019,1.1
blocks=1|exp=seq|k=8|one_way=True|seed=17,1,True,8,17,NN2opt,84,84,0.144,1.1
blocks=1|exp=seq|k=8|one_way=True|seed=17,1,True,8,17,GA,84,84,314.373,20.2
blocks=1|exp=seq|k=8|one_way=True|seed=17,1,True,8,17,ACO,84,84,47.08,8.9
blocks=1|exp=seq|k=8|one_way=True|seed=17,1,True,8,17,ALO,102,84,245.359,28.7
blocks=1|exp=seq|k=8|one_way=True|seed=17,1,True,8,17,Hybrid,84,84,0.835,1.1
blocks=1|exp=seq|k=8|one_way=True|seed=18,1,True,8,18,HeldKarp,96,96,2.777,60.9
blocks=1|exp=seq|k=8|one_way=True|seed=18,1,True,8,18,NN,114,96,0.018,1.1
blocks=1|exp=seq|k=8|one_way=True|seed=18,1,True,8,18,NN2opt,114,96,0.08,1.1
blocks=1|exp=seq|k=8|one_way=True|seed=18,1,True,8,18,GA,96,96,286.844,20.1
blocks=1|exp=seq|k=8|one_way=True|seed=18,1,True,8,18,ACO,96,96,46.313,8.9
blocks=1|exp=seq|k=8|one_way=True|seed=18,1,True,8,18,ALO,108,96,237.686,28.7
blocks=1|exp=seq|k=8|one_way=True|seed=18,1,True,8,18,Hybrid,96,96,0.895,1.1
blocks=1|exp=seq|k=8|one_way=True|seed=20,1,True,8,20,HeldKarp,114,114,1.599,60.9
blocks=1|exp=seq|k=8|one_way=True|seed=20,1,True,8,20,NN,114,114,0.017,1.1
blocks=1|exp=seq|k=8|one_way=True|seed=20,1,True,8,20,NN2opt,114,114,0.078,1.1
blocks=1|exp=seq|k=8|one_way=True|seed=20,1,True,8,20,GA,114,114,291.188,20.5
blocks=1|exp=seq|k=8|one_way=True|seed=20,1,True,8,20,ACO,114,114,47.943,8.9
blocks=1|exp=seq|k=8|one_way=True|seed=20,1,True,8,20,ALO,114,114,256.824,28.6
blocks=1|exp=seq|k=8|one_way=True|seed=20,1,True,8,20,Hybrid,114,114,0.34,1.1
blocks=1|exp=seq|k=8|one_way=True|seed=19,1,True,8,19,HeldKarp,96,96,1.558,60.9
blocks=1|exp=seq|k=8|one_way=True|seed=19,1,True,8,19,NN,102,96,0.017,1.1
blocks=1|exp=seq|k=8|one_way=True|seed=19,1,True,8,19,NN2opt,102,96,0.076,1.1
blocks=1|exp=seq|k=8|one_way=True|seed=19,1,True,8,19,GA,96,96,289.777,20.6
blocks=1|exp=seq|k=8|one_way=True|seed=19,1,True,8,19,ACO,96,96,48.781,8.9
blocks=1|exp=seq|k=8|one_way=True|seed=19,1,True,8,19,ALO,120,96,256.048,28.8
blocks=1|exp=seq|k=8|one_way=True|seed=19,1,True,8,19,Hybrid,96,96,0.791,1.1
blocks=1|exp=seq|k=8|one_way=True|seed=21,1,True,8,21,HeldKarp,114,114,2.049,60.9
blocks=1|exp=seq|k=8|one_way=True|seed=21,1,True,8,21,NN,114,114,0.019,1.1
blocks=1|exp=seq|k=8|one_way=True|seed=21,1,True,8,21,NN2opt,114,114,0.079,1.1
blocks=1|exp=seq|k=8|one_way=True|seed=21,1,True,8,21,GA,114,114,289.239,20.5
blocks=1|exp=seq|k=8|one_way=True|seed=21,1,True,8,21,ACO,114,114,47.171,8.9
blocks=1|exp=seq|k=8|one_way=True|seed=21,1,True,8,21,ALO,126,114,256.463,28.7
blocks=1|exp=seq|k=8|one_way=True|seed=21,1,True,8,21,Hybrid,114,114,0.35,1.1
blocks=1|exp=seq|k=8|one_way=True|seed=22,1,True,8,22,HeldKarp,90,90,1.683,60.9
blocks=1|exp=seq|k=8|one_way=True|seed=22,1,True,8,22,NN,96,90,0.017,1.1
blocks=1|exp=seq|k=8|one_way=True|seed=22,1,True,8,22,NN2opt,90,90,0.139,1.1
blocks=1|exp=seq|k=8|one_way=True|seed=22,1,True,8,22,GA,90,90,282.548,20.2
blocks=1|exp=seq|k=8|one_way=True|seed=22,1,True,8,22,ACO,90,90,46.433,8.9
blocks=1|exp=seq|k=8|one_way=True|seed=22,1,True,8,22,ALO,96,90,263.39,29.6
blocks=1|exp=seq|k=8|one_way=True|seed=22,1,True,8,22,Hybrid,90,90,0.854,1.1
blocks=1|exp=seq|k=8|one_way=True|seed=23,1,True,8,23,HeldKarp,72,72,1.638,60.9
blocks=1|exp=seq|k=8|one_way=True|seed=23,1,True,8,23,NN,72,72,0.02,1.1
blocks=1|exp=seq|k=8|one_way=True|seed=23,1,True,8,23,NN2opt,72,72,0.079,1.1
blocks=1|exp=seq|k=8|one_way=True|seed=23,1,True,8,23,GA,72,72,290.25,20.4
blocks=1|exp=seq|k=8|one_way=True|seed=23,1,True,8,23,ACO,72,72,46.93,8.9
blocks=1|exp=seq|k=8|one_way=True|seed=23,1,True,8,23,ALO,90,72,249.339,28.7
blocks=1|exp=seq|k=8|one_way=True|seed=23,1,True,8,23,Hybrid,72,72,0.347,1.1
blocks=1|exp=seq|k=8|one_way=True|seed=24,1,True,8,24,HeldKarp,96,96,1.596,60.9
blocks=1|exp=seq|k=8|one_way=True|seed=24,1,True,8,24,NN,96,96,0.016,1.1
blocks=1|exp=seq|k=8|one_way=True|seed=24,1,True,8,24,NN2opt,96,96,0.078,1.1
blocks=1|exp=seq|k=8|one_way=True|seed=24,1,True,8,24,GA,96,96,300.868,20.4
blocks=1|exp=seq|k=8|one_way=True|seed=24,1,True,8,24,ACO,96,96,48.224,8.9
blocks=1|exp=seq|k=8|one_way=True|seed=24,1,True,8,24,ALO,120,96,252.868,28.6
blocks=1|exp=seq|k=8|one_way=True|seed=24,1,True,8,24,Hybrid,96,96,0.338,1.1
blocks=1|exp=seq|k=8|one_way=True|seed=25,1,True,8,25,HeldKarp,96,96,1.637,60.9
blocks=1|exp=seq|k=8|one_way=True|seed=25,1,True,8,25,NN,96,96,0.016,1.1
blocks=1|exp=seq|k=8|one_way=True|seed=25,1,True,8,25,NN2opt,96,96,0.078,1.1
blocks=1|exp=seq|k=8|one_way=True|seed=25,1,True,8,25,GA,96,96,304.373,20.0
blocks=1|exp=seq|k=8|one_way=True|seed=25,1,True,8,25,ACO,96,96,47.555,8.9
blocks=1|exp=seq|k=8|one_way=True|seed=25,1,True,8,25,ALO,102,96,253.75,28.8
blocks=1|exp=seq|k=8|one_way=True|seed=25,1,True,8,25,Hybrid,96,96,0.345,1.1
blocks=1|exp=seq|k=8|one_way=True|seed=26,1,True,8,26,HeldKarp,114,114,1.599,60.9
blocks=1|exp=seq|k=8|one_way=True|seed=26,1,True,8,26,NN,114,114,0.017,1.1
blocks=1|exp=seq|k=8|one_way=True|seed=26,1,True,8,26,NN2opt,114,114,0.09,1.1
blocks=1|exp=seq|k=8|one_way=True|seed=26,1,True,8,26,GA,114,114,288.928,19.9
blocks=1|exp=seq|k=8|one_way=True|seed=26,1,True,8,26,ACO,114,114,49.113,8.9
blocks=1|exp=seq|k=8|one_way=True|seed=26,1,True,8,26,ALO,120,114,260.717,28.6
blocks=1|exp=seq|k=8|one_way=True|seed=26,1,True,8,26,Hybrid,114,114,0.357,1.1
blocks=1|exp=seq|k=8|one_way=True|seed=27,1,True,8,27,HeldKarp,90,90,1.709,60.9
blocks=1|exp=seq|k=8|one_way=True|seed=27,1,True,8,27,NN,96,90,0.018,1.1
blocks=1|exp=seq|k=8|one_way=True|seed=27,1,True,8,27,NN2opt,96,90,0.079,1.1
blocks=1|exp=seq|k=8|one_way=True|seed=27,1,True,8,27,GA,90,90,289.47,20.6
blocks=1|exp=seq|k=8|one_way=True|seed=27,1,True,8,27,ACO,90,90,53.435,8.9
blocks=1|exp=seq|k=8|one_way=True|seed=27,1,True,8,27,ALO,90,90,256.818,28.7
blocks=1|exp=seq|k=8|one_way=True|seed=27,1,True,8,27,Hybrid,90,90,0.8,1.1
blocks=1|exp=seq|k=8|one_way=True|seed=28,1,True,8,28,HeldKarp,96,96,1.628,60.9
blocks=1|exp=seq|k=8|one_way=True|seed=28,1,True,8,28,NN,96,96,0.018,1.1
blocks=1|exp=seq|k=8|one_way=True|seed=28,1,True,8,28,NN2opt,96,96,0.077,1.1
blocks=1|exp=seq|k=8|one_way=True|seed=28,1,True,8,28,GA,96,96,294.265,20.3
blocks=1|exp=seq|k=8|one_way=True|seed=28,1,True,8,28,ACO,96,96,52.272,8.9
blocks=1|exp=seq|k=8|one_way=True|seed=28,1,True,8,28,ALO,114,96,243.324,28.7
blocks=1|exp=seq|k=8|one_way=True|seed=28,1,True,8,28,Hybrid,96,96,0.379,1.1
blocks=1|exp=seq|k=8|one_way=True|seed=29,1,True,8,29,HeldKarp,108,108,1.624,60.9
blocks=1|exp=seq|k=8|one_way=True|seed=29,1,True,8,29,NN,108,108,0.039,1.1
blocks=1|exp=seq|k=8|one_way=True|seed=29,1,True,8,29,NN2opt,108,108,0.175,1.1
blocks=1|exp=seq|k=8|one_way=True|seed=29,1,True,8,29,GA,108,108,285.293,20.3
blocks=1|exp=seq|k=8|one_way=True|seed=29,1,True,8,29,ACO,108,108,49.501,8.8
blocks=1|exp=seq|k=8|one_way=True|seed=29,1,True,8,29,ALO,108,108,272.15,29.0
blocks=1|exp=seq|k=8|one_way=True|seed=29,1,True,8,29,Hybrid,108,108,0.352,1.1
blocks=1|exp=seq|k=10|one_way=True|seed=0,1,True,10,0,HeldKarp,78,78,10.302,286.0
blocks=1|exp=seq|k=10|one_way=True|seed=0,1,True,10,0,NN,78,78,0.023,1.1
blocks=1|exp=seq|k=10|one_way=True|seed=0,1,True,10,0,NN2opt,78,78,0.128,1.1
blocks=1|exp=seq|k=10|one_way=True|seed=0,1,True,10,0,GA,102,78,310.054,27.2
blocks=1|exp=seq|k=10|one_way=True|seed=0,1,True,10,0,ACO,78,78,63.868,11.5
blocks=1|exp=seq|k=10|one_way=True|seed=0,1,True,10,0,ALO,102,78,257.986,34.7
blocks=1|exp=seq|k=10|one_way=True|seed=0,1,True,10,0,Hybrid,78,78,0.605,1.1
blocks=1|exp=seq|k=10|one_way=True|seed=1,1,True,10,1,HeldKarp,108,108,10.19,286.0
blocks=1|exp=seq|k=10|one_way=True|seed=1,1,True,10,1,NN,108,108,0.022,1.1
blocks=1|exp=seq|k=10|one_way=True|seed=1,1,True,10,1,NN2opt,108,108,0.134,1.1
blocks=1|exp=seq|k=10|one_way=True|seed=1,1,True,10,1,GA,114,108,308.45,27.6
blocks=1|exp=seq|k=10|one_way=True|seed=1,1,True,10,1,ACO,108,108,67.164,11.5
blocks=1|exp=seq|k=10|one_way=True|seed=1,1,True,10,1,ALO,156,108,272.679,34.6
blocks=1|exp=seq|k=10|one_way=True|seed=1,1,True,10,1,Hybrid,108,108,0.637,1.1
blocks=1|exp=seq|k=10|one_way=True|seed=2,1,True,10,2,HeldKarp,108,108,14.316,286.0
blocks=1|exp=seq|k=10|one_way=True|seed=2,1,True,10,2,NN,108,108,0.022,1.1
blocks=1|exp=seq|k=10|one_way=True|seed=2,1,True,10,2,NN2opt,108,108,0.128,1.1
blocks=1|exp=seq|k=10|one_way=True|seed=2,1,True,10,2,GA,108,108,301.332,27.4
blocks=1|exp=seq|k=10|one_way=True|seed=2,1,True,10,2,ACO,108,108,66.889,11.6
blocks=1|exp=seq|k=10|one_way=True|seed=2,1,True,10,2,ALO,138,108,275.296,34.7
blocks=1|exp=seq|k=10|one_way=True|seed=2,1,True,10,2,Hybrid,108,108,0.646,1.1
blocks=1|exp=seq|k=10|one_way=True|seed=4,1,True,10,4,HeldKarp,108,108,10.142,286.0
blocks=1|exp=seq|k=10|one_way=True|seed=4,1,True,10,4,NN,108,108,0.025,1.1
blocks=1|exp=seq|k=10|one_way=True|seed=4,1,True,10,4,NN2opt,108,108,0.131,1.1
blocks=1|exp=seq|k=10|one_way=True|seed=4,1,True,10,4,GA,108,108,316.32,27.3
blocks=1|exp=seq|k=10|one_way=True|seed=4,1,True,10,4,ACO,108,108,66.462,11.6
blocks=1|exp=seq|k=10|one_way=True|seed=4,1,True,10,4,ALO,132,108,260.809,34.6
blocks=1|exp=seq|k=10|one_way=True|seed=4,1,True,10,4,Hybrid,108,108,0.603,1.1
blocks=1|exp=seq|k=10|one_way=True|seed=3,1,True,10,3,HeldKarp,72,72,10.228,286.0
blocks=1|exp=seq|k=10|one_way=True|seed=3,1,True,10,3,NN,72,72,0.023,1.1
blocks=1|exp=seq|k=10|one_way=True|seed=3,1,True,10,3,NN2opt,72,72,0.128,1.1
blocks=1|exp=seq|k=10|one_way=True|seed=3,1,True,10,3,GA,96,72,331.784,27.4
blocks=1|exp=seq|k=10|one_way=True|seed=3,1,True,10,3,ACO,72,72,66.529,11.6
blocks=1|exp=seq|k=10|one_way=True|seed=3,1,True,10,3,ALO,162,72,259.6,34.6
blocks=1|exp=seq|k=10|one_way=True|seed=3,1,True,10,3,Hybrid,72,72,0.614,1.1
blocks=1|exp=seq|k=10|one_way=True|seed=5,1,True,10,5,HeldKarp,84,84,10.211,286.0
blocks=1|exp=seq|k=10|one_way=True|seed=5,1,True,10,5,NN,84,84,0.024,1.1
blocks=1|exp=seq|k=10|one_way=True|seed=5,1,True,10,5,NN2opt,84,84,0.131,1.1
blocks=1|exp=seq|k=10|one_way=True|seed=5,1,True,10,5,GA,90,84,305.189,27.5
blocks=1|exp=seq|k=10|one_way=True|seed=5,1,True,10,5,ACO,84,84,68.704,11.6
blocks=1|exp=seq|k=10|one_way=True|seed=5,1,True,10,5,ALO,126,84,254.263,34.7
blocks=1|exp=seq|k=10|one_way=True|seed=5,1,True,10,5,Hybrid,84,84,0.627,1.1
blocks=1|exp=seq|k=10|one_way=True|seed=6,1,True,10,6,HeldKarp,96,96,10.407,286.0
blocks=1|exp=seq|k=10|one_way=True|seed=6,1,True,10,6,NN,96,96,0.023,1.1
blocks=1|exp=seq|k=10|one_way=True|seed=6,1,True,10,6,NN2opt,96,96,0.13,1.1
blocks=1|exp=seq|k=10|one_way=True|seed=6,1,True,10,6,GA,96,96,305.82,27.4
blocks=1|exp=seq|k=10|one_way=True|seed=6,1,True,10,6,ACO,96,96,66.151,11.5
blocks=1|exp=seq|k=10|one_way=True|seed=6,1,True,10,6,ALO,120,96,265.934,35.6
blocks=1|exp=seq|k=10|one_way=True|seed=6,1,True,10,6,Hybrid,96,96,0.64,1.1
blocks=1|exp=seq|k=10|one_way=True|seed=7,1,True,10,7,HeldKarp,90,90,10.07,286.0
blocks=1|exp=seq|k=10|one_way=True|seed=7,1,True,10,7,NN,96,90,0.084,1.1
blocks=1|exp=seq|k=10|one_way=True|seed=7,1,True,10,7,NN2opt,96,90,0.259,1.1
blocks=1|exp=seq|k=10|one_way=True|seed=7,1,True,10,7,GA,90,90,352.918,27.7
blocks=1|exp=seq|k=10|one_way=True|seed=7,1,True,10,7,ACO,90,90,66.08,11.6
blocks=1|exp=seq|k=10|one_way=True|seed=7,1,True,10,7,ALO,108,90,252.171,34.6
blocks=1|exp=seq|k=10|one_way=True|seed=7,1,True,10,7,Hybrid,90,90,1.319,1.1
blocks=1|exp=seq|k=10|one_way=True|seed=8,1,True,10,8,HeldKarp,84,84,10.704,286.0
blocks=1|exp=seq|k=10|one_way=True|seed=8,1,True,10,8,NN,84,84,0.023,1.1
blocks=1|exp=seq|k=10|one_way=True|seed=8,1,True,10,8,NN2opt,84,84,0.138,1.1
blocks=1|exp=seq|k=10|one_way=True|seed=8,1,True,10,8,GA,84,84,317.669,27.5
blocks=1|exp=seq|k=10|one_way=True|seed=8,1,True,10,8,ACO,84,84,66.709,11.6
blocks=1|exp=seq|k=10|one_way=True|seed=8,1,True,10,8,ALO,84,84,256.087,35.5
blocks=1|exp=seq|k=10|one_way=True|seed=8,1,True,10,8,Hybrid,84,84,0.63,1.1
blocks=1|exp=seq|k=10|one_way=True|seed=9,1,True,10,9,HeldKarp,96,96,10.942,286.0
blocks=1|exp=seq|k=10|one_way=True|seed=9,1,True,10,9,NN,102,96,0.023,1.1
blocks=1|exp=seq|k=10|one_way=True|seed=9,1,True,10,9,NN2opt,102,96,0.13,1.1
blocks=1|exp=seq|k=10|one_way=True|seed=9,1,True,10,9,GA,102,96,368.193,27.2
blocks=1|exp=seq|k=10|one_way=True|seed=9,1,True,10,9,ACO,96,96,65.504,11.6
blocks=1|exp=seq|k=10|one_way=True|seed=9,1,True,10,9,ALO,138,96,257.494,34.7
blocks=1|exp=seq|k=10|one_way=True|seed=9,1,True,10,9,Hybrid,96,96,1.488,1.1
blocks=1|exp=seq|k=10|one_way=True|seed=11,1,True,10,11,HeldKarp,84,84,10.121,286.0
blocks=1|exp=seq|k=10|one_way=True|seed=11,1,True,10,11,NN,90,84,0.023,1.1
blocks=1|exp=seq|k=10|one_way=True|seed=11,1,True,10,11,NN2opt,90,84,0.129,1.1
blocks=1|exp=seq|k=10|one_way=True|seed=11,1,True,10,11,GA,96,84,308.909,27.3
blocks=1|exp=seq|k=10|one_way=True|seed=11,1,True,10,11,ACO,84,84,76.531,11.6
blocks=1|exp=seq|k=10|one_way=True|seed=11,1,True,10,11,ALO,108,84,286.462,34.6
blocks=1|exp=seq|k=10|one_way=True|seed=11,1,True,10,11,Hybrid,84,84,1.438,1.1
blocks=1|exp=seq|k=10|one_way=True|seed=10,1,True,10,10,HeldKarp,114,114,10.233,286.0
blocks=1|exp=seq|k=10|one_way=True|seed=10,1,True,10,10,NN,114,114,0.024,1.1
blocks=1|exp=seq|k=10|one_way=True|seed=10,1,True,10,10,NN2opt,114,114,0.134,1.1
blocks=1|exp=seq|k=10|one_way=True|seed=10,1,True,10,10,GA,114,114,303.868,27.7
blocks=1|exp=seq|k=10|one_way=True|seed=10,1,True,10,10,ACO,114,114,73.854,11.6
blocks=1|exp=seq|k=10|one_way=True|seed=10,1,True,10,10,ALO,138,114,282.462,35.0
blocks=1|exp=seq|k=10|one_way=True|seed=10,1,True,10,10,Hybrid,114,114,0.617,1.1
blocks=1|exp=seq|k=10|one_way=True|seed=12,1,True,10,12,HeldKarp,114,114,10.233,286.0
blocks=1|exp=seq|k=10|one_way=True|seed=12,1,True,10,12,NN,114,114,0.023,1.1
blocks=1|exp=seq|k=10|one_way=True|seed=12,1,True,10,12,NN2opt,114,114,0.13,1.1
blocks=1|exp=seq|k=10|one_way=True|seed=12,1,True,10,12,GA,126,114,308.833,27.5
blocks=1|exp=seq|k=10|one_way=True|seed=12,1,True,10,12,ACO,114,114,71.01,11.6
blocks=1|exp=seq|k=10|one_way=True|seed=12,1,True,10,12,ALO,150,114,273.098,34.7
blocks=1|exp=seq|k=10|one_way=True|seed=12,1,True,10,12,Hybrid,114,114,0.635,1.1
blocks=1|exp=seq|k=10|one_way=True|seed=13,1,True,10,13,HeldKarp,102,102,10.555,286.0
blocks=1|exp=seq|k=10|one_way=True|seed=13,1,True,10,13,NN,102,102,0.024,1.1
blocks=1|exp=seq|k=10|one_way=True|seed=13,1,True,10,13,NN2opt,102,102,0.14,1.1
blocks=1|exp=seq|k=10|one_way=True|seed=13,1,True,10,13,GA,102,102,313.878,27.7
blocks=1|exp=seq|k=10|one_way=True|seed=13,1,True,10,13,ACO,102,102,65.799,11.6
blocks=1|exp=seq|k=10|one_way=True|seed=13,1,True,10,13,ALO,132,102,272.3,34.7
blocks=1|exp=seq|k=10|one_way=True|seed=13,1,True,10,13,Hybrid,102,102,0.647,1.1
blocks=1|exp=seq|k=10|one_way=True|seed=14,1,True,10,14,HeldKarp,114,114,11.807,286.0
blocks=1|exp=seq|k=10|one_way=True|seed=14,1,True,10,14,NN,120,114,0.025,1.1
blocks=1|exp=seq|k=10|one_way=True|seed=14,1,True,10,14,NN2opt,120,114,0.133,1.1
blocks=1|exp=seq|k=10|one_way=True|seed=14,1,True,10,14,GA,114,114,317.814,27.2
blocks=1|exp=seq|k=10|one_way=True|seed=14,1,True,10,14,ACO,114,114,65.363,11.6
blocks=1|exp=seq|k=10|one_way=True|seed=14,1,True,10,14,ALO,138,114,272.526,34.7
blocks=1|exp=seq|k=10|one_way=True|seed=14,1,True,10,14,Hybrid,114,114,1.343,1.1
blocks=1|exp=seq|k=10|one_way=True|seed=15,1,True,10,15,HeldKarp,114,114,10.868,286.0
blocks=1|exp=seq|k=10|one_way=True|seed=15,1,True,10,15,NN,114,114,0.023,1.1
blocks=1|exp=seq|k=10|one_way=True|seed=15,1,True,10,15,NN2opt,114,114,0.134,1.1
blocks=1|exp=seq|k=10|one_way=True|seed=15,1,True,10,15,GA,114,114,323.267,27.5
blocks=1|exp=seq|k=10|one_way=True|seed=15,1,True,10,15,ACO,114,114,64.78,11.6
blocks=1|exp=seq|k=10|one_way=True|seed=15,1,True,10,15,ALO,150,114,269.672,34.7
blocks=1|exp=seq|k=10|one_way=True|seed=15,1,True,10,15,Hybrid,114,114,0.633,1.1
blocks=1|exp=seq|k=10|one_way=True|seed=16,1,True,10,16,HeldKarp,96,96,10.734,286.0
blocks=1|exp=seq|k=10|one_way=True|seed=16,1,True,10,16,NN,96,96,0.023,1.1
blocks=1|exp=seq|k=10|one_way=True|seed=16,1,True,10,16,NN2opt,96,96,0.131,1.1
blocks=1|exp=seq|k=10|one_way=True|seed=16,1,True,10,16,GA,96,96,314.34,27.8
blocks=1|exp=seq|k=10|one_way=True|seed=16,1,True,10,16,ACO,96,96,64.451,11.6
blocks=1|exp=seq|k=10|one_way=True|seed=16,1,True,10,16,ALO,114,96,282.348,35.8
blocks=1|exp=seq|k=10|one_way=True|seed=16,1,True,10,16,Hybrid,96,96,0.652,1.1
blocks=1|exp=seq|k=10|one_way=True|seed=17,1,True,10,17,HeldKarp,108,108,10.413,286.0
blocks=1|exp=seq|k=10|one_way=True|seed=17,1,True,10,17,NN,114,108,0.025,1.1
blocks=1|exp=seq|k=10|one_way=True|seed=17,1,True,10,17,NN2opt,114,108,0.133,1.1
blocks=1|exp=seq|k=10|one_way=True|seed=17,1,True,10,17,GA,108,108,327.456,27.4
blocks=1|exp=seq|k=10|one_way=True|seed=17,1,True,10,17,ACO,108,108,67.419,11.5
blocks=1|exp=seq|k=10|one_way=True|seed=17,1,True,10,17,ALO,138,108,262.584,34.6
blocks=1|exp=seq|k=10|one_way=True|seed=17,1,True,10,17,Hybrid,108,108,1.603,1.1
blocks=1|exp=seq|k=10|one_way=True|seed=18,1,True,10,18,HeldKarp,96,96,11.247,286.0
blocks=1|exp=seq|k=10|one_way=True|seed=18,1,True,10,18,NN,108,96,0.024,1.1
blocks=1|exp=seq|k=10|one_way=True|seed=18,1,True,10,18,NN2opt,102,96,0.239,1.1
blocks=1|exp=seq|k=10|one_way=True|seed=18,1,True,10,18,GA,96,96,327.211,27.8
blocks=1|exp=seq|k=10|one_way=True|seed=18,1,True,10,18,ACO,96,96,67.758,11.6
blocks=1|exp=seq|k=10|one_way=True|seed=18,1,True,10,18,ALO,132,96,305.053,34.7
blocks=1|exp=seq|k=10|one_way=True|seed=18,1,True,10,18,Hybrid,96,96,1.422,1.1
blocks=1|exp=seq|k=10|one_way=True|seed=19,1,True,10,19,HeldKarp,96,96,10.662,286.0
blocks=1|exp=seq|k=10|one_way=True|seed=19,1,True,10,19,NN,96,96,0.025,1.1
blocks=1|exp=seq|k=10|one_way=True|seed=19,1,True,10,19,NN2opt,96,96,0.132,1.1
blocks=1|exp=seq|k=10|one_way=True|seed=19,1,True,10,19,GA,96,96,338.722,27.3
blocks=1|exp=seq|k=10|one_way=True|seed=19,1,True,10,19,ACO,96,96,69.735,11.6
blocks=1|exp=seq|k=10|one_way=True|seed=19,1,True,10,19,ALO,126,96,257.857,34.7
blocks=1|exp=seq|k=10|one_way=True|seed=19,1,True,10,19,Hybrid,96,96,0.625,1.1
blocks=1|exp=seq|k=10|one_way=True|seed=20,1,True,10,20,HeldKarp,90,90,10.433,286.0
blocks=1|exp=seq|k=10|one_way=True|seed=20,1,True,10,20,NN,108,90,0.023,1.1
blocks=1|exp=seq|k=10|one_way=True|seed=20,1,True,10,20,NN2opt,108,90,0.133,1.1
blocks=1|exp=seq|k=10|one_way=True|seed=20,1,True,10,20,GA,90,90,335.896,27.8
blocks=1|exp=seq|k=10|one_way=True|seed=20,1,True,10,20,ACO,90,90,67.087,11.6
blocks=1|exp=seq|k=10|one_way=True|seed=20,1,True,10,20,ALO,108,90,258.329,34.7
blocks=1|exp=seq|k=10|one_way=True|seed=20,1,True,10,20,Hybrid,90,90,1.495,1.1
blocks=1|exp=seq|k=10|one_way=True|seed=22,1,True,10,22,HeldKarp,108,108,12.312,286.0
blocks=1|exp=seq|k=10|one_way=True|seed=22,1,True,10,22,NN,108,108,0.03,1.1
blocks=1|exp=seq|k=10|one_way=True|seed=22,1,True,10,22,NN2opt,108,108,0.136,1.1
blocks=1|exp=seq|k=10|one_way=True|seed=22,1,True,10,22,GA,108,108,319.545,27.2
blocks=1|exp=seq|k=10|one_way=True|seed=22,1,True,10,22,ACO,108,108,66.406,11.6
blocks=1|exp=seq|k=10|one_way=True|seed=22,1,True,10,22,ALO,114,108,261.857,35.0
blocks=1|exp=seq|k=10|one_way=True|seed=22,1,True,10,22,Hybrid,108,108,0.636,1.1
blocks=1|exp=seq|k=10|one_way=True|seed=21,1,True,10,21,HeldKarp,114,114,11.079,286.0
blocks=1|exp=seq|k=10|one_way=True|seed=21,1,True,10,21,NN,114,114,0.024,1.1
blocks=1|exp=seq|k=10|one_way=True|seed=21,1,True,10,21,NN2opt,114,114,0.139,1.1
blocks=1|exp=seq|k=10|one_way=True|seed=21,1,True,10,21,GA,114,114,328.097,27.5
blocks=1|exp=seq|k=10|one_way=True|seed=21,1,True,10,21,ACO,114,114,88.478,11.5
blocks=1|exp=seq|k=10|one_way=True|seed=21,1,True,10,21,ALO,120,114,262.084,34.8
blocks=1|exp=seq|k=10|one_way=True|seed=21,1,True,10,21,Hybrid,114,114,0.63,1.1
blocks=1|exp=seq|k=10|one_way=True|seed=23,1,True,10,23,HeldKarp,114,114,11.678,286.0
blocks=1|exp=seq|k=10|one_way=True|seed=23,1,True,10,23,NN,114,114,0.027,1.1
blocks=1|exp=seq|k=10|one_way=True|seed=23,1,True,10,23,NN2opt,114,114,0.136,1.1
blocks=1|exp=seq|k=10|one_way=True|seed=23,1,True,10,23,GA,114,114,314.199,27.5
blocks=1|exp=seq|k=10|one_way=True|seed=23,1,True,10,23,ACO,114,114,67.883,11.6
blocks=1|exp=seq|k=10|one_way=True|seed=23,1,True,10,23,ALO,132,114,272.1,34.7
blocks=1|exp=seq|k=10|one_way=True|seed=23,1,True,10,23,Hybrid,114,114,0.649,1.1
blocks=1|exp=seq|k=10|one_way=True|seed=24,1,True,10,24,HeldKarp,114,114,10.352,286.0
blocks=1|exp=seq|k=10|one_way=True|seed=24,1,True,10,24,NN,114,114,0.026,1.1
blocks=1|exp=seq|k=10|one_way=True|seed=24,1,True,10,24,NN2opt,114,114,0.135,1.1
blocks=1|exp=seq|k=10|one_way=True|seed=24,1,True,10,24,GA,126,114,328.679,27.2
blocks=1|exp=seq|k=10|one_way=True|seed=24,1,True,10,24,ACO,114,114,68.374,11.6
blocks=1|exp=seq|k=10|one_way=True|seed=24,1,True,10,24,ALO,114,114,262.082,34.6
blocks=1|exp=seq|k=10|one_way=True|seed=24,1,True,10,24,Hybrid,114,114,0.65,1.1
blocks=1|exp=seq|k=10|one_way=True|seed=25,1,True,10,25,HeldKarp,90,90,10.596,286.0
blocks=1|exp=seq|k=10|one_way=True|seed=25,1,True,10,25,NN,90,90,0.024,1.1
blocks=1|exp=seq|k=10|one_way=True|seed=25,1,True,10,25,NN2opt,90,90,0.137,1.1
blocks=1|exp=seq|k=10|one_way=True|seed=25,1,True,10,25,GA,114,90,317.39,27.3
blocks=1|exp=seq|k=10|one_way=True|seed=25,1,True,10,25,ACO,90,90,66.501,11.6
blocks=1|exp=seq|k=10|one_way=True|seed=25,1,True,10,25,ALO,120,90,265.915,34.7
blocks=1|exp=seq|k=10|one_way=True|seed=25,1,True,10,25,Hybrid,90,90,0.635,1.1
blocks=1|exp=seq|k=10|one_way=True|seed=26,1,True,10,26,HeldKarp,96,96,10.529,286.0
blocks=1|exp=seq|k=10|one_way=True|seed=26,1,True,10,26,NN,102,96,0.028,1.1
blocks=1|exp=seq|k=10|one_way=True|seed=26,1,True,10,26,NN2opt,102,96,0.163,1.1
blocks=1|exp=seq|k=10|one_way=True|seed=26,1,True,10,26,GA,96,96,329.147,27.4
blocks=1|exp=seq|k=10|one_way=True|seed=26,1,True,10,26,ACO,96,96,67.657,11.6
blocks=1|exp=seq|k=10|one_way=True|seed=26,1,True,10,26,ALO,120,96,268.392,34.7
blocks=1|exp=seq|k=10|one_way=True|seed=26,1,True,10,26,Hybrid,96,96,1.611,1.1
blocks=1|exp=seq|k=10|one_way=True|seed=27,1,True,10,27,HeldKarp,114,114,10.249,286.0
blocks=1|exp=seq|k=10|one_way=True|seed=27,1,True,10,27,NN,114,114,0.023,1.1
blocks=1|exp=seq|k=10|one_way=True|seed=27,1,True,10,27,NN2opt,114,114,0.147,1.1
blocks=1|exp=seq|k=10|one_way=True|seed=27,1,True,10,27,GA,114,114,316.011,27.2
blocks=1|exp=seq|k=10|one_way=True|seed=27,1,True,10,27,ACO,114,114,67.491,11.6
blocks=1|exp=seq|k=10|one_way=True|seed=27,1,True,10,27,ALO,162,114,267.703,34.7
blocks=1|exp=seq|k=10|one_way=True|seed=27,1,True,10,27,Hybrid,114,114,0.677,1.1
blocks=1|exp=seq|k=10|one_way=True|seed=28,1,True,10,28,HeldKarp,114,114,10.487,286.0
blocks=1|exp=seq|k=10|one_way=True|seed=28,1,True,10,28,NN,114,114,0.025,1.1
blocks=1|exp=seq|k=10|one_way=True|seed=28,1,True,10,28,NN2opt,114,114,0.138,1.1
blocks=1|exp=seq|k=10|one_way=True|seed=28,1,True,10,28,GA,114,114,319.351,27.5
blocks=1|exp=seq|k=10|one_way=True|seed=28,1,True,10,28,ACO,114,114,66.16,11.6
blocks=1|exp=seq|k=10|one_way=True|seed=28,1,True,10,28,ALO,144,114,267.049,35.1
blocks=1|exp=seq|k=10|one_way=True|seed=28,1,True,10,28,Hybrid,114,114,0.637,1.1
blocks=1|exp=seq|k=10|one_way=True|seed=29,1,True,10,29,HeldKarp,114,114,10.441,286.0
blocks=1|exp=seq|k=10|one_way=True|seed=29,1,True,10,29,NN,120,114,0.023,1.1
blocks=1|exp=seq|k=10|one_way=True|seed=29,1,True,10,29,NN2opt,114,114,0.24,1.1
blocks=1|exp=seq|k=10|one_way=True|seed=29,1,True,10,29,GA,114,114,328.632,27.2
blocks=1|exp=seq|k=10|one_way=True|seed=29,1,True,10,29,ACO,114,114,67.964,11.6
blocks=1|exp=seq|k=10|one_way=True|seed=29,1,True,10,29,ALO,132,114,268.231,34.6
blocks=1|exp=seq|k=10|one_way=True|seed=29,1,True,10,29,Hybrid,114,114,1.428,1.1
blocks=1|exp=seq|k=12|one_way=True|seed=0,1,True,12,0,HeldKarp,114,114,64.967,1277.3
blocks=1|exp=seq|k=12|one_way=True|seed=0,1,True,12,0,NN,132,114,0.03,1.1
blocks=1|exp=seq|k=12|one_way=True|seed=0,1,True,12,0,NN2opt,132,114,0.207,1.1
blocks=1|exp=seq|k=12|one_way=True|seed=0,1,True,12,0,GA,114,114,337.175,27.4
blocks=1|exp=seq|k=12|one_way=True|seed=0,1,True,12,0,ACO,114,114,88.383,14.8
blocks=1|exp=seq|k=12|one_way=True|seed=0,1,True,12,0,ALO,156,114,275.825,40.9
blocks=1|exp=seq|k=12|one_way=True|seed=0,1,True,12,0,Hybrid,114,114,2.379,1.1
blocks=1|exp=seq|k=12|one_way=True|seed=1,1,True,12,1,HeldKarp,114,114,60.06,1277.3
blocks=1|exp=seq|k=12|one_way=True|seed=1,1,True,12,1,NN,120,114,0.034,1.1
blocks=1|exp=seq|k=12|one_way=True|seed=1,1,True,12,1,NN2opt,120,114,0.207,1.1
blocks=1|exp=seq|k=12|one_way=True|seed=1,1,True,12,1,GA,114,114,330.426,27.3
blocks=1|exp=seq|k=12|one_way=True|seed=1,1,True,12,1,ACO,114,114,88.283,14.7
blocks=1|exp=seq|k=12|one_way=True|seed=1,1,True,12,1,ALO,162,114,278.956,40.7
blocks=1|exp=seq|k=12|one_way=True|seed=1,1,True,12,1,Hybrid,114,114,2.206,1.1
blocks=1|exp=seq|k=12|one_way=True|seed=2,1,True,12,2,HeldKarp,108,108,61.895,1277.3
blocks=1|exp=seq|k=12|one_way=True|seed=2,1,True,12,2,NN,108,108,0.03,1.1
blocks=1|exp=seq|k=12|one_way=True|seed=2,1,True,12,2,NN2opt,108,108,0.206,1.1
blocks=1|exp=seq|k=12|one_way=True|seed=2,1,True,12,2,GA,114,108,327.81,27.7
blocks=1|exp=seq|k=12|one_way=True|seed=2,1,True,12,2,ACO,108,108,86.278,14.8
blocks=1|exp=seq|k=12|one_way=True|seed=2,1,True,12,2,ALO,132,108,283.448,40.7
blocks=1|exp=seq|k=12|one_way=True|seed=2,1,True,12,2,Hybrid,108,108,1.041,1.1
blocks=1|exp=seq|k=12|one_way=True|seed=4,1,True,12,4,HeldKarp,114,114,60.993,1277.3
blocks=1|exp=seq|k=12|one_way=True|seed=4,1,True,12,4,NN,114,114,0.03,1.1
blocks=1|exp=seq|k=12|one_way=True|seed=4,1,True,12,4,NN2opt,114,114,0.207,1.1
blocks=1|exp=seq|k=12|one_way=True|seed=4,1,True,12,4,GA,114,114,336.27,27.6
blocks=1|exp=seq|k=12|one_way=True|seed=4,1,True,12,4,ACO,114,114,88.463,14.8
blocks=1|exp=seq|k=12|one_way=True|seed=4,1,True,12,4,ALO,156,114,275.228,40.7
blocks=1|exp=seq|k=12|one_way=True|seed=4,1,True,12,4,Hybrid,114,114,1.608,1.1
blocks=1|exp=seq|k=12|one_way=True|seed=3,1,True,12,3,HeldKarp,114,114,60.898,1277.3
blocks=1|exp=seq|k=12|one_way=True|seed=3,1,True,12,3,NN,126,114,0.03,1.1
blocks=1|exp=seq|k=12|one_way=True|seed=3,1,True,12,3,NN2opt,126,114,0.201,1.1
blocks=1|exp=seq|k=12|one_way=True|seed=3,1,True,12,3,GA,114,114,332.798,28.1
blocks=1|exp=seq|k=12|one_way=True|seed=3,1,True,12,3,ACO,114,114,101.011,14.8
blocks=1|exp=seq|k=12|one_way=True|seed=3,1,True,12,3,ALO,174,114,275.659,40.7
blocks=1|exp=seq|k=12|one_way=True|seed=3,1,True,12,3,Hybrid,114,114,2.704,1.1
blocks=1|exp=seq|k=12|one_way=True|seed=5,1,True,12,5,HeldKarp,114,114,58.907,1277.3
blocks=1|exp=seq|k=12|one_way=True|seed=5,1,True,12,5,NN,120,114,0.03,1.1
blocks=1|exp=seq|k=12|one_way=True|seed=5,1,True,12,5,NN2opt,120,114,0.204,1.1
blocks=1|exp=seq|k=12|one_way=True|seed=5,1,True,12,5,GA,114,114,334.341,27.7
blocks=1|exp=seq|k=12|one_way=True|seed=5,1,True,12,5,ACO,114,114,86.916,14.7
blocks=1|exp=seq|k=12|one_way=True|seed=5,1,True,12,5,ALO,156,114,276.628,40.6
blocks=1|exp=seq|k=12|one_way=True|seed=5,1,True,12,5,Hybrid,120,114,1.037,1.1
blocks=1|exp=seq|k=12|one_way=True|seed=6,1,True,12,6,HeldKarp,102,102,60.905,1277.3
blocks=1|exp=seq|k=12|one_way=True|seed=6,1,True,12,6,NN,102,102,0.03,1.1
blocks=1|exp=seq|k=12|one_way=True|seed=6,1,True,12,6,NN2opt,102,102,0.212,1.1
blocks=1|exp=seq|k=12|one_way=True|seed=6,1,True,12,6,GA,102,102,336.61,27.5
blocks=1|exp=seq|k=12|one_way=True|seed=6,1,True,12,6,ACO,102,102,88.555,14.7
blocks=1|exp=seq|k=12|one_way=True|seed=6,1,True,12,6,ALO,156,102,277.175,40.6
blocks=1|exp=seq|k=12|one_way=True|seed=6,1,True,12,6,Hybrid,102,102,1.025,1.1
blocks=1|exp=seq|k=12|one_way=True|seed=7,1,True,12,7,HeldKarp,114,114,60.56,1277.3
blocks=1|exp=seq|k=12|one_way=True|seed=7,1,True,12,7,NN,120,114,0.031,1.1
blocks=1|exp=seq|k=12|one_way=True|seed=7,1,True,12,7,NN2opt,120,114,0.21,1.1
blocks=1|exp=seq|k=12|one_way=True|seed=7,1,True,12,7,GA,120,114,331.222,27.9
blocks=1|exp=seq|k=12|one_way=True|seed=7,1,True,12,7,ACO,114,114,89.0,14.7
blocks=1|exp=seq|k=12|one_way=True|seed=7,1,True,12,7,ALO,192,114,275.829,40.7
blocks=1|exp=seq|k=12|one_way=True|seed=7,1,True,12,7,Hybrid,120,114,1.058,1.1
blocks=1|exp=seq|k=12|one_way=True|seed=8,1,True,12,8,HeldKarp,108,108,59.966,1277.3
blocks=1|exp=seq|k=12|one_way=True|seed=8,1,True,12,8,NN,108,108,0.032,1.1
blocks=1|exp=seq|k=12|one_way=True|seed=8,1,True,12,8,NN2opt,108,108,0.207,1.1
blocks=1|exp=seq|k=12|one_way=True|seed=8,1,True,12,8,GA,120,108,332.325,27.9
blocks=1|exp=seq|k=12|one_way=True|seed=8,1,True,12,8,ACO,108,108,104.367,14.8
blocks=1|exp=seq|k=12|one_way=True|seed=8,1,True,12,8,ALO,132,108,277.144,40.6
blocks=1|exp=seq|k=12|one_way=True|seed=8,1,True,12,8,Hybrid,108,108,1.035,1.1
blocks=1|exp=seq|k=12|one_way=True|seed=9,1,True,12,9,HeldKarp,114,114,60.341,1277.3
blocks=1|exp=seq|k=12|one_way=True|seed=9,1,True,12,9,NN,114,114,0.032,1.1
blocks=1|exp=seq|k=12|one_way=True|seed=9,1,True,12,9,NN2opt,114,114,0.206,1.1
blocks=1|exp=seq|k=12|one_way=True|seed=9,1,True,12,9,GA,126,114,334.827,27.3
blocks=1|exp=seq|k=12|one_way=True|seed=9,1,True,12,9,ACO,114,114,91.704,14.8
blocks=1|exp=seq|k=12|one_way=True|seed=9,1,True,12,9,ALO,180,114,272.235,40.9
blocks=1|exp=seq|k=12|one_way=True|seed=9,1,True,12,9,Hybrid,114,114,1.031,1.1
blocks=1|exp=seq|k=12|one_way=True|seed=10,1,True,12,10,HeldKarp,108,108,61.113,1277.3
blocks=1|exp=seq|k=12|one_way=True|seed=10,1,True,12,10,NN,108,108,0.03,1.1
blocks=1|exp=seq|k=12|one_way=True|seed=10,1,True,12,10,NN2opt,108,108,0.206,1.1
blocks=1|exp=seq|k=12|one_way=True|seed=10,1,True,12,10,GA,108,108,333.368,27.7
blocks=1|exp=seq|k=12|one_way=True|seed=10,1,True,12,10,ACO,108,108,87.15,14.7
blocks=1|exp=seq|k=12|one_way=True|seed=10,1,True,12,10,ALO,174,108,272.841,40.7
blocks=1|exp=seq|k=12|one_way=True|seed=10,1,True,12,10,Hybrid,108,108,1.048,1.1
blocks=1|exp=seq|k=12|one_way=True|seed=11,1,True,12,11,HeldKarp,114,114,60.615,1277.3
blocks=1|exp=seq|k=12|one_way=True|seed=11,1,True,12,11,NN,114,114,0.03,1.1
blocks=1|exp=seq|k=12|one_way=True|seed=11,1,True,12,11,NN2opt,114,114,0.2,1.1
blocks=1|exp=seq|k=12|one_way=True|seed=11,1,True,12,11,GA,138,114,336.838,27.7
blocks=1|exp=seq|k=12|one_way=True|seed=11,1,True,12,11,ACO,114,114,89.466,14.7
blocks=1|exp=seq|k=12|one_way=True|seed=11,1,True,12,11,ALO,150,114,274.073,40.7
blocks=1|exp=seq|k=12|one_way=True|seed=11,1,True,12,11,Hybrid,114,114,1.074,1.1
blocks=1|exp=seq|k=12|one_way=True|seed=12,1,True,12,12,HeldKarp,114,114,59.76,1277.3
blocks=1|exp=seq|k=12|one_way=True|seed=12,1,True,12,12,NN,114,114,0.031,1.1
blocks=1|exp=seq|k=12|one_way=True|seed=12,1,True,12,12,NN2opt,114,114,0.208,1.1
blocks=1|exp=seq|k=12|one_way=True|seed=12,1,True,12,12,GA,138,114,335.142,27.7
blocks=1|exp=seq|k=12|one_way=True|seed=12,1,True,12,12,ACO,114,114,87.843,14.8
blocks=1|exp=seq|k=12|one_way=True|seed=12,1,True,12,12,ALO,138,114,273.322,40.6
blocks=1|exp=seq|k=12|one_way=True|seed=12,1,True,12,12,Hybrid,114,114,1.0,1.1
blocks=1|exp=seq|k=12|one_way=True|seed=13,1,True,12,13,HeldKarp,114,114,63.737,1277.3
blocks=1|exp=seq|k=12|one_way=True|seed=13,1,True,12,13,NN,114,114,0.03,1.1
blocks=1|exp=seq|k=12|one_way=True|seed=13,1,True,12,13,NN2opt,114,114,0.205,1.1
blocks=1|exp=seq|k=12|one_way=True|seed=13,1,True,12,13,GA,114,114,332.992,27.6
blocks=1|exp=seq|k=12|one_way=True|seed=13,1,True,12,13,ACO,114,114,86.502,14.7
blocks=1|exp=seq|k=12|one_way=True|seed=13,1,True,12,13,ALO,156,114,287.563,41.2
blocks=1|exp=seq|k=12|one_way=True|seed=13,1,True,12,13,Hybrid,114,114,1.059,1.1
blocks=1|exp=seq|k=12|one_way=True|seed=14,1,True,12,14,HeldKarp,114,114,61.022,1277.7
blocks=1|exp=seq|k=12|one_way=True|seed=14,1,True,12,14,NN,126,114,0.041,1.1
blocks=1|exp=seq|k=12|one_way=True|seed=14,1,True,12,14,NN2opt,126,114,0.209,1.1
blocks=1|exp=seq|k=12|one_way=True|seed=14,1,True,12,14,GA,114,114,340.15,27.5
blocks=1|exp=seq|k=12|one_way=True|seed=14,1,True,12,14,ACO,114,114,91.379,14.8
blocks=1|exp=seq|k=12|one_way=True|seed=14,1,True,12,14,ALO,162,114,291.394,40.6
blocks=1|exp=seq|k=12|one_way=True|seed=14,1,True,12,14,Hybrid,120,114,2.436,1.1
blocks=1|exp=seq|k=12|one_way=True|seed=15,1,True,12,15,HeldKarp,114,114,60.598,1277.7
blocks=1|exp=seq|k=12|one_way=True|seed=15,1,True,12,15,NN,114,114,0.033,1.1
blocks=1|exp=seq|k=12|one_way=True|seed=15,1,True,12,15,NN2opt,114,114,0.214,1.1
blocks=1|exp=seq|k=12|one_way=True|seed=15,1,True,12,15,GA,114,114,342.121,27.5
blocks=1|exp=seq|k=12|one_way=True|seed=15,1,True,12,15,ACO,114,114,86.817,14.8
blocks=1|exp=seq|k=12|one_way=True|seed=15,1,True,12,15,ALO,162,114,274.653,42.9
blocks=1|exp=seq|k=12|one_way=True|seed=15,1,True,12,15,Hybrid,114,114,1.025,1.1
blocks=1|exp=seq|k=12|one_way=True|seed=16,1,True,12,16,HeldKarp,108,108,61.268,1277.7
blocks=1|exp=seq|k=12|one_way=True|seed=16,1,True,12,16,NN,108,108,0.031,1.1
blocks=1|exp=seq|k=12|one_way=True|seed=16,1,True,12,16,NN2opt,108,108,0.212,1.1
blocks=1|exp=seq|k=12|one_way=True|seed=16,1,True,12,16,GA,108,108,341.49,27.8
blocks=1|exp=seq|k=12|one_way=True|seed=16,1,True,12,16,ACO,108,108,94.338,14.7
blocks=1|exp=seq|k=12|one_way=True|seed=16,1,True,12,16,ALO,126,108,275.222,40.7
blocks=1|exp=seq|k=12|one_way=True|seed=16,1,True,12,16,Hybrid,108,108,1.029,1.1
blocks=1|exp=seq|k=12|one_way=True|seed=17,1,True,12,17,HeldKarp,96,96,60.95,1277.7
blocks=1|exp=seq|k=12|one_way=True|seed=17,1,True,12,17,NN,96,96,0.03,1.1
blocks=1|exp=seq|k=12|one_way=True|seed=17,1,True,12,17,NN2opt,96,96,0.218,1.1
blocks=1|exp=seq|k=12|one_way=True|seed=17,1,True,12,17,GA,96,96,344.052,27.5
blocks=1|exp=seq|k=12|one_way=True|seed=17,1,True,12,17,ACO,96,96,88.06,14.8
blocks=1|exp=seq|k=12|one_way=True|seed=17,1,True,12,17,ALO,186,96,298.307,40.7
blocks=1|exp=seq|k=12|one_way=True|seed=17,1,True,12,17,Hybrid,96,96,1.079,1.1
blocks=1|exp=seq|k=12|one_way=True|seed=18,1,True,12,18,HeldKarp,114,114,60.48,1277.7
blocks=1|exp=seq|k=12|one_way=True|seed=18,1,True,12,18,NN,114,114,0.031,1.1
blocks=1|exp=seq|k=12|one_way=True|seed=18,1,True,12,18,NN2opt,114,114,0.205,1.1
blocks=1|exp=seq|k=12|one_way=True|seed=18,1,True,12,18,GA,120,114,337.982,27.7
blocks=1|exp=seq|k=12|one_way=True|seed=18,1,True,12,18,ACO,114,114,87.659,14.7
blocks=1|exp=seq|k=12|one_way=True|seed=18,1,True,12,18,ALO,192,114,286.8,42.4
blocks=1|exp=seq|k=12|one_way=True|seed=18,1,True,12,18,Hybrid,114,114,1.056,1.1
blocks=1|exp=seq|k=12|one_way=True|seed=19,1,True,12,19,HeldKarp,114,114,70.584,1277.3
blocks=1|exp=seq|k=12|one_way=True|seed=19,1,True,12,19,NN,120,114,0.031,1.1
blocks=1|exp=seq|k=12|one_way=True|seed=19,1,True,12,19,NN2opt,120,114,0.21,1.1
blocks=1|exp=seq|k=12|one_way=True|seed=19,1,True,12,19,GA,126,114,340.917,28.0
blocks=1|exp=seq|k=12|one_way=True|seed=19,1,True,12,19,ACO,114,114,88.258,14.7
blocks=1|exp=seq|k=12|one_way=True|seed=19,1,True,12,19,ALO,174,114,282.276,40.7
blocks=1|exp=seq|k=12|one_way=True|seed=19,1,True,12,19,Hybrid,114,114,2.215,1.1
blocks=1|exp=seq|k=12|one_way=True|seed=20,1,True,12,20,HeldKarp,114,114,71.533,1277.3
blocks=1|exp=seq|k=12|one_way=True|seed=20,1,True,12,20,NN,120,114,0.031,1.1
blocks=1|exp=seq|k=12|one_way=True|seed=20,1,True,12,20,NN2opt,120,114,0.208,1.1
blocks=1|exp=seq|k=12|one_way=True|seed=20,1,True,12,20,GA,114,114,404.43,27.6
blocks=1|exp=seq|k=12|one_way=True|seed=20,1,True,12,20,ACO,114,114,89.004,14.7
blocks=1|exp=seq|k=12|one_way=True|seed=20,1,True,12,20,ALO,174,114,271.556,40.8
blocks=1|exp=seq|k=12|one_way=True|seed=20,1,True,12,20,Hybrid,114,114,2.117,1.1
blocks=1|exp=seq|k=12|one_way=True|seed=21,1,True,12,21,HeldKarp,114,114,81.318,1277.3
blocks=1|exp=seq|k=12|one_way=True|seed=21,1,True,12,21,NN,120,114,0.03,1.1
blocks=1|exp=seq|k=12|one_way=True|seed=21,1,True,12,21,NN2opt,120,114,0.224,1.1
blocks=1|exp=seq|k=12|one_way=True|seed=21,1,True,12,21,GA,114,114,359.287,27.5
blocks=1|exp=seq|k=12|one_way=True|seed=21,1,True,12,21,ACO,114,114,88.407,14.7
blocks=1|exp=seq|k=12|one_way=True|seed=21,1,True,12,21,ALO,144,114,275.235,40.6
blocks=1|exp=seq|k=12|one_way=True|seed=21,1,True,12,21,Hybrid,114,114,2.242,1.1
blocks=1|exp=seq|k=12|one_way=True|seed=22,1,True,12,22,HeldKarp,114,114,61.998,1277.3
blocks=1|exp=seq|k=12|one_way=True|seed=22,1,True,12,22,NN,114,114,0.03,1.1
blocks=1|exp=seq|k=12|one_way=True|seed=22,1,True,12,22,NN2opt,114,114,0.21,1.1
blocks=1|exp=seq|k=12|one_way=True|seed=22,1,True,12,22,GA,114,114,344.811,27.4
blocks=1|exp=seq|k=12|one_way=True|seed=22,1,True,12,22,ACO,114,114,89.265,14.8
blocks=1|exp=seq|k=12|one_way=True|seed=22,1,True,12,22,ALO,168,114,275.957,40.7
blocks=1|exp=seq|k=12|one_way=True|seed=22,1,True,12,22,Hybrid,114,114,1.035,1.1
blocks=1|exp=seq|k=12|one_way=True|seed=23,1,True,12,23,HeldKarp,108,108,60.7,1277.3
blocks=1|exp=seq|k=12|one_way=True|seed=23,1,True,12,23,NN,114,108,0.032,1.1
blocks=1|exp=seq|k=12|one_way=True|seed=23,1,True,12,23,NN2opt,114,108,0.214,1.1
blocks=1|exp=seq|k=12|one_way=True|seed=23,1,True,12,23,GA,108,108,339.597,27.4
blocks=1|exp=seq|k=12|one_way=True|seed=23,1,True,12,23,ACO,108,108,89.446,14.8
blocks=1|exp=seq|k=12|one_way=True|seed=23,1,True,12,23,ALO,168,108,278.816,40.7
blocks=1|exp=seq|k=12|one_way=True|seed=23,1,True,12,23,Hybrid,114,108,1.106,1.1
blocks=1|exp=seq|k=12|one_way=True|seed=24,1,True,12,24,HeldKarp,96,96,63.972,1277.3
blocks=1|exp=seq|k=12|one_way=True|seed=24,1,True,12,24,NN,96,96,0.03,1.1
blocks=1|exp=seq|k=12|one_way=True|seed=24,1,True,12,24,NN2opt,96,96,0.205,1.1
blocks=1|exp=seq|k=12|one_way=True|seed=24,1,True,12,24,GA,114,96,338.074,27.6
blocks=1|exp=seq|k=12|one_way=True|seed=24,1,True,12,24,ACO,96,96,88.456,14.7
blocks=1|exp=seq|k=12|one_way=True|seed=24,1,True,12,24,ALO,162,96,278.552,40.6
blocks=1|exp=seq|k=12|one_way=True|seed=24,1,True,12,24,Hybrid,96,96,1.013,1.1
blocks=1|exp=seq|k=12|one_way=True|seed=25,1,True,12,25,HeldKarp,114,114,62.27,1277.3
blocks=1|exp=seq|k=12|one_way=True|seed=25,1,True,12,25,NN,114,114,0.03,1.1
blocks=1|exp=seq|k=12|one_way=True|seed=25,1,True,12,25,NN2opt,114,114,0.207,1.1
blocks=1|exp=seq|k=12|one_way=True|seed=25,1,True,12,25,GA,132,114,339.332,27.5
blocks=1|exp=seq|k=12|one_way=True|seed=25,1,True,12,25,ACO,114,114,88.475,14.7
blocks=1|exp=seq|k=12|one_way=True|seed=25,1,True,12,25,ALO,138,114,276.124,40.7
blocks=1|exp=seq|k=12|one_way=True|seed=25,1,True,12,25,Hybrid,114,114,1.054,1.1
blocks=1|exp=seq|k=12|one_way=True|seed=26,1,True,12,26,HeldKarp,114,114,61.999,1277.3
blocks=1|exp=seq|k=12|one_way=True|seed=26,1,True,12,26,NN,114,114,0.032,1.1
blocks=1|exp=seq|k=12|one_way=True|seed=26,1,True,12,26,NN2opt,114,114,0.209,1.1
blocks=1|exp=seq|k=12|one_way=True|seed=26,1,True,12,26,GA,114,114,335.739,27.4
blocks=1|exp=seq|k=12|one_way=True|seed=26,1,True,12,26,ACO,114,114,87.764,14.7
blocks=1|exp=seq|k=12|one_way=True|seed=26,1,True,12,26,ALO,156,114,277.703,41.4
blocks=1|exp=seq|k=12|one_way=True|seed=26,1,True,12,26,Hybrid,114,114,1.032,1.1
blocks=1|exp=seq|k=12|one_way=True|seed=27,1,True,12,27,HeldKarp,114,114,61.696,1277.3
blocks=1|exp=seq|k=12|one_way=True|seed=27,1,True,12,27,NN,114,114,0.031,1.1
blocks=1|exp=seq|k=12|one_way=True|seed=27,1,True,12,27,NN2opt,114,114,0.209,1.1
blocks=1|exp=seq|k=12|one_way=True|seed=27,1,True,12,27,GA,138,114,353.874,27.8
blocks=1|exp=seq|k=12|one_way=True|seed=27,1,True,12,27,ACO,114,114,87.827,14.7
blocks=1|exp=seq|k=12|one_way=True|seed=27,1,True,12,27,ALO,180,114,273.795,40.6
blocks=1|exp=seq|k=12|one_way=True|seed=27,1,True,12,27,Hybrid,114,114,1.045,1.1
blocks=1|exp=seq|k=12|one_way=True|seed=28,1,True,12,28,HeldKarp,114,114,60.66,1277.3
blocks=1|exp=seq|k=12|one_way=True|seed=28,1,True,12,28,NN,120,114,0.03,1.1
blocks=1|exp=seq|k=12|one_way=True|seed=28,1,True,12,28,NN2opt,120,114,0.21,1.1
blocks=1|exp=seq|k=12|one_way=True|seed=28,1,True,12,28,GA,132,114,338.502,27.2
blocks=1|exp=seq|k=12|one_way=True|seed=28,1,True,12,28,ACO,114,114,88.731,14.7
blocks=1|exp=seq|k=12|one_way=True|seed=28,1,True,12,28,ALO,144,114,276.161,40.6
blocks=1|exp=seq|k=12|one_way=True|seed=28,1,True,12,28,Hybrid,114,114,2.574,1.1
blocks=1|exp=seq|k=12|one_way=True|seed=29,1,True,12,29,HeldKarp,96,96,59.953,1277.3
blocks=1|exp=seq|k=12|one_way=True|seed=29,1,True,12,29,NN,96,96,0.033,1.1
blocks=1|exp=seq|k=12|one_way=True|seed=29,1,True,12,29,NN2opt,96,96,0.207,1.1
blocks=1|exp=seq|k=12|one_way=True|seed=29,1,True,12,29,GA,120,96,337.064,27.6
blocks=1|exp=seq|k=12|one_way=True|seed=29,1,True,12,29,ACO,96,96,86.867,14.8
blocks=1|exp=seq|k=12|one_way=True|seed=29,1,True,12,29,ALO,162,96,279.531,40.7
blocks=1|exp=seq|k=12|one_way=True|seed=29,1,True,12,29,Hybrid,96,96,1.025,1.1
blocks=1|exp=seq|k=20|one_way=True|seed=0,1,True,20,0,NN,120,,0.059,2.9
blocks=1|exp=seq|k=20|one_way=True|seed=0,1,True,20,0,NN2opt,120,,0.726,2.9
blocks=1|exp=seq|k=20|one_way=True|seed=0,1,True,20,0,GA,150,,415.798,36.8
blocks=1|exp=seq|k=20|one_way=True|seed=0,1,True,20,0,ACO,114,,195.069,33.5
blocks=1|exp=seq|k=20|one_way=True|seed=0,1,True,20,0,ALO,312,,319.362,64.7
blocks=1|exp=seq|k=20|one_way=True|seed=0,1,True,20,0,Hybrid,114,,10.235,2.9
blocks=1|exp=seq|k=20|one_way=True|seed=1,1,True,20,1,NN,108,,0.054,2.9
blocks=1|exp=seq|k=20|one_way=True|seed=1,1,True,20,1,NN2opt,108,,0.708,2.9
blocks=1|exp=seq|k=20|one_way=True|seed=1,1,True,20,1,GA,162,,421.361,36.8
blocks=1|exp=seq|k=20|one_way=True|seed=1,1,True,20,1,ACO,108,,195.653,33.5
blocks=1|exp=seq|k=20|one_way=True|seed=1,1,True,20,1,ALO,234,,328.111,64.7
blocks=1|exp=seq|k=20|one_way=True|seed=1,1,True,20,1,Hybrid,108,,3.971,2.9
blocks=1|exp=seq|k=20|one_way=True|seed=2,1,True,20,2,NN,120,,0.058,2.9
blocks=1|exp=seq|k=20|one_way=True|seed=2,1,True,20,2,NN2opt,120,,0.72,2.9
blocks=1|exp=seq|k=20|one_way=True|seed=2,1,True,20,2,GA,216,,419.362,36.3
blocks=1|exp=seq|k=20|one_way=True|seed=2,1,True,20,2,ACO,114,,196.421,33.4
blocks=1|exp=seq|k=20|one_way=True|seed=2,1,True,20,2,ALO,210,,329.534,64.7
blocks=1|exp=seq|k=20|one_way=True|seed=2,1,True,20,2,Hybrid,114,,11.577,2.9
blocks=1|exp=seq|k=20|one_way=True|seed=3,1,True,20,3,NN,108,,0.055,2.9
blocks=1|exp=seq|k=20|one_way=True|seed=3,1,True,20,3,NN2opt,108,,0.726,2.9
blocks=1|exp=seq|k=20|one_way=True|seed=3,1,True,20,3,GA,162,,430.145,36.3
blocks=1|exp=seq|k=20|one_way=True|seed=3,1,True,20,3,ACO,108,,194.614,33.4
blocks=1|exp=seq|k=20|one_way=True|seed=3,1,True,20,3,ALO,282,,381.877,64.6
blocks=1|exp=seq|k=20|one_way=True|seed=3,1,True,20,3,Hybrid,108,,3.904,2.9
blocks=1|exp=seq|k=20|one_way=True|seed=4,1,True,20,4,NN,114,,0.055,2.9
blocks=1|exp=seq|k=20|one_way=True|seed=4,1,True,20,4,NN2opt,114,,0.749,2.9
blocks=1|exp=seq|k=20|one_way=True|seed=4,1,True,20,4,GA,186,,419.835,36.6
blocks=1|exp=seq|k=20|one_way=True|seed=4,1,True,20,4,ACO,114,,194.961,33.5
blocks=1|exp=seq|k=20|one_way=True|seed=4,1,True,20,4,ALO,282,,369.526,64.7
blocks=1|exp=seq|k=20|one_way=True|seed=4,1,True,20,4,Hybrid,114,,4.052,2.9
blocks=1|exp=seq|k=20|one_way=True|seed=5,1,True,20,5,NN,114,,0.055,2.9
blocks=1|exp=seq|k=20|one_way=True|seed=5,1,True,20,5,NN2opt,114,,0.715,2.9
blocks=1|exp=seq|k=20|one_way=True|seed=5,1,True,20,5,GA,168,,415.148,36.9
blocks=1|exp=seq|k=20|one_way=True|seed=5,1,True,20,5,ACO,114,,194.244,33.5
blocks=1|exp=seq|k=20|one_way=True|seed=5,1,True,20,5,ALO,258,,315.774,64.7
blocks=1|exp=seq|k=20|one_way=True|seed=5,1,True,20,5,Hybrid,114,,4.085,2.9
blocks=1|exp=seq|k=20|one_way=True|seed=6,1,True,20,6,NN,114,,0.06,2.9
blocks=1|exp=seq|k=20|one_way=True|seed=6,1,True,20,6,NN2opt,114,,0.742,2.9
blocks=1|exp=seq|k=20|one_way=True|seed=6,1,True,20,6,GA,144,,523.638,36.5
blocks=1|exp=seq|k=20|one_way=True|seed=6,1,True,20,6,ACO,114,,199.788,33.5
blocks=1|exp=seq|k=20|one_way=True|seed=6,1,True,20,6,ALO,312,,348.738,64.6
blocks=1|exp=seq|k=20|one_way=True|seed=6,1,True,20,6,Hybrid,114,,4.088,2.9
blocks=1|exp=seq|k=20|one_way=True|seed=7,1,True,20,7,NN,114,,0.058,2.9
blocks=1|exp=seq|k=20|one_way=True|seed=7,1,True,20,7,NN2opt,114,,0.737,2.9
blocks=1|exp=seq|k=20|one_way=True|seed=7,1,True,20,7,GA,162,,439.585,36.8
blocks=1|exp=seq|k=20|one_way=True|seed=7,1,True,20,7,ACO,114,,194.518,33.4
blocks=1|exp=seq|k=20|one_way=True|seed=7,1,True,20,7,ALO,210,,319.887,64.7
blocks=1|exp=seq|k=20|one_way=True|seed=7,1,True,20,7,Hybrid,114,,5.22,2.9
blocks=1|exp=seq|k=20|one_way=True|seed=8,1,True,20,8,NN,114,,0.059,2.9
blocks=1|exp=seq|k=20|one_way=True|seed=8,1,True,20,8,NN2opt,114,,1.029,2.9
blocks=1|exp=seq|k=20|one_way=True|seed=8,1,True,20,8,GA,168,,414.817,36.8
blocks=1|exp=seq|k=20|one_way=True|seed=8,1,True,20,8,ACO,114,,200.483,33.5
blocks=1|exp=seq|k=20|one_way=True|seed=8,1,True,20,8,ALO,258,,399.415,64.7
blocks=1|exp=seq|k=20|one_way=True|seed=8,1,True,20,8,Hybrid,114,,4.23,2.9
blocks=1|exp=seq|k=20|one_way=True|seed=9,1,True,20,9,NN,120,,0.061,2.9
blocks=1|exp=seq|k=20|one_way=True|seed=9,1,True,20,9,NN2opt,120,,0.7,2.9
blocks=1|exp=seq|k=20|one_way=True|seed=9,1,True,20,9,GA,162,,418.392,37.0
blocks=1|exp=seq|k=20|one_way=True|seed=9,1,True,20,9,ACO,114,,197.122,33.5
blocks=1|exp=seq|k=20|one_way=True|seed=9,1,True,20,9,ALO,258,,355.046,64.7
blocks=1|exp=seq|k=20|one_way=True|seed=9,1,True,20,9,Hybrid,114,,11.769,2.9
blocks=1|exp=seq|k=20|one_way=True|seed=10,1,True,20,10,NN,114,,0.055,2.9
blocks=1|exp=seq|k=20|one_way=True|seed=10,1,True,20,10,NN2opt,114,,0.708,2.9
blocks=1|exp=seq|k=20|one_way=True|seed=10,1,True,20,10,GA,162,,421.629,36.5
blocks=1|exp=seq|k=20|one_way=True|seed=10,1,True,20,10,ACO,114,,206.634,33.4
blocks=1|exp=seq|k=20|one_way=True|seed=10,1,True,20,10,ALO,258,,322.371,64.9
blocks=1|exp=seq|k=20|one_way=True|seed=10,1,True,20,10,Hybrid,114,,4.153,2.9
blocks=1|exp=seq|k=20|one_way=True|seed=11,1,True,20,11,NN,114,,0.062,2.9
blocks=1|exp=seq|k=20|one_way=True|seed=11,1,True,20,11,NN2opt,114,,0.741,2.9
blocks=1|exp=seq|k=20|one_way=True|seed=11,1,True,20,11,GA,138,,422.257,36.8
blocks=1|exp=seq|k=20|one_way=True|seed=11,1,True,20,11,ACO,114,,194.977,33.4
blocks=1|exp=seq|k=20|one_way=True|seed=11,1,True,20,11,ALO,276,,319.943,64.7
blocks=1|exp=seq|k=20|one_way=True|seed=11,1,True,20,11,Hybrid,114,,4.103,2.9
blocks=1|exp=seq|k=20|one_way=True|seed=12,1,True,20,12,NN,126,,0.061,2.9
blocks=1|exp=seq|k=20|one_way=True|seed=12,1,True,20,12,NN2opt,126,,0.72,2.9
blocks=1|exp=seq|k=20|one_way=True|seed=12,1,True,20,12,GA,150,,418.897,36.6
blocks=1|exp=seq|k=20|one_way=True|seed=12,1,True,20,12,ACO,114,,198.266,33.5
blocks=1|exp=seq|k=20|one_way=True|seed=12,1,True,20,12,ALO,324,,337.831,64.6
blocks=1|exp=seq|k=20|one_way=True|seed=12,1,True,20,12,Hybrid,126,,3.946,2.9
blocks=1|exp=seq|k=20|one_way=True|seed=13,1,True,20,13,NN,114,,0.058,2.9
blocks=1|exp=seq|k=20|one_way=True|seed=13,1,True,20,13,NN2opt,114,,0.738,2.9
blocks=1|exp=seq|k=20|one_way=True|seed=13,1,True,20,13,GA,168,,433.841,36.3
blocks=1|exp=seq|k=20|one_way=True|seed=13,1,True,20,13,ACO,114,,198.799,33.4
blocks=1|exp=seq|k=20|one_way=True|seed=13,1,True,20,13,ALO,216,,318.177,64.7
blocks=1|exp=seq|k=20|one_way=True|seed=13,1,True,20,13,Hybrid,114,,4.056,2.9
blocks=1|exp=seq|k=20|one_way=True|seed=14,1,True,20,14,NN,114,,0.064,2.9
blocks=1|exp=seq|k=20|one_way=True|seed=14,1,True,20,14,NN2opt,114,,0.731,2.9
blocks=1|exp=seq|k=20|one_way=True|seed=14,1,True,20,14,GA,144,,437.397,36.5
blocks=1|exp=seq|k=20|one_way=True|seed=14,1,True,20,14,ACO,114,,195.167,33.5
blocks=1|exp=seq|k=20|one_way=True|seed=14,1,True,20,14,ALO,234,,321.716,64.7
blocks=1|exp=seq|k=20|one_way=True|seed=14,1,True,20,14,Hybrid,114,,4.024,2.9
blocks=1|exp=seq|k=20|one_way=True|seed=15,1,True,20,15,NN,114,,0.06,2.9
blocks=1|exp=seq|k=20|one_way=True|seed=15,1,True,20,15,NN2opt,114,,0.714,2.9
blocks=1|exp=seq|k=20|one_way=True|seed=15,1,True,20,15,GA,168,,431.564,36.7
blocks=1|exp=seq|k=20|one_way=True|seed=15,1,True,20,15,ACO,114,,196.306,33.5
blocks=1|exp=seq|k=20|one_way=True|seed=15,1,True,20,15,ALO,288,,320.475,64.6
blocks=1|exp=seq|k=20|one_way=True|seed=15,1,True,20,15,Hybrid,114,,4.124,2.9
blocks=1|exp=seq|k=20|one_way=True|seed=16,1,True,20,16,NN,114,,0.061,2.9
blocks=1|exp=seq|k=20|one_way=True|seed=16,1,True,20,16,NN2opt,114,,0.756,2.9
blocks=1|exp=seq|k=20|one_way=True|seed=16,1,True,20,16,GA,138,,439.028,36.6
blocks=1|exp=seq|k=20|one_way=True|seed=16,1,True,20,16,ACO,114,,200.86,33.4
blocks=1|exp=seq|k=20|one_way=True|seed=16,1,True,20,16,ALO,264,,324.298,64.6
blocks=1|exp=seq|k=20|one_way=True|seed=16,1,True,20,16,Hybrid,114,,4.39,2.9
blocks=1|exp=seq|k=20|one_way=True|seed=17,1,True,20,17,NN,114,,0.063,2.9
blocks=1|exp=seq|k=20|one_way=True|seed=17,1,True,20,17,NN2opt,114,,0.746,2.9
blocks=1|exp=seq|k=20|one_way=True|seed=17,1,True,20,17,GA,204,,435.866,36.4
blocks=1|exp=seq|k=20|one_way=True|seed=17,1,True,20,17,ACO,114,,203.131,33.5
blocks=1|exp=seq|k=20|one_way=True|seed=17,1,True,20,17,ALO,330,,321.488,64.7
blocks=1|exp=seq|k=20|one_way=True|seed=17,1,True,20,17,Hybrid,114,,4.202,2.9
blocks=1|exp=seq|k=20|one_way=True|seed=18,1,True,20,18,NN,114,,0.058,2.9
blocks=1|exp=seq|k=20|one_way=True|seed=18,1,True,20,18,NN2opt,114,,0.747,2.9
blocks=1|exp=seq|k=20|one_way=True|seed=18,1,True,20,18,GA,198,,424.21,36.6
blocks=1|exp=seq|k=20|one_way=True|seed=18,1,True,20,18,ACO,114,,204.617,33.4
blocks=1|exp=seq|k=20|one_way=True|seed=18,1,True,20,18,ALO,228,,317.961,64.7
blocks=1|exp=seq|k=20|one_way=True|seed=18,1,True,20,18,Hybrid,114,,4.196,2.9
blocks=1|exp=seq|k=20|one_way=True|seed=19,1,True,20,19,NN,114,,0.055,2.9
blocks=1|exp=seq|k=20|one_way=True|seed=19,1,True,20,19,NN2opt,114,,0.709,2.9
blocks=1|exp=seq|k=20|one_way=True|seed=19,1,True,20,19,GA,174,,426.306,36.8
blocks=1|exp=seq|k=20|one_way=True|seed=19,1,True,20,19,ACO,114,,199.135,33.5
blocks=1|exp=seq|k=20|one_way=True|seed=19,1,True,20,19,ALO,288,,339.121,64.6
blocks=1|exp=seq|k=20|one_way=True|seed=19,1,True,20,19,Hybrid,114,,4.162,2.9
blocks=1|exp=seq|k=20|one_way=True|seed=20,1,True,20,20,NN,114,,0.057,2.9
blocks=1|exp=seq|k=20|one_way=True|seed=20,1,True,20,20,NN2opt,114,,0.736,2.9
blocks=1|exp=seq|k=20|one_way=True|seed=20,1,True,20,20,GA,138,,419.859,36.4
blocks=1|exp=seq|k=20|one_way=True|seed=20,1,True,20,20,ACO,114,,193.209,33.4
blocks=1|exp=seq|k=20|one_way=True|seed=20,1,True,20,20,ALO,258,,352.322,66.0
blocks=1|exp=seq|k=20|one_way=True|seed=20,1,True,20,20,Hybrid,114,,4.144,2.9
blocks=1|exp=seq|k=20|one_way=True|seed=21,1,True,20,21,NN,108,,0.06,2.9
blocks=1|exp=seq|k=20|one_way=True|seed=21,1,True,20,21,NN2opt,108,,0.723,2.9
blocks=1|exp=seq|k=20|one_way=True|seed=21,1,True,20,21,GA,162,,431.69,36.8
blocks=1|exp=seq|k=20|one_way=True|seed=21,1,True,20,21,ACO,108,,274.929,33.4
blocks=1|exp=seq|k=20|one_way=True|seed=21,1,True,20,21,ALO,264,,321.244,64.7
blocks=1|exp=seq|k=20|one_way=True|seed=21,1,True,20,21,Hybrid,108,,5.018,2.9
blocks=1|exp=seq|k=20|one_way=True|seed=22,1,True,20,22,NN,120,,0.06,2.9
blocks=1|exp=seq|k=20|one_way=True|seed=22,1,True,20,22,NN2opt,120,,0.73,2.9
blocks=1|exp=seq|k=20|one_way=True|seed=22,1,True,20,22,GA,150,,432.511,36.6
blocks=1|exp=seq|k=20|one_way=True|seed=22,1,True,20,22,ACO,114,,203.728,33.5
blocks=1|exp=seq|k=20|one_way=True|seed=22,1,True,20,22,ALO,258,,319.113,64.6
blocks=1|exp=seq|k=20|one_way=True|seed=22,1,True,20,22,Hybrid,114,,11.315,2.9
blocks=1|exp=seq|k=20|one_way=True|seed=23,1,True,20,23,NN,108,,0.061,2.9
blocks=1|exp=seq|k=20|one_way=True|seed=23,1,True,20,23,NN2opt,108,,0.737,2.9
blocks=1|exp=seq|k=20|one_way=True|seed=23,1,True,20,23,GA,138,,446.67,36.9
blocks=1|exp=seq|k=20|one_way=True|seed=23,1,True,20,23,ACO,108,,207.326,33.5
blocks=1|exp=seq|k=20|one_way=True|seed=23,1,True,20,23,ALO,204,,314.875,64.7
blocks=1|exp=seq|k=20|one_way=True|seed=23,1,True,20,23,Hybrid,108,,4.19,2.9
blocks=1|exp=seq|k=20|one_way=True|seed=24,1,True,20,24,NN,114,,0.06,2.9
blocks=1|exp=seq|k=20|one_way=True|seed=24,1,True,20,24,NN2opt,114,,0.757,2.9
blocks=1|exp=seq|k=20|one_way=True|seed=24,1,True,20,24,GA,150,,434.086,36.7
blocks=1|exp=seq|k=20|one_way=True|seed=24,1,True,20,24,ACO,114,,216.733,33.5
blocks=1|exp=seq|k=20|one_way=True|seed=24,1,True,20,24,ALO,240,,320.889,64.7
blocks=1|exp=seq|k=20|one_way=True|seed=24,1,True,20,24,Hybrid,114,,4.135,2.9
blocks=1|exp=seq|k=20|one_way=True|seed=25,1,True,20,25,NN,120,,0.059,2.9
blocks=1|exp=seq|k=20|one_way=True|seed=25,1,True,20,25,NN2opt,120,,0.734,2.9
blocks=1|exp=seq|k=20|one_way=True|seed=25,1,True,20,25,GA,138,,429.138,36.5
blocks=1|exp=seq|k=20|one_way=True|seed=25,1,True,20,25,ACO,114,,210.765,33.5
blocks=1|exp=seq|k=20|one_way=True|seed=25,1,True,20,25,ALO,210,,319.538,64.6
blocks=1|exp=seq|k=20|one_way=True|seed=25,1,True,20,25,Hybrid,114,,10.459,2.9
blocks=1|exp=seq|k=20|one_way=True|seed=26,1,True,20,26,NN,114,,0.063,2.9
blocks=1|exp=seq|k=20|one_way=True|seed=26,1,True,20,26,NN2opt,114,,0.741,2.9
blocks=1|exp=seq|k=20|one_way=True|seed=26,1,True,20,26,GA,138,,445.176,36.6
blocks=1|exp=seq|k=20|one_way=True|seed=26,1,True,20,26,ACO,114,,197.657,33.5
blocks=1|exp=seq|k=20|one_way=True|seed=26,1,True,20,26,ALO,276,,332.761,65.0
blocks=1|exp=seq|k=20|one_way=True|seed=26,1,True,20,26,Hybrid,114,,4.14,2.9
blocks=1|exp=seq|k=20|one_way=True|seed=27,1,True,20,27,NN,114,,0.121,2.9
blocks=1|exp=seq|k=20|one_way=True|seed=27,1,True,20,27,NN2opt,114,,0.726,2.9
blocks=1|exp=seq|k=20|one_way=True|seed=27,1,True,20,27,GA,180,,425.55,35.9
blocks=1|exp=seq|k=20|one_way=True|seed=27,1,True,20,27,ACO,114,,209.288,33.4
blocks=1|exp=seq|k=20|one_way=True|seed=27,1,True,20,27,ALO,300,,333.885,65.0
blocks=1|exp=seq|k=20|one_way=True|seed=27,1,True,20,27,Hybrid,114,,4.098,2.9
blocks=1|exp=seq|k=20|one_way=True|seed=28,1,True,20,28,NN,114,,0.058,2.9
blocks=1|exp=seq|k=20|one_way=True|seed=28,1,True,20,28,NN2opt,114,,0.724,2.9
blocks=1|exp=seq|k=20|one_way=True|seed=28,1,True,20,28,GA,180,,449.244,36.4
blocks=1|exp=seq|k=20|one_way=True|seed=28,1,True,20,28,ACO,114,,200.828,33.4
blocks=1|exp=seq|k=20|one_way=True|seed=28,1,True,20,28,ALO,270,,338.953,64.7
blocks=1|exp=seq|k=20|one_way=True|seed=28,1,True,20,28,Hybrid,114,,4.264,2.9
blocks=1|exp=seq|k=20|one_way=True|seed=29,1,True,20,29,NN,114,,0.132,2.9
blocks=1|exp=seq|k=20|one_way=True|seed=29,1,True,20,29,NN2opt,114,,0.922,2.9
blocks=1|exp=seq|k=20|one_way=True|seed=29,1,True,20,29,GA,174,,442.612,36.6
blocks=1|exp=seq|k=20|one_way=True|seed=29,1,True,20,29,ACO,114,,202.3,33.4
blocks=1|exp=seq|k=20|one_way=True|seed=29,1,True,20,29,ALO,246,,324.548,64.7
blocks=1|exp=seq|k=20|one_way=True|seed=29,1,True,20,29,Hybrid,114,,4.169,2.9
blocks=1|exp=seq|k=30|one_way=True|seed=0,1,True,30,0,NN,114,,0.11,2.9
blocks=1|exp=seq|k=30|one_way=True|seed=0,1,True,30,0,NN2opt,114,,2.155,2.9
blocks=1|exp=seq|k=30|one_way=True|seed=0,1,True,30,0,GA,228,,552.173,39.7
blocks=1|exp=seq|k=30|one_way=True|seed=0,1,True,30,0,ACO,114,,390.809,67.5
blocks=1|exp=seq|k=30|one_way=True|seed=0,1,True,30,0,ALO,390,,376.745,94.7
blocks=1|exp=seq|k=30|one_way=True|seed=0,1,True,30,0,Hybrid,114,,12.457,2.9
blocks=1|exp=seq|k=30|one_way=True|seed=1,1,True,30,1,NN,114,,0.311,2.9
blocks=1|exp=seq|k=30|one_way=True|seed=1,1,True,30,1,NN2opt,114,,2.538,2.9
blocks=1|exp=seq|k=30|one_way=True|seed=1,1,True,30,1,GA,246,,566.883,39.7
blocks=1|exp=seq|k=30|one_way=True|seed=1,1,True,30,1,ACO,114,,383.314,67.5
blocks=1|exp=seq|k=30|one_way=True|seed=1,1,True,30,1,ALO,408,,377.953,94.8
blocks=1|exp=seq|k=30|one_way=True|seed=1,1,True,30,1,Hybrid,114,,12.618,2.9
blocks=1|exp=seq|k=30|one_way=True|seed=2,1,True,30,2,NN,114,,0.11,2.9
blocks=1|exp=seq|k=30|one_way=True|seed=2,1,True,30,2,NN2opt,114,,2.164,2.9
blocks=1|exp=seq|k=30|one_way=True|seed=2,1,True,30,2,GA,234,,565.542,39.7
blocks=1|exp=seq|k=30|one_way=True|seed=2,1,True,30,2,ACO,114,,395.162,67.5
blocks=1|exp=seq|k=30|one_way=True|seed=2,1,True,30,2,ALO,426,,384.371,94.7
blocks=1|exp=seq|k=30|one_way=True|seed=2,1,True,30,2,Hybrid,114,,12.753,2.9
blocks=1|exp=seq|k=30|one_way=True|seed=3,1,True,30,3,NN,114,,0.112,2.9
blocks=1|exp=seq|k=30|one_way=True|seed=3,1,True,30,3,NN2opt,114,,2.056,2.9
blocks=1|exp=seq|k=30|one_way=True|seed=3,1,True,30,3,GA,258,,540.945,39.7
blocks=1|exp=seq|k=30|one_way=True|seed=3,1,True,30,3,ACO,114,,397.657,67.5
blocks=1|exp=seq|k=30|one_way=True|seed=3,1,True,30,3,ALO,372,,376.606,95.0
blocks=1|exp=seq|k=30|one_way=True|seed=3,1,True,30,3,Hybrid,114,,12.573,2.9
blocks=1|exp=seq|k=30|one_way=True|seed=4,1,True,30,4,NN,114,,0.118,2.9
blocks=1|exp=seq|k=30|one_way=True|seed=4,1,True,30,4,NN2opt,114,,2.105,2.9
blocks=1|exp=seq|k=30|one_way=True|seed=4,1,True,30,4,GA,258,,564.158,39.7
blocks=1|exp=seq|k=30|one_way=True|seed=4,1,True,30,4,ACO,114,,391.314,67.5
blocks=1|exp=seq|k=30|one_way=True|seed=4,1,True,30,4,ALO,408,,378.12,94.6
blocks=1|exp=seq|k=30|one_way=True|seed=4,1,True,30,4,Hybrid,114,,13.187,2.9
blocks=1|exp=seq|k=30|one_way=True|seed=5,1,True,30,5,NN,114,,0.105,2.9
blocks=1|exp=seq|k=30|one_way=True|seed=5,1,True,30,5,NN2opt,114,,2.105,2.9
blocks=1|exp=seq|k=30|one_way=True|seed=5,1,True,30,5,GA,252,,518.609,39.7
blocks=1|exp=seq|k=30|one_way=True|seed=5,1,True,30,5,ACO,114,,385.288,67.5
blocks=1|exp=seq|k=30|one_way=True|seed=5,1,True,30,5,ALO,492,,379.38,94.7
blocks=1|exp=seq|k=30|one_way=True|seed=5,1,True,30,5,Hybrid,114,,14.294,2.9
blocks=1|exp=seq|k=30|one_way=True|seed=6,1,True,30,6,NN,114,,0.115,2.9
blocks=1|exp=seq|k=30|one_way=True|seed=6,1,True,30,6,NN2opt,114,,2.178,2.9
blocks=1|exp=seq|k=30|one_way=True|seed=6,1,True,30,6,GA,234,,564.719,39.7
blocks=1|exp=seq|k=30|one_way=True|seed=6,1,True,30,6,ACO,114,,387.918,67.5
blocks=1|exp=seq|k=30|one_way=True|seed=6,1,True,30,6,ALO,420,,371.831,94.7
blocks=1|exp=seq|k=30|one_way=True|seed=6,1,True,30,6,Hybrid,114,,12.906,2.9
blocks=1|exp=seq|k=30|one_way=True|seed=7,1,True,30,7,NN,114,,0.11,2.9
blocks=1|exp=seq|k=30|one_way=True|seed=7,1,True,30,7,NN2opt,114,,2.137,2.9
blocks=1|exp=seq|k=30|one_way=True|seed=7,1,True,30,7,GA,198,,519.698,39.7
blocks=1|exp=seq|k=30|one_way=True|seed=7,1,True,30,7,ACO,114,,384.969,67.5
blocks=1|exp=seq|k=30|one_way=True|seed=7,1,True,30,7,ALO,474,,382.099,94.7
blocks=1|exp=seq|k=30|one_way=True|seed=7,1,True,30,7,Hybrid,114,,12.637,2.9
blocks=1|exp=seq|k=30|one_way=True|seed=8,1,True,30,8,NN,114,,0.121,2.9
blocks=1|exp=seq|k=30|one_way=True|seed=8,1,True,30,8,NN2opt,114,,2.098,2.9
blocks=1|exp=seq|k=30|one_way=True|seed=8,1,True,30,8,GA,228,,522.458,39.7
blocks=1|exp=seq|k=30|one_way=True|seed=8,1,True,30,8,ACO,114,,380.294,67.5
blocks=1|exp=seq|k=30|one_way=True|seed=8,1,True,30,8,ALO,426,,383.829,94.8
blocks=1|exp=seq|k=30|one_way=True|seed=8,1,True,30,8,Hybrid,114,,12.776,2.9
blocks=1|exp=seq|k=30|one_way=True|seed=9,1,True,30,9,NN,114,,0.109,2.9
blocks=1|exp=seq|k=30|one_way=True|seed=9,1,True,30,9,NN2opt,114,,2.126,2.9
blocks=1|exp=seq|k=30|one_way=True|seed=9,1,True,30,9,GA,222,,526.313,39.7
blocks=1|exp=seq|k=30|one_way=True|seed=9,1,True,30,9,ACO,114,,386.076,67.5
blocks=1|exp=seq|k=30|one_way=True|seed=9,1,True,30,9,ALO,342,,381.464,94.7
blocks=1|exp=seq|k=30|one_way=True|seed=9,1,True,30,9,Hybrid,114,,12.732,2.9
blocks=1|exp=seq|k=30|one_way=True|seed=10,1,True,30,10,NN,114,,0.104,2.9
blocks=1|exp=seq|k=30|one_way=True|seed=10,1,True,30,10,NN2opt,114,,2.05,2.9
blocks=1|exp=seq|k=30|one_way=True|seed=10,1,True,30,10,GA,264,,519.815,39.8
blocks=1|exp=seq|k=30|one_way=True|seed=10,1,True,30,10,ACO,114,,376.611,67.5
blocks=1|exp=seq|k=30|one_way=True|seed=10,1,True,30,10,ALO,426,,381.347,94.7
blocks=1|exp=seq|k=30|one_way=True|seed=10,1,True,30,10,Hybrid,114,,13.339,2.9
blocks=1|exp=seq|k=30|one_way=True|seed=11,1,True,30,11,NN,114,,0.113,2.9
blocks=1|exp=seq|k=30|one_way=True|seed=11,1,True,30,11,NN2opt,114,,2.092,2.9
blocks=1|exp=seq|k=30|one_way=True|seed=11,1,True,30,11,GA,240,,510.838,39.7
blocks=1|exp=seq|k=30|one_way=True|seed=11,1,True,30,11,ACO,114,,382.255,67.5
blocks=1|exp=seq|k=30|one_way=True|seed=11,1,True,30,11,ALO,366,,380.051,94.7
blocks=1|exp=seq|k=30|one_way=True|seed=11,1,True,30,11,Hybrid,114,,13.888,2.9
blocks=1|exp=seq|k=30|one_way=True|seed=12,1,True,30,12,NN,114,,0.11,2.9
blocks=1|exp=seq|k=30|one_way=True|seed=12,1,True,30,12,NN2opt,114,,2.129,2.9
blocks=1|exp=seq|k=30|one_way=True|seed=12,1,True,30,12,GA,264,,528.87,39.7
blocks=1|exp=seq|k=30|one_way=True|seed=12,1,True,30,12,ACO,114,,390.454,67.5
blocks=1|exp=seq|k=30|one_way=True|seed=12,1,True,30,12,ALO,414,,377.451,94.7
blocks=1|exp=seq|k=30|one_way=True|seed=12,1,True,30,12,Hybrid,114,,13.442,2.9
blocks=1|exp=seq|k=30|one_way=True|seed=13,1,True,30,13,NN,114,,0.113,2.9
blocks=1|exp=seq|k=30|one_way=True|seed=13,1,True,30,13,NN2opt,114,,2.141,2.9
blocks=1|exp=seq|k=30|one_way=True|seed=13,1,True,30,13,GA,240,,530.268,39.7
blocks=1|exp=seq|k=30|one_way=True|seed=13,1,True,30,13,ACO,114,,395.842,67.5
blocks=1|exp=seq|k=30|one_way=True|seed=13,1,True,30,13,ALO,348,,385.976,94.7
blocks=1|exp=seq|k=30|one_way=True|seed=13,1,True,30,13,Hybrid,114,,12.776,2.9
blocks=1|exp=seq|k=30|one_way=True|seed=15,1,True,30,15,NN,114,,0.115,2.9
blocks=1|exp=seq|k=30|one_way=True|seed=15,1,True,30,15,NN2opt,114,,2.184,2.9
blocks=1|exp=seq|k=30|one_way=True|seed=15,1,True,30,15,GA,264,,532.405,39.6
blocks=1|exp=seq|k=30|one_way=True|seed=15,1,True,30,15,ACO,114,,389.157,67.5
blocks=1|exp=seq|k=30|one_way=True|seed=15,1,True,30,15,ALO,354,,381.768,94.8
blocks=1|exp=seq|k=30|one_way=True|seed=15,1,True,30,15,Hybrid,114,,12.346,2.9
blocks=1|exp=seq|k=30|one_way=True|seed=14,1,True,30,14,NN,114,,0.107,2.9
blocks=1|exp=seq|k=30|one_way=True|seed=14,1,True,30,14,NN2opt,114,,2.054,2.9
blocks=1|exp=seq|k=30|one_way=True|seed=14,1,True,30,14,GA,288,,521.637,39.7
blocks=1|exp=seq|k=30|one_way=True|seed=14,1,True,30,14,ACO,114,,411.651,67.5
blocks=1|exp=seq|k=30|one_way=True|seed=14,1,True,30,14,ALO,324,,382.979,94.7
blocks=1|exp=seq|k=30|one_way=True|seed=14,1,True,30,14,Hybrid,114,,12.415,2.9
blocks=1|exp=seq|k=30|one_way=True|seed=16,1,True,30,16,NN,114,,0.11,2.9
blocks=1|exp=seq|k=30|one_way=True|seed=16,1,True,30,16,NN2opt,114,,2.113,2.9
blocks=1|exp=seq|k=30|one_way=True|seed=16,1,True,30,16,GA,240,,542.643,39.7
blocks=1|exp=seq|k=30|one_way=True|seed=16,1,True,30,16,ACO,114,,382.622,67.5
blocks=1|exp=seq|k=30|one_way=True|seed=16,1,True,30,16,ALO,396,,376.096,94.7
blocks=1|exp=seq|k=30|one_way=True|seed=16,1,True,30,16,Hybrid,114,,12.875,2.9
blocks=1|exp=seq|k=30|one_way=True|seed=17,1,True,30,17,NN,120,,0.108,2.9
blocks=1|exp=seq|k=30|one_way=True|seed=17,1,True,30,17,NN2opt,120,,2.164,2.9
blocks=1|exp=seq|k=30|one_way=True|seed=17,1,True,30,17,GA,258,,537.116,39.7
blocks=1|exp=seq|k=30|one_way=True|seed=17,1,True,30,17,ACO,114,,387.332,67.5
blocks=1|exp=seq|k=30|one_way=True|seed=17,1,True,30,17,ALO,378,,378.232,94.7
blocks=1|exp=seq|k=30|one_way=True|seed=17,1,True,30,17,Hybrid,120,,12.502,2.9
blocks=1|exp=seq|k=30|one_way=True|seed=18,1,True,30,18,NN,114,,0.109,2.9
blocks=1|exp=seq|k=30|one_way=True|seed=18,1,True,30,18,NN2opt,114,,2.136,2.9
blocks=1|exp=seq|k=30|one_way=True|seed=18,1,True,30,18,GA,306,,522.072,39.7
blocks=1|exp=seq|k=30|one_way=True|seed=18,1,True,30,18,ACO,114,,381.556,67.5
blocks=1|exp=seq|k=30|one_way=True|seed=18,1,True,30,18,ALO,444,,383.535,94.7
blocks=1|exp=seq|k=30|one_way=True|seed=18,1,True,30,18,Hybrid,114,,12.877,2.9
blocks=1|exp=seq|k=30|one_way=True|seed=19,1,True,30,19,NN,114,,0.105,2.9
blocks=1|exp=seq|k=30|one_way=True|seed=19,1,True,30,19,NN2opt,114,,2.066,2.9
blocks=1|exp=seq|k=30|one_way=True|seed=19,1,True,30,19,GA,294,,520.244,39.7
blocks=1|exp=seq|k=30|one_way=True|seed=19,1,True,30,19,ACO,114,,392.292,67.5
blocks=1|exp=seq|k=30|one_way=True|seed=19,1,True,30,19,ALO,480,,375.933,94.7
blocks=1|exp=seq|k=30|one_way=True|seed=19,1,True,30,19,Hybrid,114,,12.342,2.9
blocks=1|exp=seq|k=30|one_way=True|seed=20,1,True,30,20,NN,114,,0.112,2.9
blocks=1|exp=seq|k=30|one_way=True|seed=20,1,True,30,20,NN2opt,114,,2.103,2.9
blocks=1|exp=seq|k=30|one_way=True|seed=20,1,True,30,20,GA,222,,518.582,39.7
blocks=1|exp=seq|k=30|one_way=True|seed=20,1,True,30,20,ACO,114,,388.923,67.5
blocks=1|exp=seq|k=30|one_way=True|seed=20,1,True,30,20,ALO,396,,379.172,95.0
blocks=1|exp=seq|k=30|one_way=True|seed=20,1,True,30,20,Hybrid,114,,12.95,2.9
blocks=1|exp=seq|k=30|one_way=True|seed=21,1,True,30,21,NN,114,,0.113,2.9
blocks=1|exp=seq|k=30|one_way=True|seed=21,1,True,30,21,NN2opt,114,,2.146,2.9
blocks=1|exp=seq|k=30|one_way=True|seed=21,1,True,30,21,GA,228,,521.05,39.7
blocks=1|exp=seq|k=30|one_way=True|seed=21,1,True,30,21,ACO,114,,386.547,67.5
blocks=1|exp=seq|k=30|one_way=True|seed=21,1,True,30,21,ALO,426,,384.936,95.9
blocks=1|exp=seq|k=30|one_way=True|seed=21,1,True,30,21,Hybrid,114,,12.733,2.9
blocks=1|exp=seq|k=30|one_way=True|seed=22,1,True,30,22,NN,114,,0.112,2.9
blocks=1|exp=seq|k=30|one_way=True|seed=22,1,True,30,22,NN2opt,114,,2.116,2.9
blocks=1|exp=seq|k=30|one_way=True|seed=22,1,True,30,22,GA,276,,523.903,39.7
blocks=1|exp=seq|k=30|one_way=True|seed=22,1,True,30,22,ACO,114,,393.012,67.5
blocks=1|exp=seq|k=30|one_way=True|seed=22,1,True,30,22,ALO,354,,380.708,94.6
blocks=1|exp=seq|k=30|one_way=True|seed=22,1,True,30,22,Hybrid,114,,12.785,2.9
blocks=1|exp=seq|k=30|one_way=True|seed=23,1,True,30,23,NN,114,,0.116,2.9
blocks=1|exp=seq|k=30|one_way=True|seed=23,1,True,30,23,NN2opt,114,,2.116,2.9
blocks=1|exp=seq|k=30|one_way=True|seed=23,1,True,30,23,GA,318,,528.861,39.6
blocks=1|exp=seq|k=30|one_way=True|seed=23,1,True,30,23,ACO,114,,390.201,67.5
blocks=1|exp=seq|k=30|one_way=True|seed=23,1,True,30,23,ALO,432,,374.481,94.7
blocks=1|exp=seq|k=30|one_way=True|seed=23,1,True,30,23,Hybrid,114,,12.658,2.9
blocks=1|exp=seq|k=30|one_way=True|seed=24,1,True,30,24,NN,114,,0.103,2.9
blocks=1|exp=seq|k=30|one_way=True|seed=24,1,True,30,24,NN2opt,114,,2.057,2.9
blocks=1|exp=seq|k=30|one_way=True|seed=24,1,True,30,24,GA,264,,524.499,39.7
blocks=1|exp=seq|k=30|one_way=True|seed=24,1,True,30,24,ACO,114,,382.411,67.5
blocks=1|exp=seq|k=30|one_way=True|seed=24,1,True,30,24,ALO,444,,375.143,94.7
blocks=1|exp=seq|k=30|one_way=True|seed=24,1,True,30,24,Hybrid,114,,12.949,2.9
blocks=1|exp=seq|k=5|one_way=False|seed=0,1,False,5,0,HeldKarp,54,54,0.131,3.7
blocks=1|exp=seq|k=5|one_way=False|seed=0,1,False,5,0,NN,54,54,0.012,1.1
blocks=1|exp=seq|k=5|one_way=False|seed=0,1,False,5,0,NN2opt,54,54,0.034,1.1
blocks=1|exp=seq|k=5|one_way=False|seed=0,1,False,5,0,GA,54,54,280.377,19.8
blocks=1|exp=seq|k=5|one_way=False|seed=0,1,False,5,0,ACO,54,54,28.422,5.4
blocks=1|exp=seq|k=5|one_way=False|seed=0,1,False,5,0,ALO,54,54,247.365,19.7
blocks=1|exp=seq|k=5|one_way=False|seed=0,1,False,5,0,Hybrid,54,54,0.123,1.1
blocks=1|exp=seq|k=30|one_way=True|seed=25,1,True,30,25,NN,114,,0.108,2.9
blocks=1|exp=seq|k=30|one_way=True|seed=25,1,True,30,25,NN2opt,114,,2.186,2.9
blocks=1|exp=seq|k=30|one_way=True|seed=25,1,True,30,25,GA,252,,530.962,39.7
blocks=1|exp=seq|k=30|one_way=True|seed=25,1,True,30,25,ACO,114,,382.005,67.5
blocks=1|exp=seq|k=30|one_way=True|seed=25,1,True,30,25,ALO,408,,376.759,94.8
blocks=1|exp=seq|k=30|one_way=True|seed=25,1,True,30,25,Hybrid,114,,12.64,2.9
blocks=1|exp=seq|k=5|one_way=False|seed=1,1,False,5,1,HeldKarp,74,74,0.133,3.7
blocks=1|exp=seq|k=5|one_way=False|seed=1,1,False,5,1,NN,78,74,0.011,1.1
blocks=1|exp=seq|k=5|one_way=False|seed=1,1,False,5,1,NN2opt,74,74,0.054,1.1
blocks=1|exp=seq|k=5|one_way=False|seed=1,1,False,5,1,GA,74,74,273.206,20.0
blocks=1|exp=seq|k=5|one_way=False|seed=1,1,False,5,1,ACO,74,74,29.286,5.5
blocks=1|exp=seq|k=5|one_way=False|seed=1,1,False,5,1,ALO,74,74,245.396,19.8
blocks=1|exp=seq|k=5|one_way=False|seed=1,1,False,5,1,Hybrid,74,74,0.269,1.1
blocks=1|exp=seq|k=30|one_way=True|seed=26,1,True,30,26,NN,114,,0.103,2.9
blocks=1|exp=seq|k=30|one_way=True|seed=26,1,True,30,26,NN2opt,114,,2.088,2.9
blocks=1|exp=seq|k=30|one_way=True|seed=26,1,True,30,26,GA,282,,529.341,39.7
blocks=1|exp=seq|k=30|one_way=True|seed=26,1,True,30,26,ACO,114,,388.013,67.5
blocks=1|exp=seq|k=30|one_way=True|seed=26,1,True,30,26,ALO,414,,385.004,94.7
blocks=1|exp=seq|k=30|one_way=True|seed=26,1,True,30,26,Hybrid,114,,12.858,2.9
blocks=1|exp=seq|k=30|one_way=True|seed=27,1,True,30,27,NN,114,,0.108,2.9
blocks=1|exp=seq|k=30|one_way=True|seed=27,1,True,30,27,NN2opt,114,,2.153,2.9
blocks=1|exp=seq|k=30|one_way=True|seed=27,1,True,30,27,GA,192,,525.495,39.7
blocks=1|exp=seq|k=30|one_way=True|seed=27,1,True,30,27,ACO,114,,387.204,67.5
blocks=1|exp=seq|k=30|one_way=True|seed=27,1,True,30,27,ALO,408,,382.599,94.7
blocks=1|exp=seq|k=30|one_way=True|seed=27,1,True,30,27,Hybrid,114,,12.659,2.9
blocks=1|exp=seq|k=5|one_way=False|seed=2,1,False,5,2,HeldKarp,62,62,0.13,3.7
blocks=1|exp=seq|k=5|one_way=False|seed=2,1,False,5,2,NN,66,62,0.011,1.1
blocks=1|exp=seq|k=5|one_way=False|seed=2,1,False,5,2,NN2opt,62,62,0.053,1.1
blocks=1|exp=seq|k=5|one_way=False|seed=2,1,False,5,2,GA,62,62,275.273,20.1
blocks=1|exp=seq|k=5|one_way=False|seed=2,1,False,5,2,ACO,62,62,29.192,5.4
blocks=1|exp=seq|k=5|one_way=False|seed=2,1,False,5,2,ALO,62,62,244.648,19.7
blocks=1|exp=seq|k=5|one_way=False|seed=2,1,False,5,2,Hybrid,62,62,0.253,1.1
blocks=1|exp=seq|k=30|one_way=True|seed=29,1,True,30,29,NN,114,,0.103,2.9
blocks=1|exp=seq|k=30|one_way=True|seed=29,1,True,30,29,NN2opt,114,,2.02,2.9
blocks=1|exp=seq|k=30|one_way=True|seed=29,1,True,30,29,GA,264,,519.437,39.7
blocks=1|exp=seq|k=30|one_way=True|seed=29,1,True,30,29,ACO,114,,385.248,67.5
blocks=1|exp=seq|k=30|one_way=True|seed=29,1,True,30,29,ALO,390,,385.702,94.9
blocks=1|exp=seq|k=30|one_way=True|seed=29,1,True,30,29,Hybrid,114,,12.623,2.9
blocks=1|exp=seq|k=30|one_way=True|seed=28,1,True,30,28,NN,114,,0.107,2.9
blocks=1|exp=seq|k=30|one_way=True|seed=28,1,True,30,28,NN2opt,114,,2.139,2.9
blocks=1|exp=seq|k=30|one_way=True|seed=28,1,True,30,28,GA,264,,527.153,39.7
blocks=1|exp=seq|k=30|one_way=True|seed=28,1,True,30,28,ACO,114,,385.513,67.5
blocks=1|exp=seq|k=30|one_way=True|seed=28,1,True,30,28,ALO,372,,386.014,94.7
blocks=1|exp=seq|k=30|one_way=True|seed=28,1,True,30,28,Hybrid,114,,12.637,2.9
blocks=1|exp=seq|k=5|one_way=False|seed=3,1,False,5,3,HeldKarp,62,62,0.136,3.7
blocks=1|exp=seq|k=5|one_way=False|seed=3,1,False,5,3,NN,62,62,0.011,1.1
blocks=1|exp=seq|k=5|one_way=False|seed=3,1,False,5,3,NN2opt,62,62,0.034,1.1
blocks=1|exp=seq|k=5|one_way=False|seed=3,1,False,5,3,GA,62,62,273.975,20.0
blocks=1|exp=seq|k=5|one_way=False|seed=3,1,False,5,3,ACO,62,62,28.812,5.5
blocks=1|exp=seq|k=5|one_way=False|seed=3,1,False,5,3,ALO,62,62,242.246,19.7
blocks=1|exp=seq|k=5|one_way=False|seed=3,1,False,5,3,Hybrid,62,62,0.124,1.1
blocks=1|exp=seq|k=5|one_way=False|seed=4,1,False,5,4,HeldKarp,46,46,0.133,3.7
blocks=1|exp=seq|k=5|one_way=False|seed=4,1,False,5,4,NN,46,46,0.012,1.1
blocks=1|exp=seq|k=5|one_way=False|seed=4,1,False,5,4,NN2opt,46,46,0.034,1.1
blocks=1|exp=seq|k=5|one_way=False|seed=4,1,False,5,4,GA,46,46,275.635,19.8
blocks=1|exp=seq|k=5|one_way=False|seed=4,1,False,5,4,ACO,46,46,28.626,5.4
blocks=1|exp=seq|k=5|one_way=False|seed=4,1,False,5,4,ALO,46,46,250.453,19.7
blocks=1|exp=seq|k=5|one_way=False|seed=4,1,False,5,4,Hybrid,46,46,0.123,1.1
blocks=1|exp=seq|k=5|one_way=False|seed=5,1,False,5,5,HeldKarp,64,64,0.135,3.7
blocks=1|exp=seq|k=5|one_way=False|seed=5,1,False,5,5,NN,66,64,0.012,1.1
blocks=1|exp=seq|k=5|one_way=False|seed=5,1,False,5,5,NN2opt,64,64,0.054,1.1
blocks=1|exp=seq|k=5|one_way=False|seed=5,1,False,5,5,GA,64,64,274.329,20.1
blocks=1|exp=seq|k=5|one_way=False|seed=5,1,False,5,5,ACO,64,64,29.188,5.5
blocks=1|exp=seq|k=5|one_way=False|seed=5,1,False,5,5,ALO,64,64,244.011,20.2
blocks=1|exp=seq|k=5|one_way=False|seed=5,1,False,5,5,Hybrid,64,64,0.252,1.1
blocks=1|exp=seq|k=5|one_way=False|seed=6,1,False,5,6,HeldKarp,48,48,0.162,3.7
blocks=1|exp=seq|k=5|one_way=False|seed=6,1,False,5,6,NN,48,48,0.013,1.1
blocks=1|exp=seq|k=5|one_way=False|seed=6,1,False,5,6,NN2opt,48,48,0.035,1.1
blocks=1|exp=seq|k=5|one_way=False|seed=6,1,False,5,6,GA,48,48,291.184,20.1
blocks=1|exp=seq|k=5|one_way=False|seed=6,1,False,5,6,ACO,48,48,29.012,5.4
blocks=1|exp=seq|k=5|one_way=False|seed=6,1,False,5,6,ALO,48,48,247.801,20.1
blocks=1|exp=seq|k=5|one_way=False|seed=6,1,False,5,6,Hybrid,48,48,0.121,1.1
blocks=1|exp=seq|k=5|one_way=False|seed=7,1,False,5,7,HeldKarp,66,66,0.135,3.7
blocks=1|exp=seq|k=5|one_way=False|seed=7,1,False,5,7,NN,66,66,0.012,1.1
blocks=1|exp=seq|k=5|one_way=False|seed=7,1,False,5,7,NN2opt,66,66,0.034,1.1
blocks=1|exp=seq|k=5|one_way=False|seed=7,1,False,5,7,GA,66,66,272.074,20.3
blocks=1|exp=seq|k=5|one_way=False|seed=7,1,False,5,7,ACO,66,66,28.674,5.5
blocks=1|exp=seq|k=5|one_way=False|seed=7,1,False,5,7,ALO,66,66,266.111,19.6
blocks=1|exp=seq|k=5|one_way=False|seed=7,1,False,5,7,Hybrid,66,66,0.123,1.1
blocks=1|exp=seq|k=5|one_way=False|seed=9,1,False,5,9,HeldKarp,64,64,0.13,3.7
blocks=1|exp=seq|k=5|one_way=False|seed=9,1,False,5,9,NN,64,64,0.011,1.1
blocks=1|exp=seq|k=5|one_way=False|seed=9,1,False,5,9,NN2opt,64,64,0.033,1.1
blocks=1|exp=seq|k=5|one_way=False|seed=9,1,False,5,9,GA,64,64,275.207,20.0
blocks=1|exp=seq|k=5|one_way=False|seed=9,1,False,5,9,ACO,64,64,28.875,5.4
blocks=1|exp=seq|k=5|one_way=False|seed=9,1,False,5,9,ALO,64,64,240.04,19.8
blocks=1|exp=seq|k=5|one_way=False|seed=9,1,False,5,9,Hybrid,64,64,0.144,1.1
blocks=1|exp=seq|k=5|one_way=False|seed=8,1,False,5,8,HeldKarp,60,60,0.138,3.7
blocks=1|exp=seq|k=5|one_way=False|seed=8,1,False,5,8,NN,66,60,0.012,1.1
blocks=1|exp=seq|k=5|one_way=False|seed=8,1,False,5,8,NN2opt,60,60,0.053,1.1
blocks=1|exp=seq|k=5|one_way=False|seed=8,1,False,5,8,GA,60,60,271.996,19.8
blocks=1|exp=seq|k=5|one_way=False|seed=8,1,False,5,8,ACO,60,60,28.443,5.5
blocks=1|exp=seq|k=5|one_way=False|seed=8,1,False,5,8,ALO,60,60,242.837,19.6
blocks=1|exp=seq|k=5|one_way=False|seed=8,1,False,5,8,Hybrid,60,60,0.254,1.1
blocks=1|exp=seq|k=5|one_way=False|seed=10,1,False,5,10,HeldKarp,56,56,0.132,3.7
blocks=1|exp=seq|k=5|one_way=False|seed=10,1,False,5,10,NN,62,56,0.012,1.1
blocks=1|exp=seq|k=5|one_way=False|seed=10,1,False,5,10,NN2opt,56,56,0.054,1.1
blocks=1|exp=seq|k=5|one_way=False|seed=10,1,False,5,10,GA,56,56,275.31,20.1
blocks=1|exp=seq|k=5|one_way=False|seed=10,1,False,5,10,ACO,56,56,29.269,5.5
blocks=1|exp=seq|k=5|one_way=False|seed=10,1,False,5,10,ALO,56,56,239.505,19.7
blocks=1|exp=seq|k=5|one_way=False|seed=10,1,False,5,10,Hybrid,56,56,0.251,1.1
blocks=1|exp=seq|k=5|one_way=False|seed=11,1,False,5,11,HeldKarp,72,72,0.128,3.7
blocks=1|exp=seq|k=5|one_way=False|seed=11,1,False,5,11,NN,78,72,0.012,1.1
blocks=1|exp=seq|k=5|one_way=False|seed=11,1,False,5,11,NN2opt,72,72,0.053,1.1
blocks=1|exp=seq|k=5|one_way=False|seed=11,1,False,5,11,GA,72,72,271.699,19.8
blocks=1|exp=seq|k=5|one_way=False|seed=11,1,False,5,11,ACO,72,72,28.174,5.5
blocks=1|exp=seq|k=5|one_way=False|seed=11,1,False,5,11,ALO,72,72,242.298,19.7
blocks=1|exp=seq|k=5|one_way=False|seed=11,1,False,5,11,Hybrid,72,72,0.237,1.1
blocks=1|exp=seq|k=5|one_way=False|seed=12,1,False,5,12,HeldKarp,72,72,0.131,3.7
blocks=1|exp=seq|k=5|one_way=False|seed=12,1,False,5,12,NN,74,72,0.011,1.1
blocks=1|exp=seq|k=5|one_way=False|seed=12,1,False,5,12,NN2opt,72,72,0.053,1.1
blocks=1|exp=seq|k=5|one_way=False|seed=12,1,False,5,12,GA,72,72,267.824,19.8
blocks=1|exp=seq|k=5|one_way=False|seed=12,1,False,5,12,ACO,72,72,28.016,5.5
blocks=1|exp=seq|k=5|one_way=False|seed=12,1,False,5,12,ALO,72,72,247.185,19.8
blocks=1|exp=seq|k=5|one_way=False|seed=12,1,False,5,12,Hybrid,72,72,0.23,1.1
blocks=1|exp=seq|k=5|one_way=False|seed=13,1,False,5,13,HeldKarp,54,54,0.132,3.7
blocks=1|exp=seq|k=5|one_way=False|seed=13,1,False,5,13,NN,54,54,0.011,1.1
blocks=1|exp=seq|k=5|one_way=False|seed=13,1,False,5,13,NN2opt,54,54,0.034,1.1
blocks=1|exp=seq|k=5|one_way=False|seed=13,1,False,5,13,GA,54,54,275.372,20.0
blocks=1|exp=seq|k=5|one_way=False|seed=13,1,False,5,13,ACO,54,54,27.914,5.4
blocks=1|exp=seq|k=5|one_way=False|seed=13,1,False,5,13,ALO,54,54,244.704,19.6
blocks=1|exp=seq|k=5|one_way=False|seed=13,1,False,5,13,Hybrid,54,54,0.132,1.1
blocks=1|exp=seq|k=5|one_way=False|seed=14,1,False,5,14,HeldKarp,60,60,0.134,3.7
blocks=1|exp=seq|k=5|one_way=False|seed=14,1,False,5,14,NN,66,60,0.01,1.1
blocks=1|exp=seq|k=5|one_way=False|seed=14,1,False,5,14,NN2opt,60,60,0.054,1.1
blocks=1|exp=seq|k=5|one_way=False|seed=14,1,False,5,14,GA,60,60,276.279,19.8
blocks=1|exp=seq|k=5|one_way=False|seed=14,1,False,5,14,ACO,60,60,28.267,5.5
blocks=1|exp=seq|k=5|one_way=False|seed=14,1,False,5,14,ALO,60,60,242.059,19.6
blocks=1|exp=seq|k=5|one_way=False|seed=14,1,False,5,14,Hybrid,60,60,0.255,1.1
blocks=1|exp=seq|k=5|one_way=False|seed=15,1,False,5,15,HeldKarp,54,54,0.132,3.7
blocks=1|exp=seq|k=5|one_way=False|seed=15,1,False,5,15,NN,54,54,0.012,1.1
blocks=1|exp=seq|k=5|one_way=False|seed=15,1,False,5,15,NN2opt,54,54,0.033,1.1
blocks=1|exp=seq|k=5|one_way=False|seed=15,1,False,5,15,GA,54,54,273.463,19.9
blocks=1|exp=seq|k=5|one_way=False|seed=15,1,False,5,15,ACO,54,54,28.61,5.4
blocks=1|exp=seq|k=5|one_way=False|seed=15,1,False,5,15,ALO,54,54,239.387,19.7
blocks=1|exp=seq|k=5|one_way=False|seed=15,1,False,5,15,Hybrid,54,54,0.124,1.1
blocks=1|exp=seq|k=5|one_way=False|seed=16,1,False,5,16,HeldKarp,54,54,0.131,3.7
blocks=1|exp=seq|k=5|one_way=False|seed=16,1,False,5,16,NN,60,54,0.012,1.1
blocks=1|exp=seq|k=5|one_way=False|seed=16,1,False,5,16,NN2opt,54,54,0.073,1.1
blocks=1|exp=seq|k=5|one_way=False|seed=16,1,False,5,16,GA,54,54,273.594,20.1
blocks=1|exp=seq|k=5|one_way=False|seed=16,1,False,5,16,ACO,54,54,28.497,5.5
blocks=1|exp=seq|k=5|one_way=False|seed=16,1,False,5,16,ALO,54,54,243.427,20.9
blocks=1|exp=seq|k=5|one_way=False|seed=16,1,False,5,16,Hybrid,54,54,0.244,1.1
blocks=1|exp=seq|k=5|one_way=False|seed=17,1,False,5,17,HeldKarp,68,68,0.136,3.7
blocks=1|exp=seq|k=5|one_way=False|seed=17,1,False,5,17,NN,78,68,0.011,1.1
blocks=1|exp=seq|k=5|one_way=False|seed=17,1,False,5,17,NN2opt,68,68,0.055,1.1
blocks=1|exp=seq|k=5|one_way=False|seed=17,1,False,5,17,GA,68,68,274.691,20.0
blocks=1|exp=seq|k=5|one_way=False|seed=17,1,False,5,17,ACO,68,68,28.524,5.5
blocks=1|exp=seq|k=5|one_way=False|seed=17,1,False,5,17,ALO,68,68,244.508,19.8
blocks=1|exp=seq|k=5|one_way=False|seed=17,1,False,5,17,Hybrid,68,68,0.262,1.1
blocks=1|exp=seq|k=5|one_way=False|seed=18,1,False,5,18,HeldKarp,62,62,0.133,3.7
blocks=1|exp=seq|k=5|one_way=False|seed=18,1,False,5,18,NN,62,62,0.012,1.1
blocks=1|exp=seq|k=5|one_way=False|seed=18,1,False,5,18,NN2opt,62,62,0.033,1.1
blocks=1|exp=seq|k=5|one_way=False|seed=18,1,False,5,18,GA,62,62,271.106,20.5
blocks=1|exp=seq|k=5|one_way=False|seed=18,1,False,5,18,ACO,62,62,28.075,5.5
blocks=1|exp=seq|k=5|one_way=False|seed=18,1,False,5,18,ALO,62,62,247.166,19.7
blocks=1|exp=seq|k=5|one_way=False|seed=18,1,False,5,18,Hybrid,62,62,0.12,1.1
blocks=1|exp=seq|k=5|one_way=False|seed=19,1,False,5,19,HeldKarp,56,56,0.132,3.7
blocks=1|exp=seq|k=5|one_way=False|seed=19,1,False,5,19,NN,66,56,0.011,1.1
blocks=1|exp=seq|k=5|one_way=False|seed=19,1,False,5,19,NN2opt,56,56,0.074,1.1
blocks=1|exp=seq|k=5|one_way=False|seed=19,1,False,5,19,GA,56,56,271.765,19.8
blocks=1|exp=seq|k=5|one_way=False|seed=19,1,False,5,19,ACO,56,56,28.108,5.5
blocks=1|exp=seq|k=5|one_way=False|seed=19,1,False,5,19,ALO,56,56,252.905,19.7
blocks=1|exp=seq|k=5|one_way=False|seed=19,1,False,5,19,Hybrid,56,56,0.237,1.1
blocks=1|exp=seq|k=5|one_way=False|seed=20,1,False,5,20,HeldKarp,68,68,0.137,3.7
blocks=1|exp=seq|k=5|one_way=False|seed=20,1,False,5,20,NN,68,68,0.011,1.1
blocks=1|exp=seq|k=5|one_way=False|seed=20,1,False,5,20,NN2opt,68,68,0.034,1.1
blocks=1|exp=seq|k=5|one_way=False|seed=20,1,False,5,20,GA,68,68,271.947,19.8
blocks=1|exp=seq|k=5|one_way=False|seed=20,1,False,5,20,ACO,68,68,27.879,5.4
blocks=1|exp=seq|k=5|one_way=False|seed=20,1,False,5,20,ALO,68,68,254.645,19.6
blocks=1|exp=seq|k=5|one_way=False|seed=20,1,False,5,20,Hybrid,68,68,0.124,1.1
blocks=1|exp=seq|k=5|one_way=False|seed=21,1,False,5,21,HeldKarp,78,78,0.131,3.7
blocks=1|exp=seq|k=5|one_way=False|seed=21,1,False,5,21,NN,78,78,0.011,1.1
blocks=1|exp=seq|k=5|one_way=False|seed=21,1,False,5,21,NN2opt,78,78,0.033,1.1
blocks=1|exp=seq|k=5|one_way=False|seed=21,1,False,5,21,GA,78,78,281.81,19.9
blocks=1|exp=seq|k=5|one_way=False|seed=21,1,False,5,21,ACO,78,78,29.225,5.4
blocks=1|exp=seq|k=5|one_way=False|seed=21,1,False,5,21,ALO,78,78,246.487,19.7
blocks=1|exp=seq|k=5|one_way=False|seed=21,1,False,5,21,Hybrid,78,78,0.121,1.1
blocks=1|exp=seq|k=5|one_way=False|seed=23,1,False,5,23,HeldKarp,60,60,0.131,3.7
blocks=1|exp=seq|k=5|one_way=False|seed=23,1,False,5,23,NN,66,60,0.011,1.1
blocks=1|exp=seq|k=5|one_way=False|seed=23,1,False,5,23,NN2opt,60,60,0.068,1.1
blocks=1|exp=seq|k=5|one_way=False|seed=23,1,False,5,23,GA,60,60,271.443,19.9
blocks=1|exp=seq|k=5|one_way=False|seed=23,1,False,5,23,ACO,60,60,28.392,5.5
blocks=1|exp=seq|k=5|one_way=False|seed=23,1,False,5,23,ALO,60,60,242.965,19.7
blocks=1|exp=seq|k=5|one_way=False|seed=23,1,False,5,23,Hybrid,60,60,0.234,1.1
blocks=1|exp=seq|k=5|one_way=False|seed=22,1,False,5,22,HeldKarp,58,58,0.131,3.7
blocks=1|exp=seq|k=5|one_way=False|seed=22,1,False,5,22,NN,58,58,0.011,1.1
blocks=1|exp=seq|k=5|one_way=False|seed=22,1,False,5,22,NN2opt,58,58,0.032,1.1
blocks=1|exp=seq|k=5|one_way=False|seed=22,1,False,5,22,GA,58,58,273.075,20.1
blocks=1|exp=seq|k=5|one_way=False|seed=22,1,False,5,22,ACO,58,58,28.4,5.5
blocks=1|exp=seq|k=5|one_way=False|seed=22,1,False,5,22,ALO,58,58,241.334,19.7
blocks=1|exp=seq|k=5|one_way=False|seed=22,1,False,5,22,Hybrid,58,58,0.123,1.1
blocks=1|exp=seq|k=5|one_way=False|seed=24,1,False,5,24,HeldKarp,76,76,0.133,3.7
blocks=1|exp=seq|k=5|one_way=False|seed=24,1,False,5,24,NN,78,76,0.011,1.1
blocks=1|exp=seq|k=5|one_way=False|seed=24,1,False,5,24,NN2opt,76,76,0.054,1.1
blocks=1|exp=seq|k=5|one_way=False|seed=24,1,False,5,24,GA,76,76,272.18,19.8
blocks=1|exp=seq|k=5|one_way=False|seed=24,1,False,5,24,ACO,76,76,28.666,5.5
blocks=1|exp=seq|k=5|one_way=False|seed=24,1,False,5,24,ALO,76,76,242.219,19.8
blocks=1|exp=seq|k=5|one_way=False|seed=24,1,False,5,24,Hybrid,76,76,0.263,1.1
blocks=1|exp=seq|k=5|one_way=False|seed=25,1,False,5,25,HeldKarp,46,46,0.131,3.7
blocks=1|exp=seq|k=5|one_way=False|seed=25,1,False,5,25,NN,48,46,0.011,1.1
blocks=1|exp=seq|k=5|one_way=False|seed=25,1,False,5,25,NN2opt,46,46,0.054,1.1
blocks=1|exp=seq|k=5|one_way=False|seed=25,1,False,5,25,GA,46,46,272.675,20.0
blocks=1|exp=seq|k=5|one_way=False|seed=25,1,False,5,25,ACO,46,46,28.158,5.5
blocks=1|exp=seq|k=5|one_way=False|seed=25,1,False,5,25,ALO,46,46,242.233,19.8
blocks=1|exp=seq|k=5|one_way=False|seed=25,1,False,5,25,Hybrid,46,46,0.23,1.1
blocks=1|exp=seq|k=5|one_way=False|seed=26,1,False,5,26,HeldKarp,72,72,0.136,3.7
blocks=1|exp=seq|k=5|one_way=False|seed=26,1,False,5,26,NN,72,72,0.011,1.1
blocks=1|exp=seq|k=5|one_way=False|seed=26,1,False,5,26,NN2opt,72,72,0.033,1.1
blocks=1|exp=seq|k=5|one_way=False|seed=26,1,False,5,26,GA,72,72,273.72,19.8
blocks=1|exp=seq|k=5|one_way=False|seed=26,1,False,5,26,ACO,72,72,29.769,5.4
blocks=1|exp=seq|k=5|one_way=False|seed=26,1,False,5,26,ALO,72,72,242.673,19.8
blocks=1|exp=seq|k=5|one_way=False|seed=26,1,False,5,26,Hybrid,72,72,0.128,1.1
blocks=1|exp=seq|k=5|one_way=False|seed=27,1,False,5,27,HeldKarp,60,60,0.14,3.7
blocks=1|exp=seq|k=5|one_way=False|seed=27,1,False,5,27,NN,60,60,0.011,1.1
blocks=1|exp=seq|k=5|one_way=False|seed=27,1,False,5,27,NN2opt,60,60,0.034,1.1
blocks=1|exp=seq|k=5|one_way=False|seed=27,1,False,5,27,GA,60,60,277.075,19.6
blocks=1|exp=seq|k=5|one_way=False|seed=27,1,False,5,27,ACO,60,60,28.439,5.4
blocks=1|exp=seq|k=5|one_way=False|seed=27,1,False,5,27,ALO,60,60,243.118,19.7
blocks=1|exp=seq|k=5|one_way=False|seed=27,1,False,5,27,Hybrid,60,60,0.123,1.1
blocks=1|exp=seq|k=5|one_way=False|seed=28,1,False,5,28,HeldKarp,58,58,0.131,3.7
blocks=1|exp=seq|k=5|one_way=False|seed=28,1,False,5,28,NN,58,58,0.011,1.1
blocks=1|exp=seq|k=5|one_way=False|seed=28,1,False,5,28,NN2opt,58,58,0.033,1.1
blocks=1|exp=seq|k=5|one_way=False|seed=28,1,False,5,28,GA,58,58,271.854,20.0
blocks=1|exp=seq|k=5|one_way=False|seed=28,1,False,5,28,ACO,58,58,28.993,5.5
blocks=1|exp=seq|k=5|one_way=False|seed=28,1,False,5,28,ALO,58,58,243.244,19.6
blocks=1|exp=seq|k=5|one_way=False|seed=28,1,False,5,28,Hybrid,58,58,0.126,1.1
blocks=1|exp=seq|k=5|one_way=False|seed=29,1,False,5,29,HeldKarp,64,64,0.131,3.7
blocks=1|exp=seq|k=5|one_way=False|seed=29,1,False,5,29,NN,76,64,0.01,1.1
blocks=1|exp=seq|k=5|one_way=False|seed=29,1,False,5,29,NN2opt,64,64,0.052,1.1
blocks=1|exp=seq|k=5|one_way=False|seed=29,1,False,5,29,GA,64,64,276.835,20.2
blocks=1|exp=seq|k=5|one_way=False|seed=29,1,False,5,29,ACO,64,64,28.124,5.5
blocks=1|exp=seq|k=5|one_way=False|seed=29,1,False,5,29,ALO,64,64,244.106,19.8
blocks=1|exp=seq|k=5|one_way=False|seed=29,1,False,5,29,Hybrid,64,64,0.239,1.1
blocks=1|exp=seq|k=8|one_way=False|seed=0,1,False,8,0,HeldKarp,80,80,1.708,60.9
blocks=1|exp=seq|k=8|one_way=False|seed=0,1,False,8,0,NN,84,80,0.017,1.1
blocks=1|exp=seq|k=8|one_way=False|seed=0,1,False,8,0,NN2opt,80,80,0.22,1.1
blocks=1|exp=seq|k=8|one_way=False|seed=0,1,False,8,0,GA,80,80,308.699,20.1
blocks=1|exp=seq|k=8|one_way=False|seed=0,1,False,8,0,ACO,80,80,51.468,8.9
blocks=1|exp=seq|k=8|one_way=False|seed=0,1,False,8,0,ALO,84,80,259.879,28.7
blocks=1|exp=seq|k=8|one_way=False|seed=0,1,False,8,0,Hybrid,80,80,0.87,1.1
blocks=1|exp=seq|k=8|one_way=False|seed=1,1,False,8,1,HeldKarp,70,70,1.778,60.9
blocks=1|exp=seq|k=8|one_way=False|seed=1,1,False,8,1,NN,70,70,0.02,1.1
blocks=1|exp=seq|k=8|one_way=False|seed=1,1,False,8,1,NN2opt,70,70,0.086,1.1
blocks=1|exp=seq|k=8|one_way=False|seed=1,1,False,8,1,GA,70,70,303.516,20.3
blocks=1|exp=seq|k=8|one_way=False|seed=1,1,False,8,1,ACO,70,70,51.649,8.9
blocks=1|exp=seq|k=8|one_way=False|seed=1,1,False,8,1,ALO,70,70,258.022,28.6
blocks=1|exp=seq|k=8|one_way=False|seed=1,1,False,8,1,Hybrid,70,70,0.394,1.1
blocks=1|exp=seq|k=8|one_way=False|seed=2,1,False,8,2,HeldKarp,68,68,1.746,60.9
blocks=1|exp=seq|k=8|one_way=False|seed=2,1,False,8,2,NN,70,68,0.018,1.1
blocks=1|exp=seq|k=8|one_way=False|seed=2,1,False,8,2,NN2opt,68,68,0.153,1.1
blocks=1|exp=seq|k=8|one_way=False|seed=2,1,False,8,2,GA,68,68,303.61,20.2
blocks=1|exp=seq|k=8|one_way=False|seed=2,1,False,8,2,ACO,68,68,51.463,8.9
blocks=1|exp=seq|k=8|one_way=False|seed=2,1,False,8,2,ALO,68,68,261.838,29.0
blocks=1|exp=seq|k=8|one_way=False|seed=2,1,False,8,2,Hybrid,68,68,0.838,1.1
blocks=1|exp=seq|k=8|one_way=False|seed=3,1,False,8,3,HeldKarp,74,74,1.719,60.9
blocks=1|exp=seq|k=8|one_way=False|seed=3,1,False,8,3,NN,82,74,0.017,1.1
blocks=1|exp=seq|k=8|one_way=False|seed=3,1,False,8,3,NN2opt,74,74,0.15,1.1
blocks=1|exp=seq|k=8|one_way=False|seed=3,1,False,8,3,GA,74,74,312.887,20.4
blocks=1|exp=seq|k=8|one_way=False|seed=3,1,False,8,3,ACO,74,74,51.408,8.9
blocks=1|exp=seq|k=8|one_way=False|seed=3,1,False,8,3,ALO,74,74,261.283,28.8
blocks=1|exp=seq|k=8|one_way=False|seed=3,1,False,8,3,Hybrid,74,74,0.753,1.1
blocks=1|exp=seq|k=8|one_way=False|seed=4,1,False,8,4,HeldKarp,80,80,1.903,60.9
blocks=1|exp=seq|k=8|one_way=False|seed=4,1,False,8,4,NN,92,80,0.018,1.1
blocks=1|exp=seq|k=8|one_way=False|seed=4,1,False,8,4,NN2opt,80,80,0.154,1.1
blocks=1|exp=seq|k=8|one_way=False|seed=4,1,False,8,4,GA,80,80,310.535,20.2
blocks=1|exp=seq|k=8|one_way=False|seed=4,1,False,8,4,ACO,80,80,50.907,8.9
blocks=1|exp=seq|k=8|one_way=False|seed=4,1,False,8,4,ALO,92,80,258.158,28.6
blocks=1|exp=seq|k=8|one_way=False|seed=4,1,False,8,4,Hybrid,80,80,0.802,1.1
blocks=1|exp=seq|k=8|one_way=False|seed=5,1,False,8,5,HeldKarp,76,76,1.764,60.9
blocks=1|exp=seq|k=8|one_way=False|seed=5,1,False,8,5,NN,80,76,0.018,1.1
blocks=1|exp=seq|k=8|one_way=False|seed=5,1,False,8,5,NN2opt,76,76,0.153,1.1
blocks=1|exp=seq|k=8|one_way=False|seed=5,1,False,8,5,GA,76,76,302.399,20.5
blocks=1|exp=seq|k=8|one_way=False|seed=5,1,False,8,5,ACO,76,76,50.647,8.9
blocks=1|exp=seq|k=8|one_way=False|seed=5,1,False,8,5,ALO,80,76,262.641,28.6
blocks=1|exp=seq|k=8|one_way=False|seed=5,1,False,8,5,Hybrid,76,76,0.86,1.1
blocks=1|exp=seq|k=8|one_way=False|seed=6,1,False,8,6,HeldKarp,74,74,1.768,60.9
blocks=1|exp=seq|k=8|one_way=False|seed=6,1,False,8,6,NN,74,74,0.018,1.1
blocks=1|exp=seq|k=8|one_way=False|seed=6,1,False,8,6,NN2opt,74,74,0.083,1.1
blocks=1|exp=seq|k=8|one_way=False|seed=6,1,False,8,6,GA,74,74,299.349,20.3
blocks=1|exp=seq|k=8|one_way=False|seed=6,1,False,8,6,ACO,74,74,51.314,8.9
blocks=1|exp=seq|k=8|one_way=False|seed=6,1,False,8,6,ALO,80,74,263.51,28.6
blocks=1|exp=seq|k=8|one_way=False|seed=6,1,False,8,6,Hybrid,74,74,0.366,1.1
blocks=1|exp=seq|k=8|one_way=False|seed=7,1,False,8,7,HeldKarp,74,74,1.751,60.9
blocks=1|exp=seq|k=8|one_way=False|seed=7,1,False,8,7,NN,80,74,0.018,1.1
blocks=1|exp=seq|k=8|one_way=False|seed=7,1,False,8,7,NN2opt,74,74,0.152,1.1
blocks=1|exp=seq|k=8|one_way=False|seed=7,1,False,8,7,GA,74,74,303.07,20.3
blocks=1|exp=seq|k=8|one_way=False|seed=7,1,False,8,7,ACO,74,74,51.157,8.9
blocks=1|exp=seq|k=8|one_way=False|seed=7,1,False,8,7,ALO,78,74,273.367,28.7
blocks=1|exp=seq|k=8|one_way=False|seed=7,1,False,8,7,Hybrid,74,74,0.802,1.1
blocks=1|exp=seq|k=8|one_way=False|seed=8,1,False,8,8,HeldKarp,70,70,1.779,60.9
blocks=1|exp=seq|k=8|one_way=False|seed=8,1,False,8,8,NN,76,70,0.018,1.1
blocks=1|exp=seq|k=8|one_way=False|seed=8,1,False,8,8,NN2opt,76,70,0.087,1.1
blocks=1|exp=seq|k=8|one_way=False|seed=8,1,False,8,8,GA,70,70,310.841,20.3
blocks=1|exp=seq|k=8|one_way=False|seed=8,1,False,8,8,ACO,70,70,51.87,8.9
blocks=1|exp=seq|k=8|one_way=False|seed=8,1,False,8,8,ALO,70,70,267.658,28.6
blocks=1|exp=seq|k=8|one_way=False|seed=8,1,False,8,8,Hybrid,70,70,0.823,1.1
blocks=1|exp=seq|k=8|one_way=False|seed=9,1,False,8,9,HeldKarp,78,78,1.751,60.9
blocks=1|exp=seq|k=8|one_way=False|seed=9,1,False,8,9,NN,86,78,0.018,1.1
blocks=1|exp=seq|k=8|one_way=False|seed=9,1,False,8,9,NN2opt,78,78,0.152,1.1
blocks=1|exp=seq|k=8|one_way=False|seed=9,1,False,8,9,GA,78,78,305.389,20.2
blocks=1|exp=seq|k=8|one_way=False|seed=9,1,False,8,9,ACO,78,78,51.097,8.9
blocks=1|exp=seq|k=8|one_way=False|seed=9,1,False,8,9,ALO,78,78,261.027,28.7
blocks=1|exp=seq|k=8|one_way=False|seed=9,1,False,8,9,Hybrid,78,78,0.761,1.1
blocks=1|exp=seq|k=8|one_way=False|seed=10,1,False,8,10,HeldKarp,80,80,1.734,60.9
blocks=1|exp=seq|k=8|one_way=False|seed=10,1,False,8,10,NN,86,80,0.017,1.1
blocks=1|exp=seq|k=8|one_way=False|seed=10,1,False,8,10,NN2opt,80,80,0.148,1.1
blocks=1|exp=seq|k=8|one_way=False|seed=10,1,False,8,10,GA,80,80,305.2,20.2
blocks=1|exp=seq|k=8|one_way=False|seed=10,1,False,8,10,ACO,80,80,50.464,8.9
blocks=1|exp=seq|k=8|one_way=False|seed=10,1,False,8,10,ALO,92,80,261.93,28.7
blocks=1|exp=seq|k=8|one_way=False|seed=10,1,False,8,10,Hybrid,84,80,0.786,1.1
blocks=1|exp=seq|k=8|one_way=False|seed=11,1,False,8,11,HeldKarp,58,58,1.795,60.9
blocks=1|exp=seq|k=8|one_way=False|seed=11,1,False,8,11,NN,64,58,0.017,1.1
blocks=1|exp=seq|k=8|one_way=False|seed=11,1,False,8,11,NN2opt,58,58,0.151,1.1
blocks=1|exp=seq|k=8|one_way=False|seed=11,1,False,8,11,GA,58,58,304.462,20.3
blocks=1|exp=seq|k=8|one_way=False|seed=11,1,False,8,11,ACO,58,58,52.512,8.9
blocks=1|exp=seq|k=8|one_way=False|seed=11,1,False,8,11,ALO,60,58,259.309,28.7
blocks=1|exp=seq|k=8|one_way=False|seed=11,1,False,8,11,Hybrid,60,58,0.791,1.1
blocks=1|exp=seq|k=8|one_way=False|seed=12,1,False,8,12,HeldKarp,78,78,1.712,60.9
blocks=1|exp=seq|k=8|one_way=False|seed=12,1,False,8,12,NN,82,78,0.018,1.1
blocks=1|exp=seq|k=8|one_way=False|seed=12,1,False,8,12,NN2opt,82,78,0.083,1.1
blocks=1|exp=seq|k=8|one_way=False|seed=12,1,False,8,12,GA,78,78,305.566,20.2
blocks=1|exp=seq|k=8|one_way=False|seed=12,1,False,8,12,ACO,78,78,52.808,8.9
blocks=1|exp=seq|k=8|one_way=False|seed=12,1,False,8,12,ALO,88,78,258.767,28.7
blocks=1|exp=seq|k=8|one_way=False|seed=12,1,False,8,12,Hybrid,78,78,0.906,1.1
blocks=1|exp=seq|k=8|one_way=False|seed=13,1,False,8,13,HeldKarp,76,76,1.732,60.9
blocks=1|exp=seq|k=8|one_way=False|seed=13,1,False,8,13,NN,84,76,0.018,1.1
blocks=1|exp=seq|k=8|one_way=False|seed=13,1,False,8,13,NN2opt,76,76,0.147,1.1
blocks=1|exp=seq|k=8|one_way=False|seed=13,1,False,8,13,GA,76,76,301.124,20.3
blocks=1|exp=seq|k=8|one_way=False|seed=13,1,False,8,13,ACO,76,76,51.178,8.9
blocks=1|exp=seq|k=8|one_way=False|seed=13,1,False,8,13,ALO,82,76,283.204,28.9
blocks=1|exp=seq|k=8|one_way=False|seed=13,1,False,8,13,Hybrid,76,76,0.902,1.1
blocks=1|exp=seq|k=8|one_way=False|seed=14,1,False,8,14,HeldKarp,80,80,1.821,60.9
blocks=1|exp=seq|k=8|one_way=False|seed=14,1,False,8,14,NN,82,80,0.02,1.1
blocks=1|exp=seq|k=8|one_way=False|seed=14,1,False,8,14,NN2opt,80,80,0.163,1.1
blocks=1|exp=seq|k=8|one_way=False|seed=14,1,False,8,14,GA,80,80,303.868,20.2
blocks=1|exp=seq|k=8|one_way=False|seed=14,1,False,8,14,ACO,80,80,51.531,8.9
blocks=1|exp=seq|k=8|one_way=False|seed=14,1,False,8,14,ALO,80,80,258.102,28.7
blocks=1|exp=seq|k=8|one_way=False|seed=14,1,False,8,14,Hybrid,80,80,0.819,1.1
blocks=1|exp=seq|k=8|one_way=False|seed=15,1,False,8,15,HeldKarp,70,70,1.712,60.9
blocks=1|exp=seq|k=8|one_way=False|seed=15,1,False,8,15,NN,80,70,0.017,1.1
blocks=1|exp=seq|k=8|one_way=False|seed=15,1,False,8,15,NN2opt,70,70,0.211,1.1
blocks=1|exp=seq|k=8|one_way=False|seed=15,1,False,8,15,GA,70,70,311.443,20.4
blocks=1|exp=seq|k=8|one_way=False|seed=15,1,False,8,15,ACO,70,70,53.935,8.9
blocks=1|exp=seq|k=8|one_way=False|seed=15,1,False,8,15,ALO,76,70,257.728,28.6
blocks=1|exp=seq|k=8|one_way=False|seed=15,1,False,8,15,Hybrid,76,70,0.907,1.1
blocks=1|exp=seq|k=8|one_way=False|seed=16,1,False,8,16,HeldKarp,78,78,1.735,60.9
blocks=1|exp=seq|k=8|one_way=False|seed=16,1,False,8,16,NN,88,78,0.018,1.1
blocks=1|exp=seq|k=8|one_way=False|seed=16,1,False,8,16,NN2opt,84,78,0.15,1.1
blocks=1|exp=seq|k=8|one_way=False|seed=16,1,False,8,16,GA,78,78,307.782,20.6
blocks=1|exp=seq|k=8|one_way=False|seed=16,1,False,8,16,ACO,78,78,52.179,8.9
blocks=1|exp=seq|k=8|one_way=False|seed=16,1,False,8,16,ALO,86,78,261.008,28.7
blocks=1|exp=seq|k=8|one_way=False|seed=16,1,False,8,16,Hybrid,82,78,0.867,1.1
blocks=1|exp=seq|k=8|one_way=False|seed=17,1,False,8,17,HeldKarp,64,64,1.726,60.9
blocks=1|exp=seq|k=8|one_way=False|seed=17,1,False,8,17,NN,72,64,0.017,1.1
blocks=1|exp=seq|k=8|one_way=False|seed=17,1,False,8,17,NN2opt,64,64,0.148,1.1
blocks=1|exp=seq|k=8|one_way=False|seed=17,1,False,8,17,GA,64,64,304.607,20.2
blocks=1|exp=seq|k=8|one_way=False|seed=17,1,False,8,17,ACO,64,64,51.214,8.8
blocks=1|exp=seq|k=8|one_way=False|seed=17,1,False,8,17,ALO,64,64,259.861,28.7
blocks=1|exp=seq|k=8|one_way=False|seed=17,1,False,8,17,Hybrid,64,64,0.92,1.1
blocks=1|exp=seq|k=8|one_way=False|seed=18,1,False,8,18,HeldKarp,86,86,2.11,60.9
blocks=1|exp=seq|k=8|one_way=False|seed=18,1,False,8,18,NN,86,86,0.019,1.1
blocks=1|exp=seq|k=8|one_way=False|seed=18,1,False,8,18,NN2opt,86,86,0.087,1.1
blocks=1|exp=seq|k=8|one_way=False|seed=18,1,False,8,18,GA,86,86,315.353,20.1
blocks=1|exp=seq|k=8|one_way=False|seed=18,1,False,8,18,ACO,86,86,51.8,8.9
blocks=1|exp=seq|k=8|one_way=False|seed=18,1,False,8,18,ALO,88,86,259.834,28.6
blocks=1|exp=seq|k=8|one_way=False|seed=18,1,False,8,18,Hybrid,86,86,0.375,1.1
blocks=1|exp=seq|k=8|one_way=False|seed=19,1,False,8,19,HeldKarp,76,76,1.806,60.9
blocks=1|exp=seq|k=8|one_way=False|seed=19,1,False,8,19,NN,76,76,0.018,1.1
blocks=1|exp=seq|k=8|one_way=False|seed=19,1,False,8,19,NN2opt,76,76,0.091,1.1
blocks=1|exp=seq|k=8|one_way=False|seed=19,1,False,8,19,GA,76,76,309.832,20.6
blocks=1|exp=seq|k=8|one_way=False|seed=19,1,False,8,19,ACO,76,76,52.381,8.8
blocks=1|exp=seq|k=8|one_way=False|seed=19,1,False,8,19,ALO,88,76,259.285,28.7
blocks=1|exp=seq|k=8|one_way=False|seed=19,1,False,8,19,Hybrid,76,76,0.376,1.1
blocks=1|exp=seq|k=8|one_way=False|seed=20,1,False,8,20,HeldKarp,78,78,1.71,60.9
blocks=1|exp=seq|k=8|one_way=False|seed=20,1,False,8,20,NN,82,78,0.017,1.1
blocks=1|exp=seq|k=8|one_way=False|seed=20,1,False,8,20,NN2opt,78,78,0.149,1.1
blocks=1|exp=seq|k=8|one_way=False|seed=20,1,False,8,20,GA,78,78,301.073,20.5
blocks=1|exp=seq|k=8|one_way=False|seed=20,1,False,8,20,ACO,78,78,50.693,8.9
blocks=1|exp=seq|k=8|one_way=False|seed=20,1,False,8,20,ALO,82,78,269.97,28.6
blocks=1|exp=seq|k=8|one_way=False|seed=20,1,False,8,20,Hybrid,78,78,0.736,1.1
blocks=1|exp=seq|k=8|one_way=False|seed=21,1,False,8,21,HeldKarp,86,86,1.713,60.9
blocks=1|exp=seq|k=8|one_way=False|seed=21,1,False,8,21,NN,86,86,0.017,1.1
blocks=1|exp=seq|k=8|one_way=False|seed=21,1,False,8,21,NN2opt,86,86,0.085,1.1
blocks=1|exp=seq|k=8|one_way=False|seed=21,1,False,8,21,GA,86,86,317.677,20.5
blocks=1|exp=seq|k=8|one_way=False|seed=21,1,False,8,21,ACO,86,86,50.167,8.9
blocks=1|exp=seq|k=8|one_way=False|seed=21,1,False,8,21,ALO,90,86,267.238,28.6
blocks=1|exp=seq|k=8|one_way=False|seed=21,1,False,8,21,Hybrid,86,86,0.372,1.1
blocks=1|exp=seq|k=8|one_way=False|seed=22,1,False,8,22,HeldKarp,74,74,1.765,60.9
blocks=1|exp=seq|k=8|one_way=False|seed=22,1,False,8,22,NN,80,74,0.017,1.1
blocks=1|exp=seq|k=8|one_way=False|seed=22,1,False,8,22,NN2opt,74,74,0.159,1.1
blocks=1|exp=seq|k=8|one_way=False|seed=22,1,False,8,22,GA,74,74,315.64,20.2
blocks=1|exp=seq|k=8|one_way=False|seed=22,1,False,8,22,ACO,74,74,53.194,8.9
blocks=1|exp=seq|k=8|one_way=False|seed=22,1,False,8,22,ALO,80,74,267.563,28.6
blocks=1|exp=seq|k=8|one_way=False|seed=22,1,False,8,22,Hybrid,74,74,0.835,1.1
blocks=1|exp=seq|k=8|one_way=False|seed=23,1,False,8,23,HeldKarp,64,64,1.814,60.9
blocks=1|exp=seq|k=8|one_way=False|seed=23,1,False,8,23,NN,68,64,0.018,1.1
blocks=1|exp=seq|k=8|one_way=False|seed=23,1,False,8,23,NN2opt,68,64,0.086,1.1
blocks=1|exp=seq|k=8|one_way=False|seed=23,1,False,8,23,GA,64,64,304.582,20.4
blocks=1|exp=seq|k=8|one_way=False|seed=23,1,False,8,23,ACO,64,64,63.503,8.9
blocks=1|exp=seq|k=8|one_way=False|seed=23,1,False,8,23,ALO,70,64,282.334,28.7
blocks=1|exp=seq|k=8|one_way=False|seed=23,1,False,8,23,Hybrid,64,64,0.79,1.1
blocks=1|exp=seq|k=8|one_way=False|seed=24,1,False,8,24,HeldKarp,80,80,1.758,60.9
blocks=1|exp=seq|k=8|one_way=False|seed=24,1,False,8,24,NN,80,80,0.018,1.1
blocks=1|exp=seq|k=8|one_way=False|seed=24,1,False,8,24,NN2opt,80,80,0.087,1.1
blocks=1|exp=seq|k=8|one_way=False|seed=24,1,False,8,24,GA,80,80,300.52,20.4
blocks=1|exp=seq|k=8|one_way=False|seed=24,1,False,8,24,ACO,80,80,53.298,8.9
blocks=1|exp=seq|k=8|one_way=False|seed=24,1,False,8,24,ALO,84,80,262.499,28.7
blocks=1|exp=seq|k=8|one_way=False|seed=24,1,False,8,24,Hybrid,80,80,0.377,1.1
blocks=1|exp=seq|k=8|one_way=False|seed=25,1,False,8,25,HeldKarp,80,80,1.734,60.9
blocks=1|exp=seq|k=8|one_way=False|seed=25,1,False,8,25,NN,82,80,0.017,1.1
blocks=1|exp=seq|k=8|one_way=False|seed=25,1,False,8,25,NN2opt,80,80,0.153,1.1
blocks=1|exp=seq|k=8|one_way=False|seed=25,1,False,8,25,GA,80,80,303.568,20.0
blocks=1|exp=seq|k=8|one_way=False|seed=25,1,False,8,25,ACO,80,80,51.371,8.9
blocks=1|exp=seq|k=8|one_way=False|seed=25,1,False,8,25,ALO,80,80,260.891,28.7
blocks=1|exp=seq|k=8|one_way=False|seed=25,1,False,8,25,Hybrid,80,80,0.795,1.1
blocks=1|exp=seq|k=8|one_way=False|seed=26,1,False,8,26,HeldKarp,82,82,1.78,60.9
blocks=1|exp=seq|k=8|one_way=False|seed=26,1,False,8,26,NN,84,82,0.022,1.1
blocks=1|exp=seq|k=8|one_way=False|seed=26,1,False,8,26,NN2opt,82,82,2.457,1.1
blocks=1|exp=seq|k=8|one_way=False|seed=26,1,False,8,26,GA,82,82,318.642,19.9
blocks=1|exp=seq|k=8|one_way=False|seed=26,1,False,8,26,ACO,82,82,51.105,8.9
blocks=1|exp=seq|k=8|one_way=False|seed=26,1,False,8,26,ALO,82,82,261.573,28.6
blocks=1|exp=seq|k=8|one_way=False|seed=26,1,False,8,26,Hybrid,82,82,0.772,1.1
blocks=1|exp=seq|k=8|one_way=False|seed=27,1,False,8,27,HeldKarp,76,76,1.747,60.9
blocks=1|exp=seq|k=8|one_way=False|seed=27,1,False,8,27,NN,76,76,0.017,1.1
blocks=1|exp=seq|k=8|one_way=False|seed=27,1,False,8,27,NN2opt,76,76,0.086,1.1
blocks=1|exp=seq|k=8|one_way=False|seed=27,1,False,8,27,GA,76,76,308.145,20.6
blocks=1|exp=seq|k=8|one_way=False|seed=27,1,False,8,27,ACO,76,76,50.633,8.9
blocks=1|exp=seq|k=8|one_way=False|seed=27,1,False,8,27,ALO,78,76,268.638,28.6
blocks=1|exp=seq|k=8|one_way=False|seed=27,1,False,8,27,Hybrid,76,76,0.364,1.1
blocks=1|exp=seq|k=8|one_way=False|seed=28,1,False,8,28,HeldKarp,76,76,1.761,60.9
blocks=1|exp=seq|k=8|one_way=False|seed=28,1,False,8,28,NN,78,76,0.018,1.1
blocks=1|exp=seq|k=8|one_way=False|seed=28,1,False,8,28,NN2opt,76,76,0.152,1.1
blocks=1|exp=seq|k=8|one_way=False|seed=28,1,False,8,28,GA,76,76,314.731,20.3
blocks=1|exp=seq|k=8|one_way=False|seed=28,1,False,8,28,ACO,76,76,52.121,8.9
blocks=1|exp=seq|k=8|one_way=False|seed=28,1,False,8,28,ALO,82,76,264.36,28.7
blocks=1|exp=seq|k=8|one_way=False|seed=28,1,False,8,28,Hybrid,76,76,0.838,1.1
blocks=1|exp=seq|k=8|one_way=False|seed=29,1,False,8,29,HeldKarp,86,86,1.75,60.9
blocks=1|exp=seq|k=8|one_way=False|seed=29,1,False,8,29,NN,86,86,0.018,1.1
blocks=1|exp=seq|k=8|one_way=False|seed=29,1,False,8,29,NN2opt,86,86,0.086,1.1
blocks=1|exp=seq|k=8|one_way=False|seed=29,1,False,8,29,GA,86,86,317.095,20.3
blocks=1|exp=seq|k=8|one_way=False|seed=29,1,False,8,29,ACO,86,86,52.063,8.8
blocks=1|exp=seq|k=8|one_way=False|seed=29,1,False,8,29,ALO,88,86,261.925,28.6
blocks=1|exp=seq|k=8|one_way=False|seed=29,1,False,8,29,Hybrid,86,86,0.391,1.1
blocks=1|exp=seq|k=10|one_way=False|seed=0,1,False,10,0,HeldKarp,70,70,11.227,286.0
blocks=1|exp=seq|k=10|one_way=False|seed=0,1,False,10,0,NN,72,70,0.024,1.1
blocks=1|exp=seq|k=10|one_way=False|seed=0,1,False,10,0,NN2opt,72,70,0.141,1.1
blocks=1|exp=seq|k=10|one_way=False|seed=0,1,False,10,0,GA,70,70,319.564,27.2
blocks=1|exp=seq|k=10|one_way=False|seed=0,1,False,10,0,ACO,70,70,69.898,11.6
blocks=1|exp=seq|k=10|one_way=False|seed=0,1,False,10,0,ALO,84,70,267.923,34.7
blocks=1|exp=seq|k=10|one_way=False|seed=0,1,False,10,0,Hybrid,72,70,0.658,1.1
blocks=1|exp=seq|k=10|one_way=False|seed=1,1,False,10,1,HeldKarp,82,82,11.156,286.0
blocks=1|exp=seq|k=10|one_way=False|seed=1,1,False,10,1,NN,90,82,0.024,1.1
blocks=1|exp=seq|k=10|one_way=False|seed=1,1,False,10,1,NN2opt,82,82,0.266,1.1
blocks=1|exp=seq|k=10|one_way=False|seed=1,1,False,10,1,GA,82,82,325.989,27.6
blocks=1|exp=seq|k=10|one_way=False|seed=1,1,False,10,1,ACO,82,82,72.176,11.6
blocks=1|exp=seq|k=10|one_way=False|seed=1,1,False,10,1,ALO,96,82,280.462,34.8
blocks=1|exp=seq|k=10|one_way=False|seed=1,1,False,10,1,Hybrid,82,82,2.014,1.1
blocks=1|exp=seq|k=10|one_way=False|seed=2,1,False,10,2,HeldKarp,78,78,10.972,286.0
blocks=1|exp=seq|k=10|one_way=False|seed=2,1,False,10,2,NN,86,78,0.023,1.1
blocks=1|exp=seq|k=10|one_way=False|seed=2,1,False,10,2,NN2opt,84,78,0.261,1.1
blocks=1|exp=seq|k=10|one_way=False|seed=2,1,False,10,2,GA,78,78,330.999,27.4
blocks=1|exp=seq|k=10|one_way=False|seed=2,1,False,10,2,ACO,78,78,71.172,11.6
blocks=1|exp=seq|k=10|one_way=False|seed=2,1,False,10,2,ALO,90,78,277.98,34.7
blocks=1|exp=seq|k=10|one_way=False|seed=2,1,False,10,2,Hybrid,84,78,1.332,1.1
blocks=1|exp=seq|k=10|one_way=False|seed=3,1,False,10,3,HeldKarp,64,64,11.675,286.0
blocks=1|exp=seq|k=10|one_way=False|seed=3,1,False,10,3,NN,68,64,0.023,1.1
blocks=1|exp=seq|k=10|one_way=False|seed=3,1,False,10,3,NN2opt,68,64,0.141,1.1
blocks=1|exp=seq|k=10|one_way=False|seed=3,1,False,10,3,GA,64,64,319.721,27.4
blocks=1|exp=seq|k=10|one_way=False|seed=3,1,False,10,3,ACO,64,64,71.438,11.6
blocks=1|exp=seq|k=10|one_way=False|seed=3,1,False,10,3,ALO,74,64,272.867,34.7
blocks=1|exp=seq|k=10|one_way=False|seed=3,1,False,10,3,Hybrid,68,64,0.666,1.1
blocks=1|exp=seq|k=10|one_way=False|seed=4,1,False,10,4,HeldKarp,80,80,10.649,286.0
blocks=1|exp=seq|k=10|one_way=False|seed=4,1,False,10,4,NN,80,80,0.023,1.1
blocks=1|exp=seq|k=10|one_way=False|seed=4,1,False,10,4,NN2opt,80,80,0.13,1.1
blocks=1|exp=seq|k=10|one_way=False|seed=4,1,False,10,4,GA,80,80,380.381,27.3
blocks=1|exp=seq|k=10|one_way=False|seed=4,1,False,10,4,ACO,80,80,70.84,11.6
blocks=1|exp=seq|k=10|one_way=False|seed=4,1,False,10,4,ALO,90,80,269.817,34.6
blocks=1|exp=seq|k=10|one_way=False|seed=4,1,False,10,4,Hybrid,80,80,0.66,1.1
blocks=1|exp=seq|k=10|one_way=False|seed=5,1,False,10,5,HeldKarp,64,64,11.006,286.0
blocks=1|exp=seq|k=10|one_way=False|seed=5,1,False,10,5,NN,64,64,0.023,1.1
blocks=1|exp=seq|k=10|one_way=False|seed=5,1,False,10,5,NN2opt,64,64,0.14,1.1
blocks=1|exp=seq|k=10|one_way=False|seed=5,1,False,10,5,GA,64,64,330.666,27.5
blocks=1|exp=seq|k=10|one_way=False|seed=5,1,False,10,5,ACO,64,64,70.3,11.6
blocks=1|exp=seq|k=10|one_way=False|seed=5,1,False,10,5,ALO,72,64,272.125,34.7
blocks=1|exp=seq|k=10|one_way=False|seed=5,1,False,10,5,Hybrid,64,64,0.661,1.1
blocks=1|exp=seq|k=10|one_way=False|seed=6,1,False,10,6,HeldKarp,78,78,11.121,286.0
blocks=1|exp=seq|k=10|one_way=False|seed=6,1,False,10,6,NN,90,78,0.024,1.1
blocks=1|exp=seq|k=10|one_way=False|seed=6,1,False,10,6,NN2opt,78,78,0.252,1.1
blocks=1|exp=seq|k=10|one_way=False|seed=6,1,False,10,6,GA,78,78,322.431,27.4
blocks=1|exp=seq|k=10|one_way=False|seed=6,1,False,10,6,ACO,78,78,69.878,11.6
blocks=1|exp=seq|k=10|one_way=False|seed=6,1,False,10,6,ALO,78,78,269.716,34.7
blocks=1|exp=seq|k=10|one_way=False|seed=6,1,False,10,6,Hybrid,82,78,1.595,1.1
blocks=1|exp=seq|k=10|one_way=False|seed=7,1,False,10,7,HeldKarp,72,72,10.993,286.0
blocks=1|exp=seq|k=10|one_way=False|seed=7,1,False,10,7,NN,72,72,0.024,1.1
blocks=1|exp=seq|k=10|one_way=False|seed=7,1,False,10,7,NN2opt,72,72,0.135,1.1
blocks=1|exp=seq|k=10|one_way=False|seed=7,1,False,10,7,GA,72,72,334.722,27.7
blocks=1|exp=seq|k=10|one_way=False|seed=7,1,False,10,7,ACO,72,72,69.503,11.6
blocks=1|exp=seq|k=10|one_way=False|seed=7,1,False,10,7,ALO,72,72,270.662,34.7
blocks=1|exp=seq|k=10|one_way=False|seed=7,1,False,10,7,Hybrid,72,72,0.655,1.1
blocks=1|exp=seq|k=10|one_way=False|seed=8,1,False,10,8,HeldKarp,62,62,11.779,286.0
blocks=1|exp=seq|k=10|one_way=False|seed=8,1,False,10,8,NN,62,62,0.024,1.1
blocks=1|exp=seq|k=10|one_way=False|seed=8,1,False,10,8,NN2opt,62,62,0.14,1.1
blocks=1|exp=seq|k=10|one_way=False|seed=8,1,False,10,8,GA,62,62,336.21,27.5
blocks=1|exp=seq|k=10|one_way=False|seed=8,1,False,10,8,ACO,62,62,71.21,11.6
blocks=1|exp=seq|k=10|one_way=False|seed=8,1,False,10,8,ALO,76,62,276.457,34.8
blocks=1|exp=seq|k=10|one_way=False|seed=8,1,False,10,8,Hybrid,62,62,0.684,1.1
blocks=1|exp=seq|k=10|one_way=False|seed=9,1,False,10,9,HeldKarp,80,80,10.777,286.0
blocks=1|exp=seq|k=10|one_way=False|seed=9,1,False,10,9,NN,84,80,0.025,1.1
blocks=1|exp=seq|k=10|one_way=False|seed=9,1,False,10,9,NN2opt,84,80,0.141,1.1
blocks=1|exp=seq|k=10|one_way=False|seed=9,1,False,10,9,GA,80,80,328.624,27.2
blocks=1|exp=seq|k=10|one_way=False|seed=9,1,False,10,9,ACO,80,80,70.074,11.6
blocks=1|exp=seq|k=10|one_way=False|seed=9,1,False,10,9,ALO,82,80,274.71,34.6
blocks=1|exp=seq|k=10|one_way=False|seed=9,1,False,10,9,Hybrid,80,80,1.475,1.1
blocks=1|exp=seq|k=10|one_way=False|seed=10,1,False,10,10,HeldKarp,82,82,11.154,286.0
blocks=1|exp=seq|k=10|one_way=False|seed=10,1,False,10,10,NN,88,82,0.024,1.1
blocks=1|exp=seq|k=10|one_way=False|seed=10,1,False,10,10,NN2opt,82,82,0.257,1.1
blocks=1|exp=seq|k=10|one_way=False|seed=10,1,False,10,10,GA,82,82,327.388,27.7
blocks=1|exp=seq|k=10|one_way=False|seed=10,1,False,10,10,ACO,82,82,71.009,11.6
blocks=1|exp=seq|k=10|one_way=False|seed=10,1,False,10,10,ALO,94,82,273.171,34.6
blocks=1|exp=seq|k=10|one_way=False|seed=10,1,False,10,10,Hybrid,82,82,1.441,1.1
blocks=1|exp=seq|k=10|one_way=False|seed=11,1,False,10,11,HeldKarp,58,58,11.302,286.0
blocks=1|exp=seq|k=10|one_way=False|seed=11,1,False,10,11,NN,72,58,0.024,1.1
blocks=1|exp=seq|k=10|one_way=False|seed=11,1,False,10,11,NN2opt,62,58,0.249,1.1
blocks=1|exp=seq|k=10|one_way=False|seed=11,1,False,10,11,GA,64,58,329.606,27.3
blocks=1|exp=seq|k=10|one_way=False|seed=11,1,False,10,11,ACO,58,58,69.233,11.6
blocks=1|exp=seq|k=10|one_way=False|seed=11,1,False,10,11,ALO,72,58,273.944,34.7
blocks=1|exp=seq|k=10|one_way=False|seed=11,1,False,10,11,Hybrid,58,58,1.565,1.1
blocks=1|exp=seq|k=10|one_way=False|seed=12,1,False,10,12,HeldKarp,82,82,11.612,286.0
blocks=1|exp=seq|k=10|one_way=False|seed=12,1,False,10,12,NN,96,82,0.024,1.1
blocks=1|exp=seq|k=10|one_way=False|seed=12,1,False,10,12,NN2opt,88,82,0.254,1.1
blocks=1|exp=seq|k=10|one_way=False|seed=12,1,False,10,12,GA,82,82,326.879,27.5
blocks=1|exp=seq|k=10|one_way=False|seed=12,1,False,10,12,ACO,82,82,70.544,11.6
blocks=1|exp=seq|k=10|one_way=False|seed=12,1,False,10,12,ALO,102,82,270.533,34.7
blocks=1|exp=seq|k=10|one_way=False|seed=12,1,False,10,12,Hybrid,82,82,2.109,1.1
blocks=1|exp=seq|k=10|one_way=False|seed=13,1,False,10,13,HeldKarp,88,88,11.182,286.0
blocks=1|exp=seq|k=10|one_way=False|seed=13,1,False,10,13,NN,90,88,0.023,1.1
blocks=1|exp=seq|k=10|one_way=False|seed=13,1,False,10,13,NN2opt,90,88,0.141,1.1
blocks=1|exp=seq|k=10|one_way=False|seed=13,1,False,10,13,GA,88,88,327.222,27.7
blocks=1|exp=seq|k=10|one_way=False|seed=13,1,False,10,13,ACO,88,88,71.461,11.6
blocks=1|exp=seq|k=10|one_way=False|seed=13,1,False,10,13,ALO,96,88,271.478,35.2
blocks=1|exp=seq|k=10|one_way=False|seed=13,1,False,10,13,Hybrid,88,88,1.349,1.1
blocks=1|exp=seq|k=10|one_way=False|seed=14,1,False,10,14,HeldKarp,86,86,10.929,286.0
blocks=1|exp=seq|k=10|one_way=False|seed=14,1,False,10,14,NN,88,86,0.024,1.1
blocks=1|exp=seq|k=10|one_way=False|seed=14,1,False,10,14,NN2opt,86,86,0.256,1.1
blocks=1|exp=seq|k=10|one_way=False|seed=14,1,False,10,14,GA,86,86,322.263,27.2
blocks=1|exp=seq|k=10|one_way=False|seed=14,1,False,10,14,ACO,86,86,70.862,11.6
blocks=1|exp=seq|k=10|one_way=False|seed=14,1,False,10,14,ALO,96,86,270.903,34.8
blocks=1|exp=seq|k=10|one_way=False|seed=14,1,False,10,14,Hybrid,86,86,1.504,1.1
blocks=1|exp=seq|k=10|one_way=False|seed=15,1,False,10,15,HeldKarp,76,76,11.093,286.0
blocks=1|exp=seq|k=10|one_way=False|seed=15,1,False,10,15,NN,80,76,0.024,1.1
blocks=1|exp=seq|k=10|one_way=False|seed=15,1,False,10,15,NN2opt,80,76,0.141,1.1
blocks=1|exp=seq|k=10|one_way=False|seed=15,1,False,10,15,GA,76,76,320.568,27.5
blocks=1|exp=seq|k=10|one_way=False|seed=15,1,False,10,15,ACO,76,76,71.121,11.6
blocks=1|exp=seq|k=10|one_way=False|seed=15,1,False,10,15,ALO,96,76,321.106,34.7
blocks=1|exp=seq|k=10|one_way=False|seed=15,1,False,10,15,Hybrid,76,76,1.745,1.1
blocks=1|exp=seq|k=10|one_way=False|seed=16,1,False,10,16,HeldKarp,90,90,11.083,286.0
blocks=1|exp=seq|k=10|one_way=False|seed=16,1,False,10,16,NN,94,90,0.024,1.1
blocks=1|exp=seq|k=10|one_way=False|seed=16,1,False,10,16,NN2opt,90,90,0.251,1.1
blocks=1|exp=seq|k=10|one_way=False|seed=16,1,False,10,16,GA,90,90,327.916,27.8
blocks=1|exp=seq|k=10|one_way=False|seed=16,1,False,10,16,ACO,90,90,70.865,11.6
blocks=1|exp=seq|k=10|one_way=False|seed=16,1,False,10,16,ALO,104,90,301.7,34.7
blocks=1|exp=seq|k=10|one_way=False|seed=16,1,False,10,16,Hybrid,90,90,1.427,1.1
blocks=1|exp=seq|k=10|one_way=False|seed=17,1,False,10,17,HeldKarp,78,78,10.9,286.0
blocks=1|exp=seq|k=10|one_way=False|seed=17,1,False,10,17,NN,84,78,0.024,1.1
blocks=1|exp=seq|k=10|one_way=False|seed=17,1,False,10,17,NN2opt,78,78,0.254,1.1
blocks=1|exp=seq|k=10|one_way=False|seed=17,1,False,10,17,GA,78,78,328.16,27.4
blocks=1|exp=seq|k=10|one_way=False|seed=17,1,False,10,17,ACO,78,78,70.291,11.6
blocks=1|exp=seq|k=10|one_way=False|seed=17,1,False,10,17,ALO,84,78,272.604,34.6
blocks=1|exp=seq|k=10|one_way=False|seed=17,1,False,10,17,Hybrid,78,78,1.467,1.1
blocks=1|exp=seq|k=10|one_way=False|seed=18,1,False,10,18,HeldKarp,76,76,11.127,286.0
blocks=1|exp=seq|k=10|one_way=False|seed=18,1,False,10,18,NN,84,76,0.024,1.1
blocks=1|exp=seq|k=10|one_way=False|seed=18,1,False,10,18,NN2opt,76,76,0.256,1.1
blocks=1|exp=seq|k=10|one_way=False|seed=18,1,False,10,18,GA,76,76,324.017,27.8
blocks=1|exp=seq|k=10|one_way=False|seed=18,1,False,10,18,ACO,76,76,69.391,11.6
blocks=1|exp=seq|k=10|one_way=False|seed=18,1,False,10,18,ALO,82,76,270.748,34.6
blocks=1|exp=seq|k=10|one_way=False|seed=18,1,False,10,18,Hybrid,76,76,1.661,1.1
blocks=1|exp=seq|k=10|one_way=False|seed=19,1,False,10,19,HeldKarp,94,94,10.966,286.0
blocks=1|exp=seq|k=10|one_way=False|seed=19,1,False,10,19,NN,98,94,0.025,1.1
blocks=1|exp=seq|k=10|one_way=False|seed=19,1,False,10,19,NN2opt,94,94,0.257,1.1
blocks=1|exp=seq|k=10|one_way=False|seed=19,1,False,10,19,GA,94,94,363.129,27.3
blocks=1|exp=seq|k=10|one_way=False|seed=19,1,False,10,19,ACO,94,94,69.252,11.6
blocks=1|exp=seq|k=10|one_way=False|seed=19,1,False,10,19,ALO,100,94,271.177,34.7
blocks=1|exp=seq|k=10|one_way=False|seed=19,1,False,10,19,Hybrid,96,94,1.356,1.1
blocks=1|exp=seq|k=10|one_way=False|seed=20,1,False,10,20,HeldKarp,74,74,10.969,286.0
blocks=1|exp=seq|k=10|one_way=False|seed=20,1,False,10,20,NN,74,74,0.024,1.1
blocks=1|exp=seq|k=10|one_way=False|seed=20,1,False,10,20,NN2opt,74,74,0.141,1.1
blocks=1|exp=seq|k=10|one_way=False|seed=20,1,False,10,20,GA,74,74,332.761,27.8
blocks=1|exp=seq|k=10|one_way=False|seed=20,1,False,10,20,ACO,74,74,70.546,11.6
blocks=1|exp=seq|k=10|one_way=False|seed=20,1,False,10,20,ALO,74,74,271.605,34.7
blocks=1|exp=seq|k=10|one_way=False|seed=20,1,False,10,20,Hybrid,74,74,0.663,1.1
blocks=1|exp=seq|k=10|one_way=False|seed=21,1,False,10,21,HeldKarp,88,88,10.99,286.0
blocks=1|exp=seq|k=10|one_way=False|seed=21,1,False,10,21,NN,92,88,0.023,1.1
blocks=1|exp=seq|k=10|one_way=False|seed=21,1,False,10,21,NN2opt,88,88,0.351,1.1
blocks=1|exp=seq|k=10|one_way=False|seed=21,1,False,10,21,GA,90,88,321.482,27.5
blocks=1|exp=seq|k=10|one_way=False|seed=21,1,False,10,21,ACO,88,88,69.009,11.6
blocks=1|exp=seq|k=10|one_way=False|seed=21,1,False,10,21,ALO,92,88,271.717,34.7
blocks=1|exp=seq|k=10|one_way=False|seed=21,1,False,10,21,Hybrid,90,88,1.45,1.1
blocks=1|exp=seq|k=10|one_way=False|seed=22,1,False,10,22,HeldKarp,88,88,10.941,286.0
blocks=1|exp=seq|k=10|one_way=False|seed=22,1,False,10,22,NN,90,88,0.024,1.1
blocks=1|exp=seq|k=10|one_way=False|seed=22,1,False,10,22,NN2opt,90,88,0.139,1.1
blocks=1|exp=seq|k=10|one_way=False|seed=22,1,False,10,22,GA,88,88,325.322,27.2
blocks=1|exp=seq|k=10|one_way=False|seed=22,1,False,10,22,ACO,88,88,69.868,11.6
blocks=1|exp=seq|k=10|one_way=False|seed=22,1,False,10,22,ALO,94,88,282.263,34.7
blocks=1|exp=seq|k=10|one_way=False|seed=22,1,False,10,22,Hybrid,88,88,1.4,1.1
blocks=1|exp=seq|k=10|one_way=False|seed=23,1,False,10,23,HeldKarp,84,84,11.006,286.0
blocks=1|exp=seq|k=10|one_way=False|seed=23,1,False,10,23,NN,92,84,0.024,1.1
blocks=1|exp=seq|k=10|one_way=False|seed=23,1,False,10,23,NN2opt,86,84,0.251,1.1
blocks=1|exp=seq|k=10|one_way=False|seed=23,1,False,10,23,GA,84,84,326.35,27.5
blocks=1|exp=seq|k=10|one_way=False|seed=23,1,False,10,23,ACO,84,84,69.381,11.6
blocks=1|exp=seq|k=10|one_way=False|seed=23,1,False,10,23,ALO,92,84,275.232,34.7
blocks=1|exp=seq|k=10|one_way=False|seed=23,1,False,10,23,Hybrid,84,84,1.443,1.1
blocks=1|exp=seq|k=10|one_way=False|seed=24,1,False,10,24,HeldKarp,86,86,10.619,286.0
blocks=1|exp=seq|k=10|one_way=False|seed=24,1,False,10,24,NN,92,86,0.024,1.1
blocks=1|exp=seq|k=10|one_way=False|seed=24,1,False,10,24,NN2opt,86,86,0.259,1.1
blocks=1|exp=seq|k=10|one_way=False|seed=24,1,False,10,24,GA,86,86,324.364,27.2
blocks=1|exp=seq|k=10|one_way=False|seed=24,1,False,10,24,ACO,86,86,69.27,11.6
blocks=1|exp=seq|k=10|one_way=False|seed=24,1,False,10,24,ALO,98,86,271.171,34.6
blocks=1|exp=seq|k=10|one_way=False|seed=24,1,False,10,24,Hybrid,86,86,1.408,1.1
blocks=1|exp=seq|k=10|one_way=False|seed=25,1,False,10,25,HeldKarp,66,66,11.066,286.0
blocks=1|exp=seq|k=10|one_way=False|seed=25,1,False,10,25,NN,70,66,0.024,1.1
blocks=1|exp=seq|k=10|one_way=False|seed=25,1,False,10,25,NN2opt,66,66,0.257,1.1
blocks=1|exp=seq|k=10|one_way=False|seed=25,1,False,10,25,GA,66,66,326.94,27.3
blocks=1|exp=seq|k=10|one_way=False|seed=25,1,False,10,25,ACO,66,66,70.318,11.6
blocks=1|exp=seq|k=10|one_way=False|seed=25,1,False,10,25,ALO,74,66,270.81,34.6
blocks=1|exp=seq|k=10|one_way=False|seed=25,1,False,10,25,Hybrid,66,66,1.398,1.1
blocks=1|exp=seq|k=10|one_way=False|seed=26,1,False,10,26,HeldKarp,86,86,11.53,286.0
blocks=1|exp=seq|k=10|one_way=False|seed=26,1,False,10,26,NN,88,86,0.024,1.1
blocks=1|exp=seq|k=10|one_way=False|seed=26,1,False,10,26,NN2opt,86,86,1.15,1.1
blocks=1|exp=seq|k=10|one_way=False|seed=26,1,False,10,26,GA,86,86,329.31,27.4
blocks=1|exp=seq|k=10|one_way=False|seed=26,1,False,10,26,ACO,86,86,69.538,11.6
blocks=1|exp=seq|k=10|one_way=False|seed=26,1,False,10,26,ALO,106,86,282.849,34.7
blocks=1|exp=seq|k=10|one_way=False|seed=26,1,False,10,26,Hybrid,86,86,1.447,1.1
blocks=1|exp=seq|k=10|one_way=False|seed=27,1,False,10,27,HeldKarp,92,92,12.739,286.0
blocks=1|exp=seq|k=10|one_way=False|seed=27,1,False,10,27,NN,100,92,0.025,1.1
blocks=1|exp=seq|k=10|one_way=False|seed=27,1,False,10,27,NN2opt,94,92,0.254,1.1
blocks=1|exp=seq|k=10|one_way=False|seed=27,1,False,10,27,GA,92,92,327.971,27.2
blocks=1|exp=seq|k=10|one_way=False|seed=27,1,False,10,27,ACO,92,92,69.231,11.6
blocks=1|exp=seq|k=10|one_way=False|seed=27,1,False,10,27,ALO,104,92,269.706,34.7
blocks=1|exp=seq|k=10|one_way=False|seed=27,1,False,10,27,Hybrid,92,92,1.658,1.1
blocks=1|exp=seq|k=10|one_way=False|seed=28,1,False,10,28,HeldKarp,88,88,12.634,286.0
blocks=1|exp=seq|k=10|one_way=False|seed=28,1,False,10,28,NN,90,88,0.024,1.1
blocks=1|exp=seq|k=10|one_way=False|seed=28,1,False,10,28,NN2opt,88,88,0.245,1.1
blocks=1|exp=seq|k=10|one_way=False|seed=28,1,False,10,28,GA,88,88,334.504,27.5
blocks=1|exp=seq|k=10|one_way=False|seed=28,1,False,10,28,ACO,88,88,69.842,11.6
blocks=1|exp=seq|k=10|one_way=False|seed=28,1,False,10,28,ALO,102,88,272.375,34.7
blocks=1|exp=seq|k=10|one_way=False|seed=28,1,False,10,28,Hybrid,88,88,1.533,1.1
blocks=1|exp=seq|k=10|one_way=False|seed=29,1,False,10,29,HeldKarp,86,86,10.722,286.0
blocks=1|exp=seq|k=10|one_way=False|seed=29,1,False,10,29,NN,92,86,0.023,1.1
blocks=1|exp=seq|k=10|one_way=False|seed=29,1,False,10,29,NN2opt,86,86,0.249,1.1
blocks=1|exp=seq|k=10|one_way=False|seed=29,1,False,10,29,GA,86,86,322.594,27.2
blocks=1|exp=seq|k=10|one_way=False|seed=29,1,False,10,29,ACO,86,86,70.544,11.6
blocks=1|exp=seq|k=10|one_way=False|seed=29,1,False,10,29,ALO,102,86,273.058,34.7
blocks=1|exp=seq|k=10|one_way=False|seed=29,1,False,10,29,Hybrid,86,86,1.386,1.1
blocks=1|exp=seq|k=12|one_way=False|seed=0,1,False,12,0,HeldKarp,94,94,62.638,1277.3
blocks=1|exp=seq|k=12|one_way=False|seed=0,1,False,12,0,NN,98,94,0.031,1.1
blocks=1|exp=seq|k=12|one_way=False|seed=0,1,False,12,0,NN2opt,94,94,0.385,1.1
blocks=1|exp=seq|k=12|one_way=False|seed=0,1,False,12,0,GA,94,94,343.266,27.4
blocks=1|exp=seq|k=12|one_way=False|seed=0,1,False,12,0,ACO,94,94,93.125,14.7
blocks=1|exp=seq|k=12|one_way=False|seed=0,1,False,12,0,ALO,102,94,285.214,40.6
blocks=1|exp=seq|k=12|one_way=False|seed=0,1,False,12,0,Hybrid,94,94,2.229,1.1
blocks=1|exp=seq|k=12|one_way=False|seed=1,1,False,12,1,HeldKarp,92,92,60.78,1277.3
blocks=1|exp=seq|k=12|one_way=False|seed=1,1,False,12,1,NN,100,92,0.031,1.1
blocks=1|exp=seq|k=12|one_way=False|seed=1,1,False,12,1,NN2opt,94,92,0.558,1.1
blocks=1|exp=seq|k=12|one_way=False|seed=1,1,False,12,1,GA,92,92,349.285,27.3
blocks=1|exp=seq|k=12|one_way=False|seed=1,1,False,12,1,ACO,92,92,91.459,14.8
blocks=1|exp=seq|k=12|one_way=False|seed=1,1,False,12,1,ALO,102,92,281.303,40.7
blocks=1|exp=seq|k=12|one_way=False|seed=1,1,False,12,1,Hybrid,92,92,2.779,1.1
blocks=1|exp=seq|k=12|one_way=False|seed=2,1,False,12,2,HeldKarp,76,76,62.568,1277.3
blocks=1|exp=seq|k=12|one_way=False|seed=2,1,False,12,2,NN,78,76,0.033,1.1
blocks=1|exp=seq|k=12|one_way=False|seed=2,1,False,12,2,NN2opt,78,76,0.212,1.1
blocks=1|exp=seq|k=12|one_way=False|seed=2,1,False,12,2,GA,76,76,347.896,27.7
blocks=1|exp=seq|k=12|one_way=False|seed=2,1,False,12,2,ACO,76,76,94.481,14.8
blocks=1|exp=seq|k=12|one_way=False|seed=2,1,False,12,2,ALO,96,76,281.922,40.6
blocks=1|exp=seq|k=12|one_way=False|seed=2,1,False,12,2,Hybrid,76,76,2.783,1.1
blocks=1|exp=seq|k=12|one_way=False|seed=3,1,False,12,3,HeldKarp,94,94,60.629,1277.3
blocks=1|exp=seq|k=12|one_way=False|seed=3,1,False,12,3,NN,98,94,0.03,1.1
blocks=1|exp=seq|k=12|one_way=False|seed=3,1,False,12,3,NN2opt,98,94,0.214,1.1
blocks=1|exp=seq|k=12|one_way=False|seed=3,1,False,12,3,GA,96,94,396.552,28.1
blocks=1|exp=seq|k=12|one_way=False|seed=3,1,False,12,3,ACO,96,94,93.271,14.7
blocks=1|exp=seq|k=12|one_way=False|seed=3,1,False,12,3,ALO,104,94,282.031,40.7
blocks=1|exp=seq|k=12|one_way=False|seed=3,1,False,12,3,Hybrid,98,94,1.034,1.1
blocks=1|exp=seq|k=12|one_way=False|seed=4,1,False,12,4,HeldKarp,96,96,62.925,1277.3
blocks=1|exp=seq|k=12|one_way=False|seed=4,1,False,12,4,NN,104,96,0.034,1.1
blocks=1|exp=seq|k=12|one_way=False|seed=4,1,False,12,4,NN2opt,96,96,0.4,1.1
blocks=1|exp=seq|k=12|one_way=False|seed=4,1,False,12,4,GA,96,96,379.662,27.6
blocks=1|exp=seq|k=12|one_way=False|seed=4,1,False,12,4,ACO,96,96,91.077,14.8
blocks=1|exp=seq|k=12|one_way=False|seed=4,1,False,12,4,ALO,106,96,282.07,40.7
blocks=1|exp=seq|k=12|one_way=False|seed=4,1,False,12,4,Hybrid,96,96,2.423,1.1
blocks=1|exp=seq|k=12|one_way=False|seed=5,1,False,12,5,HeldKarp,92,92,63.072,1277.3
blocks=1|exp=seq|k=12|one_way=False|seed=5,1,False,12,5,NN,108,92,0.032,1.1
blocks=1|exp=seq|k=12|one_way=False|seed=5,1,False,12,5,NN2opt,92,92,0.569,1.1
blocks=1|exp=seq|k=12|one_way=False|seed=5,1,False,12,5,GA,98,92,349.461,27.7
blocks=1|exp=seq|k=12|one_way=False|seed=5,1,False,12,5,ACO,92,92,90.532,14.7
blocks=1|exp=seq|k=12|one_way=False|seed=5,1,False,12,5,ALO,116,92,288.543,40.7
blocks=1|exp=seq|k=12|one_way=False|seed=5,1,False,12,5,Hybrid,94,92,2.981,1.1
blocks=1|exp=seq|k=12|one_way=False|seed=6,1,False,12,6,HeldKarp,80,80,63.192,1277.3
blocks=1|exp=seq|k=12|one_way=False|seed=6,1,False,12,6,NN,84,80,0.031,1.1
blocks=1|exp=seq|k=12|one_way=False|seed=6,1,False,12,6,NN2opt,80,80,0.568,1.1
blocks=1|exp=seq|k=12|one_way=False|seed=6,1,False,12,6,GA,80,80,344.367,27.5
blocks=1|exp=seq|k=12|one_way=False|seed=6,1,False,12,6,ACO,80,80,91.065,14.8
blocks=1|exp=seq|k=12|one_way=False|seed=6,1,False,12,6,ALO,100,80,286.38,40.7
blocks=1|exp=seq|k=12|one_way=False|seed=6,1,False,12,6,Hybrid,80,80,2.705,1.1
blocks=1|exp=seq|k=12|one_way=False|seed=7,1,False,12,7,HeldKarp,90,90,62.169,1277.3
blocks=1|exp=seq|k=12|one_way=False|seed=7,1,False,12,7,NN,94,90,0.03,1.1
blocks=1|exp=seq|k=12|one_way=False|seed=7,1,False,12,7,NN2opt,90,90,0.389,1.1
blocks=1|exp=seq|k=12|one_way=False|seed=7,1,False,12,7,GA,90,90,348.708,27.9
blocks=1|exp=seq|k=12|one_way=False|seed=7,1,False,12,7,ACO,90,90,95.574,14.7
blocks=1|exp=seq|k=12|one_way=False|seed=7,1,False,12,7,ALO,112,90,282.415,40.6
blocks=1|exp=seq|k=12|one_way=False|seed=7,1,False,12,7,Hybrid,90,90,2.63,1.1
blocks=1|exp=seq|k=12|one_way=False|seed=8,1,False,12,8,HeldKarp,86,86,63.229,1277.3
blocks=1|exp=seq|k=12|one_way=False|seed=8,1,False,12,8,NN,92,86,0.033,1.1
blocks=1|exp=seq|k=12|one_way=False|seed=8,1,False,12,8,NN2opt,86,86,0.401,1.1
blocks=1|exp=seq|k=12|one_way=False|seed=8,1,False,12,8,GA,86,86,348.656,27.9
blocks=1|exp=seq|k=12|one_way=False|seed=8,1,False,12,8,ACO,86,86,91.936,14.8
blocks=1|exp=seq|k=12|one_way=False|seed=8,1,False,12,8,ALO,88,86,282.96,40.7
blocks=1|exp=seq|k=12|one_way=False|seed=8,1,False,12,8,Hybrid,86,86,2.553,1.1
blocks=1|exp=seq|k=12|one_way=False|seed=9,1,False,12,9,HeldKarp,92,92,62.011,1277.3
blocks=1|exp=seq|k=12|one_way=False|seed=9,1,False,12,9,NN,96,92,0.031,1.1
blocks=1|exp=seq|k=12|one_way=False|seed=9,1,False,12,9,NN2opt,92,92,0.395,1.1
blocks=1|exp=seq|k=12|one_way=False|seed=9,1,False,12,9,GA,92,92,354.272,27.3
blocks=1|exp=seq|k=12|one_way=False|seed=9,1,False,12,9,ACO,92,92,92.021,14.7
blocks=1|exp=seq|k=12|one_way=False|seed=9,1,False,12,9,ALO,106,92,282.362,40.7
blocks=1|exp=seq|k=12|one_way=False|seed=9,1,False,12,9,Hybrid,92,92,2.554,1.1
blocks=1|exp=seq|k=12|one_way=False|seed=10,1,False,12,10,HeldKarp,86,86,62.602,1277.3
blocks=1|exp=seq|k=12|one_way=False|seed=10,1,False,12,10,NN,92,86,0.033,1.1
blocks=1|exp=seq|k=12|one_way=False|seed=10,1,False,12,10,NN2opt,88,86,0.402,1.1
blocks=1|exp=seq|k=12|one_way=False|seed=10,1,False,12,10,GA,86,86,350.218,27.7
blocks=1|exp=seq|k=12|one_way=False|seed=10,1,False,12,10,ACO,86,86,91.443,14.7
blocks=1|exp=seq|k=12|one_way=False|seed=10,1,False,12,10,ALO,98,86,284.626,40.7
blocks=1|exp=seq|k=12|one_way=False|seed=10,1,False,12,10,Hybrid,86,86,3.03,1.1
blocks=1|exp=seq|k=12|one_way=False|seed=11,1,False,12,11,HeldKarp,106,106,62.571,1277.3
blocks=1|exp=seq|k=12|one_way=False|seed=11,1,False,12,11,NN,106,106,0.033,1.1
blocks=1|exp=seq|k=12|one_way=False|seed=11,1,False,12,11,NN2opt,106,106,0.216,1.1
blocks=1|exp=seq|k=12|one_way=False|seed=11,1,False,12,11,GA,106,106,352.319,27.7
blocks=1|exp=seq|k=12|one_way=False|seed=11,1,False,12,11,ACO,106,106,91.394,14.7
blocks=1|exp=seq|k=12|one_way=False|seed=11,1,False,12,11,ALO,116,106,281.012,40.6
blocks=1|exp=seq|k=12|one_way=False|seed=11,1,False,12,11,Hybrid,106,106,1.083,1.1
blocks=1|exp=seq|k=12|one_way=False|seed=12,1,False,12,12,HeldKarp,84,84,62.468,1277.3
blocks=1|exp=seq|k=12|one_way=False|seed=12,1,False,12,12,NN,86,84,0.032,1.1
blocks=1|exp=seq|k=12|one_way=False|seed=12,1,False,12,12,NN2opt,84,84,0.409,1.1
blocks=1|exp=seq|k=12|one_way=False|seed=12,1,False,12,12,GA,84,84,346.02,27.7
blocks=1|exp=seq|k=12|one_way=False|seed=12,1,False,12,12,ACO,84,84,90.285,14.8
blocks=1|exp=seq|k=12|one_way=False|seed=12,1,False,12,12,ALO,90,84,296.076,40.7
blocks=1|exp=seq|k=12|one_way=False|seed=12,1,False,12,12,Hybrid,84,84,2.819,1.1
blocks=1|exp=seq|k=12|one_way=False|seed=13,1,False,12,13,HeldKarp,106,106,62.025,1277.3
blocks=1|exp=seq|k=12|one_way=False|seed=13,1,False,12,13,NN,106,106,0.031,1.1
blocks=1|exp=seq|k=12|one_way=False|seed=13,1,False,12,13,NN2opt,106,106,0.213,1.1
blocks=1|exp=seq|k=12|one_way=False|seed=13,1,False,12,13,GA,106,106,347.775,27.6
blocks=1|exp=seq|k=12|one_way=False|seed=13,1,False,12,13,ACO,106,106,91.554,14.7
blocks=1|exp=seq|k=12|one_way=False|seed=13,1,False,12,13,ALO,120,106,287.871,40.7
blocks=1|exp=seq|k=12|one_way=False|seed=13,1,False,12,13,Hybrid,106,106,1.084,1.1
blocks=1|exp=seq|k=12|one_way=False|seed=14,1,False,12,14,HeldKarp,84,84,61.202,1277.3
blocks=1|exp=seq|k=12|one_way=False|seed=14,1,False,12,14,NN,84,84,0.033,1.1
blocks=1|exp=seq|k=12|one_way=False|seed=14,1,False,12,14,NN2opt,84,84,0.214,1.1
blocks=1|exp=seq|k=12|one_way=False|seed=14,1,False,12,14,GA,88,84,345.042,27.5
blocks=1|exp=seq|k=12|one_way=False|seed=14,1,False,12,14,ACO,84,84,94.903,14.8
blocks=1|exp=seq|k=12|one_way=False|seed=14,1,False,12,14,ALO,106,84,287.217,40.7
blocks=1|exp=seq|k=12|one_way=False|seed=14,1,False,12,14,Hybrid,84,84,1.086,1.1
blocks=1|exp=seq|k=12|one_way=False|seed=15,1,False,12,15,HeldKarp,94,94,63.718,1277.3
blocks=1|exp=seq|k=12|one_way=False|seed=15,1,False,12,15,NN,96,94,0.033,1.1
blocks=1|exp=seq|k=12|one_way=False|seed=15,1,False,12,15,NN2opt,96,94,0.215,1.1
blocks=1|exp=seq|k=12|one_way=False|seed=15,1,False,12,15,GA,96,94,349.714,27.5
blocks=1|exp=seq|k=12|one_way=False|seed=15,1,False,12,15,ACO,94,94,89.459,14.7
blocks=1|exp=seq|k=12|one_way=False|seed=15,1,False,12,15,ALO,100,94,290.972,40.8
blocks=1|exp=seq|k=12|one_way=False|seed=15,1,False,12,15,Hybrid,96,94,1.111,1.1
blocks=1|exp=seq|k=12|one_way=False|seed=16,1,False,12,16,HeldKarp,76,76,63.197,1277.3
blocks=1|exp=seq|k=12|one_way=False|seed=16,1,False,12,16,NN,82,76,0.031,1.1
blocks=1|exp=seq|k=12|one_way=False|seed=16,1,False,12,16,NN2opt,76,76,0.399,1.1
blocks=1|exp=seq|k=12|one_way=False|seed=16,1,False,12,16,GA,82,76,348.424,27.8
blocks=1|exp=seq|k=12|one_way=False|seed=16,1,False,12,16,ACO,76,76,92.88,14.7
blocks=1|exp=seq|k=12|one_way=False|seed=16,1,False,12,16,ALO,86,76,296.167,40.6
blocks=1|exp=seq|k=12|one_way=False|seed=16,1,False,12,16,Hybrid,76,76,2.764,1.1
blocks=1|exp=seq|k=12|one_way=False|seed=17,1,False,12,17,HeldKarp,86,86,63.117,1277.3
blocks=1|exp=seq|k=12|one_way=False|seed=17,1,False,12,17,NN,86,86,0.033,1.1
blocks=1|exp=seq|k=12|one_way=False|seed=17,1,False,12,17,NN2opt,86,86,0.219,1.1
blocks=1|exp=seq|k=12|one_way=False|seed=17,1,False,12,17,GA,86,86,353.103,27.5
blocks=1|exp=seq|k=12|one_way=False|seed=17,1,False,12,17,ACO,86,86,91.879,14.8
blocks=1|exp=seq|k=12|one_way=False|seed=17,1,False,12,17,ALO,94,86,312.349,40.7
blocks=1|exp=seq|k=12|one_way=False|seed=17,1,False,12,17,Hybrid,86,86,1.119,1.1
blocks=1|exp=seq|k=12|one_way=False|seed=18,1,False,12,18,HeldKarp,82,82,66.688,1277.6
blocks=1|exp=seq|k=12|one_way=False|seed=18,1,False,12,18,NN,90,82,0.031,1.1
blocks=1|exp=seq|k=12|one_way=False|seed=18,1,False,12,18,NN2opt,82,82,0.399,1.1
blocks=1|exp=seq|k=12|one_way=False|seed=18,1,False,12,18,GA,82,82,355.84,27.7
blocks=1|exp=seq|k=12|one_way=False|seed=18,1,False,12,18,ACO,82,82,93.577,14.7
blocks=1|exp=seq|k=12|one_way=False|seed=18,1,False,12,18,ALO,104,82,308.046,40.7
blocks=1|exp=seq|k=12|one_way=False|seed=18,1,False,12,18,Hybrid,88,82,2.322,1.1
blocks=1|exp=seq|k=12|one_way=False|seed=19,1,False,12,19,HeldKarp,92,92,64.049,1277.7
blocks=1|exp=seq|k=12|one_way=False|seed=19,1,False,12,19,NN,94,92,0.032,1.1
blocks=1|exp=seq|k=12|one_way=False|seed=19,1,False,12,19,NN2opt,94,92,0.215,1.1
blocks=1|exp=seq|k=12|one_way=False|seed=19,1,False,12,19,GA,92,92,358.983,28.0
blocks=1|exp=seq|k=12|one_way=False|seed=19,1,False,12,19,ACO,92,92,94.453,14.8
blocks=1|exp=seq|k=12|one_way=False|seed=19,1,False,12,19,ALO,104,92,300.768,40.6
blocks=1|exp=seq|k=12|one_way=False|seed=19,1,False,12,19,Hybrid,94,92,1.092,1.1
blocks=1|exp=seq|k=12|one_way=False|seed=20,1,False,12,20,HeldKarp,90,90,63.111,1277.3
blocks=1|exp=seq|k=12|one_way=False|seed=20,1,False,12,20,NN,100,90,0.033,1.1
blocks=1|exp=seq|k=12|one_way=False|seed=20,1,False,12,20,NN2opt,90,90,0.407,1.1
blocks=1|exp=seq|k=12|one_way=False|seed=20,1,False,12,20,GA,90,90,347.297,27.6
blocks=1|exp=seq|k=12|one_way=False|seed=20,1,False,12,20,ACO,90,90,95.186,14.7
blocks=1|exp=seq|k=12|one_way=False|seed=20,1,False,12,20,ALO,100,90,295.412,41.0
blocks=1|exp=seq|k=12|one_way=False|seed=20,1,False,12,20,Hybrid,90,90,2.491,1.1
blocks=1|exp=seq|k=12|one_way=False|seed=21,1,False,12,21,HeldKarp,88,88,63.547,1277.6
blocks=1|exp=seq|k=12|one_way=False|seed=21,1,False,12,21,NN,90,88,0.031,1.1
blocks=1|exp=seq|k=12|one_way=False|seed=21,1,False,12,21,NN2opt,90,88,0.217,1.1
blocks=1|exp=seq|k=12|one_way=False|seed=21,1,False,12,21,GA,88,88,354.188,27.5
blocks=1|exp=seq|k=12|one_way=False|seed=21,1,False,12,21,ACO,88,88,96.542,14.7
blocks=1|exp=seq|k=12|one_way=False|seed=21,1,False,12,21,ALO,98,88,298.222,40.7
blocks=1|exp=seq|k=12|one_way=False|seed=21,1,False,12,21,Hybrid,90,88,1.087,1.1
blocks=1|exp=seq|k=12|one_way=False|seed=22,1,False,12,22,HeldKarp,100,100,65.685,1277.7
blocks=1|exp=seq|k=12|one_way=False|seed=22,1,False,12,22,NN,100,100,0.034,1.1
blocks=1|exp=seq|k=12|one_way=False|seed=22,1,False,12,22,NN2opt,100,100,0.22,1.1
blocks=1|exp=seq|k=12|one_way=False|seed=22,1,False,12,22,GA,100,100,368.434,27.4
blocks=1|exp=seq|k=12|one_way=False|seed=22,1,False,12,22,ACO,100,100,92.581,14.8
blocks=1|exp=seq|k=12|one_way=False|seed=22,1,False,12,22,ALO,100,100,289.488,40.7
blocks=1|exp=seq|k=12|one_way=False|seed=22,1,False,12,22,Hybrid,100,100,1.371,1.1
blocks=1|exp=seq|k=12|one_way=False|seed=23,1,False,12,23,HeldKarp,82,82,65.51,1277.6
blocks=1|exp=seq|k=12|one_way=False|seed=23,1,False,12,23,NN,82,82,0.033,1.1
blocks=1|exp=seq|k=12|one_way=False|seed=23,1,False,12,23,NN2opt,82,82,0.248,1.1
blocks=1|exp=seq|k=12|one_way=False|seed=23,1,False,12,23,GA,82,82,359.69,27.4
blocks=1|exp=seq|k=12|one_way=False|seed=23,1,False,12,23,ACO,82,82,91.817,14.8
blocks=1|exp=seq|k=12|one_way=False|seed=23,1,False,12,23,ALO,82,82,305.616,41.0
blocks=1|exp=seq|k=12|one_way=False|seed=23,1,False,12,23,Hybrid,82,82,1.348,1.1
blocks=1|exp=seq|k=12|one_way=False|seed=24,1,False,12,24,HeldKarp,88,88,65.604,1277.7
blocks=1|exp=seq|k=12|one_way=False|seed=24,1,False,12,24,NN,88,88,0.033,1.1
blocks=1|exp=seq|k=12|one_way=False|seed=24,1,False,12,24,NN2opt,88,88,0.219,1.1
blocks=1|exp=seq|k=12|one_way=False|seed=24,1,False,12,24,GA,88,88,356.394,27.6
blocks=1|exp=seq|k=12|one_way=False|seed=24,1,False,12,24,ACO,88,88,91.801,14.7
blocks=1|exp=seq|k=12|one_way=False|seed=24,1,False,12,24,ALO,112,88,337.259,40.7
blocks=1|exp=seq|k=12|one_way=False|seed=24,1,False,12,24,Hybrid,88,88,1.376,1.1
blocks=1|exp=seq|k=12|one_way=False|seed=25,1,False,12,25,HeldKarp,92,92,66.923,1277.3
blocks=1|exp=seq|k=12|one_way=False|seed=25,1,False,12,25,NN,102,92,0.032,1.1
blocks=1|exp=seq|k=12|one_way=False|seed=25,1,False,12,25,NN2opt,96,92,0.417,1.1
blocks=1|exp=seq|k=12|one_way=False|seed=25,1,False,12,25,GA,92,92,362.548,27.5
blocks=1|exp=seq|k=12|one_way=False|seed=25,1,False,12,25,ACO,92,92,93.465,14.7
blocks=1|exp=seq|k=12|one_way=False|seed=25,1,False,12,25,ALO,114,92,352.329,40.6
blocks=1|exp=seq|k=12|one_way=False|seed=25,1,False,12,25,Hybrid,96,92,3.329,1.1
blocks=1|exp=seq|k=12|one_way=False|seed=26,1,False,12,26,HeldKarp,98,98,65.035,1277.3
blocks=1|exp=seq|k=12|one_way=False|seed=26,1,False,12,26,NN,106,98,0.031,1.1
blocks=1|exp=seq|k=12|one_way=False|seed=26,1,False,12,26,NN2opt,100,98,0.407,1.1
blocks=1|exp=seq|k=12|one_way=False|seed=26,1,False,12,26,GA,102,98,348.923,27.4
blocks=1|exp=seq|k=12|one_way=False|seed=26,1,False,12,26,ACO,98,98,92.921,14.8
blocks=1|exp=seq|k=12|one_way=False|seed=26,1,False,12,26,ALO,122,98,361.705,42.4
blocks=1|exp=seq|k=12|one_way=False|seed=26,1,False,12,26,Hybrid,98,98,3.256,1.1
blocks=1|exp=seq|k=12|one_way=False|seed=27,1,False,12,27,HeldKarp,96,96,66.371,1277.7
blocks=1|exp=seq|k=12|one_way=False|seed=27,1,False,12,27,NN,98,96,0.032,1.1
blocks=1|exp=seq|k=12|one_way=False|seed=27,1,False,12,27,NN2opt,98,96,0.213,1.1
blocks=1|exp=seq|k=12|one_way=False|seed=27,1,False,12,27,GA,98,96,355.087,27.8
blocks=1|exp=seq|k=12|one_way=False|seed=27,1,False,12,27,ACO,96,96,121.845,14.7
blocks=1|exp=seq|k=12|one_way=False|seed=27,1,False,12,27,ALO,122,96,360.439,40.7
blocks=1|exp=seq|k=12|one_way=False|seed=27,1,False,12,27,Hybrid,98,96,1.367,1.1
blocks=1|exp=seq|k=12|one_way=False|seed=28,1,False,12,28,HeldKarp,86,86,63.582,1277.3
blocks=1|exp=seq|k=12|one_way=False|seed=28,1,False,12,28,NN,90,86,0.032,1.1
blocks=1|exp=seq|k=12|one_way=False|seed=28,1,False,12,28,NN2opt,90,86,0.219,1.1
blocks=1|exp=seq|k=12|one_way=False|seed=28,1,False,12,28,GA,86,86,350.218,27.2
blocks=1|exp=seq|k=12|one_way=False|seed=28,1,False,12,28,ACO,86,86,115.04,14.7
blocks=1|exp=seq|k=12|one_way=False|seed=28,1,False,12,28,ALO,92,86,354.367,40.6
blocks=1|exp=seq|k=12|one_way=False|seed=28,1,False,12,28,Hybrid,86,86,2.887,1.1
blocks=1|exp=seq|k=12|one_way=False|seed=29,1,False,12,29,HeldKarp,82,82,81.604,1277.3
blocks=1|exp=seq|k=12|one_way=False|seed=29,1,False,12,29,NN,104,82,0.038,1.1
blocks=1|exp=seq|k=12|one_way=False|seed=29,1,False,12,29,NN2opt,82,82,0.962,1.1
blocks=1|exp=seq|k=12|one_way=False|seed=29,1,False,12,29,GA,82,82,445.465,27.6
blocks=1|exp=seq|k=12|one_way=False|seed=29,1,False,12,29,ACO,82,82,118.667,14.7
blocks=1|exp=seq|k=12|one_way=False|seed=29,1,False,12,29,ALO,102,82,352.061,42.1
blocks=1|exp=seq|k=12|one_way=False|seed=29,1,False,12,29,Hybrid,84,82,4.683,1.1
blocks=1|exp=seq|k=20|one_way=False|seed=0,1,False,20,0,NN,106,,0.081,2.9
blocks=1|exp=seq|k=20|one_way=False|seed=0,1,False,20,0,NN2opt,100,,1.828,2.9
blocks=1|exp=seq|k=20|one_way=False|seed=0,1,False,20,0,GA,104,,553.402,36.8
blocks=1|exp=seq|k=20|one_way=False|seed=0,1,False,20,0,ACO,100,,276.644,33.4
blocks=1|exp=seq|k=20|one_way=False|seed=0,1,False,20,0,ALO,136,,410.245,64.7
blocks=1|exp=seq|k=20|one_way=False|seed=0,1,False,20,0,Hybrid,100,,14.88,2.9
blocks=1|exp=seq|k=20|one_way=False|seed=2,1,False,20,2,NN,106,,0.075,2.9
blocks=1|exp=seq|k=20|one_way=False|seed=2,1,False,20,2,NN2opt,106,,0.958,2.9
blocks=1|exp=seq|k=20|one_way=False|seed=2,1,False,20,2,GA,106,,540.344,36.3
blocks=1|exp=seq|k=20|one_way=False|seed=2,1,False,20,2,ACO,106,,248.331,33.4
blocks=1|exp=seq|k=20|one_way=False|seed=2,1,False,20,2,ALO,154,,421.414,64.7
blocks=1|exp=seq|k=20|one_way=False|seed=2,1,False,20,2,Hybrid,106,,5.306,2.9
blocks=1|exp=seq|k=20|one_way=False|seed=1,1,False,20,1,NN,102,,0.076,2.9
blocks=1|exp=seq|k=20|one_way=False|seed=1,1,False,20,1,NN2opt,94,,1.8,2.9
blocks=1|exp=seq|k=20|one_way=False|seed=1,1,False,20,1,GA,94,,545.103,36.8
blocks=1|exp=seq|k=20|one_way=False|seed=1,1,False,20,1,ACO,94,,252.592,33.5
blocks=1|exp=seq|k=20|one_way=False|seed=1,1,False,20,1,ALO,164,,418.045,64.7
blocks=1|exp=seq|k=20|one_way=False|seed=1,1,False,20,1,Hybrid,94,,14.134,2.9
blocks=1|exp=seq|k=20|one_way=False|seed=3,1,False,20,3,NN,92,,0.071,2.9
blocks=1|exp=seq|k=20|one_way=False|seed=3,1,False,20,3,NN2opt,86,,1.767,2.9
blocks=1|exp=seq|k=20|one_way=False|seed=3,1,False,20,3,GA,86,,525.329,36.3
blocks=1|exp=seq|k=20|one_way=False|seed=3,1,False,20,3,ACO,86,,243.716,33.5
blocks=1|exp=seq|k=20|one_way=False|seed=3,1,False,20,3,ALO,188,,441.729,64.6
blocks=1|exp=seq|k=20|one_way=False|seed=3,1,False,20,3,Hybrid,86,,12.504,2.9
blocks=1|exp=seq|k=20|one_way=False|seed=4,1,False,20,4,NN,114,,0.075,2.9
blocks=1|exp=seq|k=20|one_way=False|seed=4,1,False,20,4,NN2opt,108,,1.803,2.9
blocks=1|exp=seq|k=20|one_way=False|seed=4,1,False,20,4,GA,110,,535.519,36.6
blocks=1|exp=seq|k=20|one_way=False|seed=4,1,False,20,4,ACO,108,,251.17,33.4
blocks=1|exp=seq|k=20|one_way=False|seed=4,1,False,20,4,ALO,170,,443.777,64.7
blocks=1|exp=seq|k=20|one_way=False|seed=4,1,False,20,4,Hybrid,108,,13.157,2.9
blocks=1|exp=seq|k=20|one_way=False|seed=5,1,False,20,5,NN,120,,0.071,2.9
blocks=1|exp=seq|k=20|one_way=False|seed=5,1,False,20,5,NN2opt,114,,2.016,2.9
blocks=1|exp=seq|k=20|one_way=False|seed=5,1,False,20,5,GA,110,,537.757,36.9
blocks=1|exp=seq|k=20|one_way=False|seed=5,1,False,20,5,ACO,110,,257.101,33.4
blocks=1|exp=seq|k=20|one_way=False|seed=5,1,False,20,5,ALO,224,,402.354,64.6
blocks=1|exp=seq|k=20|one_way=False|seed=5,1,False,20,5,Hybrid,110,,11.534,2.9
blocks=1|exp=seq|k=20|one_way=False|seed=6,1,False,20,6,NN,104,,0.073,2.9
blocks=1|exp=seq|k=20|one_way=False|seed=6,1,False,20,6,NN2opt,102,,1.779,2.9
blocks=1|exp=seq|k=20|one_way=False|seed=6,1,False,20,6,GA,102,,548.096,36.5
blocks=1|exp=seq|k=20|one_way=False|seed=6,1,False,20,6,ACO,102,,243.115,33.5
blocks=1|exp=seq|k=20|one_way=False|seed=6,1,False,20,6,ALO,168,,400.813,64.7
blocks=1|exp=seq|k=20|one_way=False|seed=6,1,False,20,6,Hybrid,102,,10.653,2.9
blocks=1|exp=seq|k=20|one_way=False|seed=7,1,False,20,7,NN,108,,0.079,2.9
blocks=1|exp=seq|k=20|one_way=False|seed=7,1,False,20,7,NN2opt,102,,1.8,2.9
blocks=1|exp=seq|k=20|one_way=False|seed=7,1,False,20,7,GA,102,,561.884,36.8
blocks=1|exp=seq|k=20|one_way=False|seed=7,1,False,20,7,ACO,102,,246.514,33.4
blocks=1|exp=seq|k=20|one_way=False|seed=7,1,False,20,7,ALO,218,,403.278,64.6
blocks=1|exp=seq|k=20|one_way=False|seed=7,1,False,20,7,Hybrid,102,,11.107,2.9
blocks=1|exp=seq|k=20|one_way=False|seed=8,1,False,20,8,NN,98,,0.073,2.9
blocks=1|exp=seq|k=20|one_way=False|seed=8,1,False,20,8,NN2opt,98,,0.933,2.9
blocks=1|exp=seq|k=20|one_way=False|seed=8,1,False,20,8,GA,100,,539.68,36.8
blocks=1|exp=seq|k=20|one_way=False|seed=8,1,False,20,8,ACO,98,,250.297,33.5
blocks=1|exp=seq|k=20|one_way=False|seed=8,1,False,20,8,ALO,158,,400.851,64.7
blocks=1|exp=seq|k=20|one_way=False|seed=8,1,False,20,8,Hybrid,98,,5.144,2.9
blocks=1|exp=seq|k=20|one_way=False|seed=9,1,False,20,9,NN,104,,0.072,2.9
blocks=1|exp=seq|k=20|one_way=False|seed=9,1,False,20,9,NN2opt,98,,1.797,2.9
blocks=1|exp=seq|k=20|one_way=False|seed=9,1,False,20,9,GA,100,,536.957,37.0
blocks=1|exp=seq|k=20|one_way=False|seed=9,1,False,20,9,ACO,98,,250.884,33.4
blocks=1|exp=seq|k=20|one_way=False|seed=9,1,False,20,9,ALO,144,,401.914,64.7
blocks=1|exp=seq|k=20|one_way=False|seed=9,1,False,20,9,Hybrid,102,,10.168,2.9
blocks=1|exp=seq|k=20|one_way=False|seed=10,1,False,20,10,NN,122,,0.072,2.9
blocks=1|exp=seq|k=20|one_way=False|seed=10,1,False,20,10,NN2opt,110,,3.473,2.9
blocks=1|exp=seq|k=20|one_way=False|seed=10,1,False,20,10,GA,112,,532.741,36.5
blocks=1|exp=seq|k=20|one_way=False|seed=10,1,False,20,10,ACO,110,,245.162,33.4
blocks=1|exp=seq|k=20|one_way=False|seed=10,1,False,20,10,ALO,198,,405.317,64.6
blocks=1|exp=seq|k=20|one_way=False|seed=10,1,False,20,10,Hybrid,110,,15.676,2.9
blocks=1|exp=seq|k=20|one_way=False|seed=11,1,False,20,11,NN,102,,0.071,2.9
blocks=1|exp=seq|k=20|one_way=False|seed=11,1,False,20,11,NN2opt,98,,1.761,2.9
blocks=1|exp=seq|k=20|one_way=False|seed=11,1,False,20,11,GA,102,,523.386,36.8
blocks=1|exp=seq|k=20|one_way=False|seed=11,1,False,20,11,ACO,98,,249.561,33.4
blocks=1|exp=seq|k=20|one_way=False|seed=11,1,False,20,11,ALO,212,,404.594,64.7
blocks=1|exp=seq|k=20|one_way=False|seed=11,1,False,20,11,Hybrid,98,,11.951,2.9
blocks=1|exp=seq|k=20|one_way=False|seed=12,1,False,20,12,NN,106,,0.074,2.9
blocks=1|exp=seq|k=20|one_way=False|seed=12,1,False,20,12,NN2opt,102,,1.753,2.9
blocks=1|exp=seq|k=20|one_way=False|seed=12,1,False,20,12,GA,110,,533.618,36.6
blocks=1|exp=seq|k=20|one_way=False|seed=12,1,False,20,12,ACO,102,,248.032,33.5
blocks=1|exp=seq|k=20|one_way=False|seed=12,1,False,20,12,ALO,178,,428.154,64.7
blocks=1|exp=seq|k=20|one_way=False|seed=12,1,False,20,12,Hybrid,102,,10.853,2.9
blocks=1|exp=seq|k=20|one_way=False|seed=13,1,False,20,13,NN,106,,0.072,2.9
blocks=1|exp=seq|k=20|one_way=False|seed=13,1,False,20,13,NN2opt,106,,0.912,2.9
blocks=1|exp=seq|k=20|one_way=False|seed=13,1,False,20,13,GA,112,,531.006,36.3
blocks=1|exp=seq|k=20|one_way=False|seed=13,1,False,20,13,ACO,106,,253.142,33.4
blocks=1|exp=seq|k=20|one_way=False|seed=13,1,False,20,13,ALO,174,,399.628,64.7
blocks=1|exp=seq|k=20|one_way=False|seed=13,1,False,20,13,Hybrid,106,,5.232,2.9
blocks=1|exp=seq|k=20|one_way=False|seed=14,1,False,20,14,NN,112,,0.078,2.9
blocks=1|exp=seq|k=20|one_way=False|seed=14,1,False,20,14,NN2opt,104,,2.644,2.9
blocks=1|exp=seq|k=20|one_way=False|seed=14,1,False,20,14,GA,104,,522.757,36.5
blocks=1|exp=seq|k=20|one_way=False|seed=14,1,False,20,14,ACO,104,,248.256,33.5
blocks=1|exp=seq|k=20|one_way=False|seed=14,1,False,20,14,ALO,184,,400.695,64.7
blocks=1|exp=seq|k=20|one_way=False|seed=14,1,False,20,14,Hybrid,104,,17.19,2.9
blocks=1|exp=seq|k=20|one_way=False|seed=15,1,False,20,15,NN,110,,0.081,2.9
blocks=1|exp=seq|k=20|one_way=False|seed=15,1,False,20,15,NN2opt,104,,1.753,2.9
blocks=1|exp=seq|k=20|one_way=False|seed=15,1,False,20,15,GA,104,,546.64,36.7
blocks=1|exp=seq|k=20|one_way=False|seed=15,1,False,20,15,ACO,104,,244.213,33.5
blocks=1|exp=seq|k=20|one_way=False|seed=15,1,False,20,15,ALO,158,,401.337,64.6
blocks=1|exp=seq|k=20|one_way=False|seed=15,1,False,20,15,Hybrid,104,,10.931,2.9
blocks=1|exp=seq|k=20|one_way=False|seed=16,1,False,20,16,NN,114,,0.072,2.9
blocks=1|exp=seq|k=20|one_way=False|seed=16,1,False,20,16,NN2opt,110,,1.754,2.9
blocks=1|exp=seq|k=20|one_way=False|seed=16,1,False,20,16,GA,114,,546.385,36.6
blocks=1|exp=seq|k=20|one_way=False|seed=16,1,False,20,16,ACO,110,,247.29,33.5
blocks=1|exp=seq|k=20|one_way=False|seed=16,1,False,20,16,ALO,172,,408.66,64.7
blocks=1|exp=seq|k=20|one_way=False|seed=16,1,False,20,16,Hybrid,112,,12.377,2.9
blocks=1|exp=seq|k=20|one_way=False|seed=17,1,False,20,17,NN,112,,0.079,2.9
blocks=1|exp=seq|k=20|one_way=False|seed=17,1,False,20,17,NN2opt,106,,1.775,2.9
blocks=1|exp=seq|k=20|one_way=False|seed=17,1,False,20,17,GA,104,,535.055,36.4
blocks=1|exp=seq|k=20|one_way=False|seed=17,1,False,20,17,ACO,104,,244.758,33.4
blocks=1|exp=seq|k=20|one_way=False|seed=17,1,False,20,17,ALO,180,,415.639,64.7
blocks=1|exp=seq|k=20|one_way=False|seed=17,1,False,20,17,Hybrid,106,,11.137,2.9
blocks=1|exp=seq|k=20|one_way=False|seed=18,1,False,20,18,NN,104,,0.078,2.9
blocks=1|exp=seq|k=20|one_way=False|seed=18,1,False,20,18,NN2opt,104,,0.939,2.9
blocks=1|exp=seq|k=20|one_way=False|seed=18,1,False,20,18,GA,106,,561.931,36.6
blocks=1|exp=seq|k=20|one_way=False|seed=18,1,False,20,18,ACO,104,,245.184,33.4
blocks=1|exp=seq|k=20|one_way=False|seed=18,1,False,20,18,ALO,172,,404.741,64.7
blocks=1|exp=seq|k=20|one_way=False|seed=18,1,False,20,18,Hybrid,104,,5.101,2.9
blocks=1|exp=seq|k=20|one_way=False|seed=19,1,False,20,19,NN,110,,0.071,2.9
blocks=1|exp=seq|k=20|one_way=False|seed=19,1,False,20,19,NN2opt,100,,3.37,2.9
blocks=1|exp=seq|k=20|one_way=False|seed=19,1,False,20,19,GA,100,,521.859,36.8
blocks=1|exp=seq|k=20|one_way=False|seed=19,1,False,20,19,ACO,100,,252.641,33.4
blocks=1|exp=seq|k=20|one_way=False|seed=19,1,False,20,19,ALO,138,,399.467,64.7
blocks=1|exp=seq|k=20|one_way=False|seed=19,1,False,20,19,Hybrid,102,,12.59,2.9
blocks=1|exp=seq|k=20|one_way=False|seed=20,1,False,20,20,NN,108,,0.073,2.9
blocks=1|exp=seq|k=20|one_way=False|seed=20,1,False,20,20,NN2opt,106,,1.757,2.9
blocks=1|exp=seq|k=20|one_way=False|seed=20,1,False,20,20,GA,108,,526.795,36.4
blocks=1|exp=seq|k=20|one_way=False|seed=20,1,False,20,20,ACO,106,,242.625,33.4
blocks=1|exp=seq|k=20|one_way=False|seed=20,1,False,20,20,ALO,166,,443.309,64.7
blocks=1|exp=seq|k=20|one_way=False|seed=20,1,False,20,20,Hybrid,106,,11.292,2.9
blocks=1|exp=seq|k=20|one_way=False|seed=21,1,False,20,21,NN,98,,0.077,2.9
blocks=1|exp=seq|k=20|one_way=False|seed=21,1,False,20,21,NN2opt,98,,0.955,2.9
blocks=1|exp=seq|k=20|one_way=False|seed=21,1,False,20,21,GA,96,,536.518,36.8
blocks=1|exp=seq|k=20|one_way=False|seed=21,1,False,20,21,ACO,96,,249.055,33.5
blocks=1|exp=seq|k=20|one_way=False|seed=21,1,False,20,21,ALO,178,,407.839,64.7
blocks=1|exp=seq|k=20|one_way=False|seed=21,1,False,20,21,Hybrid,98,,5.09,2.9
blocks=1|exp=seq|k=20|one_way=False|seed=23,1,False,20,23,NN,90,,0.069,2.9
blocks=1|exp=seq|k=20|one_way=False|seed=23,1,False,20,23,NN2opt,90,,0.912,2.9
blocks=1|exp=seq|k=20|one_way=False|seed=23,1,False,20,23,GA,98,,531.274,36.9
blocks=1|exp=seq|k=20|one_way=False|seed=23,1,False,20,23,ACO,90,,256.057,33.4
blocks=1|exp=seq|k=20|one_way=False|seed=23,1,False,20,23,ALO,156,,405.714,64.7
blocks=1|exp=seq|k=20|one_way=False|seed=23,1,False,20,23,Hybrid,90,,5.202,2.9
blocks=1|exp=seq|k=20|one_way=False|seed=22,1,False,20,22,NN,102,,0.074,2.9
blocks=1|exp=seq|k=20|one_way=False|seed=22,1,False,20,22,NN2opt,98,,1.725,2.9
blocks=1|exp=seq|k=20|one_way=False|seed=22,1,False,20,22,GA,98,,527.711,36.6
blocks=1|exp=seq|k=20|one_way=False|seed=22,1,False,20,22,ACO,98,,251.272,33.4
blocks=1|exp=seq|k=20|one_way=False|seed=22,1,False,20,22,ALO,200,,406.147,64.6
blocks=1|exp=seq|k=20|one_way=False|seed=22,1,False,20,22,Hybrid,98,,11.335,2.9
blocks=1|exp=seq|k=20|one_way=False|seed=24,1,False,20,24,NN,106,,0.072,2.9
blocks=1|exp=seq|k=20|one_way=False|seed=24,1,False,20,24,NN2opt,102,,1.776,2.9
blocks=1|exp=seq|k=20|one_way=False|seed=24,1,False,20,24,GA,108,,529.122,36.7
blocks=1|exp=seq|k=20|one_way=False|seed=24,1,False,20,24,ACO,102,,277.416,33.5
blocks=1|exp=seq|k=20|one_way=False|seed=24,1,False,20,24,ALO,170,,397.845,64.7
blocks=1|exp=seq|k=20|one_way=False|seed=24,1,False,20,24,Hybrid,102,,11.214,2.9
blocks=1|exp=seq|k=20|one_way=False|seed=25,1,False,20,25,NN,104,,0.071,2.9
blocks=1|exp=seq|k=20|one_way=False|seed=25,1,False,20,25,NN2opt,104,,0.913,2.9
blocks=1|exp=seq|k=20|one_way=False|seed=25,1,False,20,25,GA,106,,519.498,36.5
blocks=1|exp=seq|k=20|one_way=False|seed=25,1,False,20,25,ACO,104,,243.85,33.5
blocks=1|exp=seq|k=20|one_way=False|seed=25,1,False,20,25,ALO,192,,414.581,64.7
blocks=1|exp=seq|k=20|one_way=False|seed=25,1,False,20,25,Hybrid,104,,5.602,2.9
blocks=1|exp=seq|k=20|one_way=False|seed=26,1,False,20,26,NN,112,,0.073,2.9
blocks=1|exp=seq|k=20|one_way=False|seed=26,1,False,20,26,NN2opt,112,,0.899,2.9
blocks=1|exp=seq|k=20|one_way=False|seed=26,1,False,20,26,GA,112,,535.318,36.6
blocks=1|exp=seq|k=20|one_way=False|seed=26,1,False,20,26,ACO,110,,248.027,33.5
blocks=1|exp=seq|k=20|one_way=False|seed=26,1,False,20,26,ALO,194,,419.352,64.7
blocks=1|exp=seq|k=20|one_way=False|seed=26,1,False,20,26,Hybrid,110,,11.33,2.9
blocks=1|exp=seq|k=20|one_way=False|seed=27,1,False,20,27,NN,108,,0.075,2.9
blocks=1|exp=seq|k=20|one_way=False|seed=27,1,False,20,27,NN2opt,106,,1.772,2.9
blocks=1|exp=seq|k=20|one_way=False|seed=27,1,False,20,27,GA,108,,532.263,35.9
blocks=1|exp=seq|k=20|one_way=False|seed=27,1,False,20,27,ACO,106,,261.194,33.4
blocks=1|exp=seq|k=20|one_way=False|seed=27,1,False,20,27,ALO,182,,403.267,64.7
blocks=1|exp=seq|k=20|one_way=False|seed=27,1,False,20,27,Hybrid,106,,10.8,2.9
blocks=1|exp=seq|k=20|one_way=False|seed=28,1,False,20,28,NN,108,,0.076,2.9
blocks=1|exp=seq|k=20|one_way=False|seed=28,1,False,20,28,NN2opt,108,,0.919,2.9
blocks=1|exp=seq|k=20|one_way=False|seed=28,1,False,20,28,GA,114,,529.685,36.4
blocks=1|exp=seq|k=20|one_way=False|seed=28,1,False,20,28,ACO,108,,248.155,33.4
blocks=1|exp=seq|k=20|one_way=False|seed=28,1,False,20,28,ALO,200,,396.31,64.7
blocks=1|exp=seq|k=20|one_way=False|seed=28,1,False,20,28,Hybrid,108,,5.008,2.9
blocks=1|exp=seq|k=20|one_way=False|seed=29,1,False,20,29,NN,92,,0.073,2.9
blocks=1|exp=seq|k=20|one_way=False|seed=29,1,False,20,29,NN2opt,90,,1.799,2.9
blocks=1|exp=seq|k=20|one_way=False|seed=29,1,False,20,29,GA,90,,541.487,36.6
blocks=1|exp=seq|k=20|one_way=False|seed=29,1,False,20,29,ACO,90,,244.988,33.5
blocks=1|exp=seq|k=20|one_way=False|seed=29,1,False,20,29,ALO,120,,411.357,64.7
blocks=1|exp=seq|k=20|one_way=False|seed=29,1,False,20,29,Hybrid,90,,11.033,2.9
blocks=1|exp=seq|k=30|one_way=False|seed=0,1,False,30,0,NN,112,,0.134,2.9
blocks=1|exp=seq|k=30|one_way=False|seed=0,1,False,30,0,NN2opt,112,,2.668,2.9
blocks=1|exp=seq|k=30|one_way=False|seed=0,1,False,30,0,GA,118,,663.015,39.7
blocks=1|exp=seq|k=30|one_way=False|seed=0,1,False,30,0,ACO,112,,481.978,67.4
blocks=1|exp=seq|k=30|one_way=False|seed=0,1,False,30,0,ALO,272,,467.947,94.7
blocks=1|exp=seq|k=30|one_way=False|seed=0,1,False,30,0,Hybrid,112,,15.714,2.9
blocks=1|exp=seq|k=30|one_way=False|seed=1,1,False,30,1,NN,114,,0.144,2.9
blocks=1|exp=seq|k=30|one_way=False|seed=1,1,False,30,1,NN2opt,114,,2.646,2.9
blocks=1|exp=seq|k=30|one_way=False|seed=1,1,False,30,1,GA,114,,661.393,39.7
blocks=1|exp=seq|k=30|one_way=False|seed=1,1,False,30,1,ACO,114,,473.639,67.4
blocks=1|exp=seq|k=30|one_way=False|seed=1,1,False,30,1,ALO,260,,467.064,94.6
blocks=1|exp=seq|k=30|one_way=False|seed=1,1,False,30,1,Hybrid,114,,16.118,2.9
blocks=1|exp=seq|k=30|one_way=False|seed=2,1,False,30,2,NN,110,,0.145,2.9
blocks=1|exp=seq|k=30|one_way=False|seed=2,1,False,30,2,NN2opt,110,,2.807,2.9
blocks=1|exp=seq|k=30|one_way=False|seed=2,1,False,30,2,GA,118,,652.881,39.7
blocks=1|exp=seq|k=30|one_way=False|seed=2,1,False,30,2,ACO,110,,475.503,67.4
blocks=1|exp=seq|k=30|one_way=False|seed=2,1,False,30,2,ALO,254,,468.688,94.9
blocks=1|exp=seq|k=30|one_way=False|seed=2,1,False,30,2,Hybrid,110,,16.261,2.9
blocks=1|exp=seq|k=30|one_way=False|seed=3,1,False,30,3,NN,116,,0.139,2.9
blocks=1|exp=seq|k=30|one_way=False|seed=3,1,False,30,3,NN2opt,112,,5.016,2.9
blocks=1|exp=seq|k=30|one_way=False|seed=3,1,False,30,3,GA,114,,654.532,39.7
blocks=1|exp=seq|k=30|one_way=False|seed=3,1,False,30,3,ACO,112,,480.05,67.5
blocks=1|exp=seq|k=30|one_way=False|seed=3,1,False,30,3,ALO,314,,530.654,94.7
blocks=1|exp=seq|k=30|one_way=False|seed=3,1,False,30,3,Hybrid,114,,33.216,2.9
blocks=1|exp=seq|k=30|one_way=False|seed=4,1,False,30,4,NN,112,,0.137,2.9
blocks=1|exp=seq|k=30|one_way=False|seed=4,1,False,30,4,NN2opt,112,,2.646,2.9
blocks=1|exp=seq|k=30|one_way=False|seed=4,1,False,30,4,GA,116,,667.764,39.7
blocks=1|exp=seq|k=30|one_way=False|seed=4,1,False,30,4,ACO,112,,472.796,67.4
blocks=1|exp=seq|k=30|one_way=False|seed=4,1,False,30,4,ALO,262,,460.307,94.7
blocks=1|exp=seq|k=30|one_way=False|seed=4,1,False,30,4,Hybrid,112,,15.359,2.9
blocks=1|exp=seq|k=30|one_way=False|seed=5,1,False,30,5,NN,118,,0.133,2.9
blocks=1|exp=seq|k=30|one_way=False|seed=5,1,False,30,5,NN2opt,110,,5.093,2.9
blocks=1|exp=seq|k=30|one_way=False|seed=5,1,False,30,5,GA,122,,647.825,39.7
blocks=1|exp=seq|k=30|one_way=False|seed=5,1,False,30,5,ACO,110,,478.419,67.5
blocks=1|exp=seq|k=30|one_way=False|seed=5,1,False,30,5,ALO,258,,467.744,94.7
blocks=1|exp=seq|k=30|one_way=False|seed=5,1,False,30,5,Hybrid,110,,40.853,2.9
blocks=1|exp=seq|k=30|one_way=False|seed=6,1,False,30,6,NN,118,,0.132,2.9
blocks=1|exp=seq|k=30|one_way=False|seed=6,1,False,30,6,NN2opt,112,,5.093,2.9
blocks=1|exp=seq|k=30|one_way=False|seed=6,1,False,30,6,GA,116,,640.495,39.7
blocks=1|exp=seq|k=30|one_way=False|seed=6,1,False,30,6,ACO,112,,490.442,67.5
blocks=1|exp=seq|k=30|one_way=False|seed=6,1,False,30,6,ALO,274,,491.718,94.7
blocks=1|exp=seq|k=30|one_way=False|seed=6,1,False,30,6,Hybrid,112,,42.804,2.9
blocks=1|exp=seq|k=30|one_way=False|seed=7,1,False,30,7,NN,118,,0.136,2.9
blocks=1|exp=seq|k=30|one_way=False|seed=7,1,False,30,7,NN2opt,114,,5.097,2.9
blocks=1|exp=seq|k=30|one_way=False|seed=7,1,False,30,7,GA,112,,669.149,39.7
blocks=1|exp=seq|k=30|one_way=False|seed=7,1,False,30,7,ACO,106,,467.532,67.4
blocks=1|exp=seq|k=30|one_way=False|seed=7,1,False,30,7,ALO,240,,469.923,94.7
blocks=1|exp=seq|k=30|one_way=False|seed=7,1,False,30,7,Hybrid,106,,41.119,2.9
blocks=1|exp=seq|k=30|one_way=False|seed=8,1,False,30,8,NN,118,,0.133,2.9
blocks=1|exp=seq|k=30|one_way=False|seed=8,1,False,30,8,NN2opt,112,,5.229,2.9
blocks=1|exp=seq|k=30|one_way=False|seed=8,1,False,30,8,GA,118,,688.326,39.7
blocks=1|exp=seq|k=30|one_way=False|seed=8,1,False,30,8,ACO,112,,472.876,67.5
blocks=1|exp=seq|k=30|one_way=False|seed=8,1,False,30,8,ALO,320,,461.19,94.7
blocks=1|exp=seq|k=30|one_way=False|seed=8,1,False,30,8,Hybrid,112,,43.657,2.9
blocks=1|exp=seq|k=30|one_way=False|seed=9,1,False,30,9,NN,108,,0.144,2.9
blocks=1|exp=seq|k=30|one_way=False|seed=9,1,False,30,9,NN2opt,108,,2.686,2.9
blocks=1|exp=seq|k=30|one_way=False|seed=9,1,False,30,9,GA,118,,649.193,39.7
blocks=1|exp=seq|k=30|one_way=False|seed=9,1,False,30,9,ACO,108,,470.005,67.4
blocks=1|exp=seq|k=30|one_way=False|seed=9,1,False,30,9,ALO,252,,471.232,94.8
blocks=1|exp=seq|k=30|one_way=False|seed=9,1,False,30,9,Hybrid,108,,15.963,2.9
blocks=1|exp=seq|k=30|one_way=False|seed=10,1,False,30,10,NN,114,,0.135,2.9
blocks=1|exp=seq|k=30|one_way=False|seed=10,1,False,30,10,NN2opt,114,,2.582,2.9
blocks=1|exp=seq|k=30|one_way=False|seed=10,1,False,30,10,GA,130,,639.535,39.8
blocks=1|exp=seq|k=30|one_way=False|seed=10,1,False,30,10,ACO,114,,488.298,67.5
blocks=1|exp=seq|k=30|one_way=False|seed=10,1,False,30,10,ALO,278,,496.228,95.0
blocks=1|exp=seq|k=30|one_way=False|seed=10,1,False,30,10,Hybrid,114,,16.462,2.9
blocks=1|exp=seq|k=30|one_way=False|seed=11,1,False,30,11,NN,114,,0.129,2.9
blocks=1|exp=seq|k=30|one_way=False|seed=11,1,False,30,11,NN2opt,108,,4.989,2.9
blocks=1|exp=seq|k=30|one_way=False|seed=11,1,False,30,11,GA,112,,660.475,39.7
blocks=1|exp=seq|k=30|one_way=False|seed=11,1,False,30,11,ACO,108,,477.264,67.5
blocks=1|exp=seq|k=30|one_way=False|seed=11,1,False,30,11,ALO,236,,466.113,94.7
blocks=1|exp=seq|k=30|one_way=False|seed=11,1,False,30,11,Hybrid,108,,36.875,2.9
blocks=1|exp=seq|k=30|one_way=False|seed=12,1,False,30,12,NN,114,,0.137,2.9
blocks=1|exp=seq|k=30|one_way=False|seed=12,1,False,30,12,NN2opt,112,,5.087,2.9
blocks=1|exp=seq|k=30|one_way=False|seed=12,1,False,30,12,GA,118,,643.522,39.7
blocks=1|exp=seq|k=30|one_way=False|seed=12,1,False,30,12,ACO,112,,507.027,67.4
blocks=1|exp=seq|k=30|one_way=False|seed=12,1,False,30,12,ALO,260,,470.147,94.7
blocks=1|exp=seq|k=30|one_way=False|seed=12,1,False,30,12,Hybrid,112,,33.063,2.9
blocks=1|exp=seq|k=30|one_way=False|seed=13,1,False,30,13,NN,110,,0.13,2.9
blocks=1|exp=seq|k=30|one_way=False|seed=13,1,False,30,13,NN2opt,110,,2.585,2.9
blocks=1|exp=seq|k=30|one_way=False|seed=13,1,False,30,13,GA,120,,647.713,39.7
blocks=1|exp=seq|k=30|one_way=False|seed=13,1,False,30,13,ACO,110,,480.598,67.5
blocks=1|exp=seq|k=30|one_way=False|seed=13,1,False,30,13,ALO,274,,473.556,94.7
blocks=1|exp=seq|k=30|one_way=False|seed=13,1,False,30,13,Hybrid,110,,15.225,2.9
blocks=1|exp=seq|k=30|one_way=False|seed=14,1,False,30,14,NN,114,,0.137,2.9
blocks=1|exp=seq|k=30|one_way=False|seed=14,1,False,30,14,NN2opt,114,,2.619,2.9
blocks=1|exp=seq|k=30|one_way=False|seed=14,1,False,30,14,GA,118,,673.038,39.7
blocks=1|exp=seq|k=30|one_way=False|seed=14,1,False,30,14,ACO,112,,473.14,67.5
blocks=1|exp=seq|k=30|one_way=False|seed=14,1,False,30,14,ALO,264,,463.534,94.9
blocks=1|exp=seq|k=30|one_way=False|seed=14,1,False,30,14,Hybrid,114,,16.378,2.9
blocks=1|exp=seq|k=30|one_way=False|seed=15,1,False,30,15,NN,120,,0.137,2.9
blocks=1|exp=seq|k=30|one_way=False|seed=15,1,False,30,15,NN2opt,114,,5.345,2.9
blocks=1|exp=seq|k=30|one_way=False|seed=15,1,False,30,15,GA,122,,667.855,39.6
blocks=1|exp=seq|k=30|one_way=False|seed=15,1,False,30,15,ACO,114,,476.775,67.4
blocks=1|exp=seq|k=30|one_way=False|seed=15,1,False,30,15,ALO,296,,466.781,94.7
blocks=1|exp=seq|k=30|one_way=False|seed=15,1,False,30,15,Hybrid,114,,33.218,2.9
blocks=1|exp=seq|k=30|one_way=False|seed=16,1,False,30,16,NN,122,,0.186,2.9
blocks=1|exp=seq|k=30|one_way=False|seed=16,1,False,30,16,NN2opt,114,,12.041,2.9
blocks=1|exp=seq|k=30|one_way=False|seed=16,1,False,30,16,GA,116,,655.895,39.7
blocks=1|exp=seq|k=30|one_way=False|seed=16,1,False,30,16,ACO,114,,555.356,67.4
blocks=1|exp=seq|k=30|one_way=False|seed=16,1,False,30,16,ALO,258,,463.971,94.7
blocks=1|exp=seq|k=30|one_way=False|seed=16,1,False,30,16,Hybrid,114,,35.437,2.9
blocks=1|exp=seq|k=30|one_way=False|seed=17,1,False,30,17,NN,110,,0.132,2.9
blocks=1|exp=seq|k=30|one_way=False|seed=17,1,False,30,17,NN2opt,108,,4.996,2.9
blocks=1|exp=seq|k=30|one_way=False|seed=17,1,False,30,17,GA,116,,637.935,39.7
blocks=1|exp=seq|k=30|one_way=False|seed=17,1,False,30,17,ACO,108,,474.171,67.5
blocks=1|exp=seq|k=30|one_way=False|seed=17,1,False,30,17,ALO,276,,467.107,94.7
blocks=1|exp=seq|k=30|one_way=False|seed=17,1,False,30,17,Hybrid,108,,31.266,2.9
blocks=1|exp=seq|k=30|one_way=False|seed=18,1,False,30,18,NN,118,,0.135,2.9
blocks=1|exp=seq|k=30|one_way=False|seed=18,1,False,30,18,NN2opt,110,,5.198,2.9
blocks=1|exp=seq|k=30|one_way=False|seed=18,1,False,30,18,GA,112,,642.902,39.7
blocks=1|exp=seq|k=30|one_way=False|seed=18,1,False,30,18,ACO,110,,471.968,67.5
blocks=1|exp=seq|k=30|one_way=False|seed=18,1,False,30,18,ALO,278,,468.32,94.6
blocks=1|exp=seq|k=30|one_way=False|seed=18,1,False,30,18,Hybrid,110,,34.816,2.9
blocks=1|exp=seq|k=30|one_way=False|seed=19,1,False,30,19,NN,114,,0.132,2.9
blocks=1|exp=seq|k=30|one_way=False|seed=19,1,False,30,19,NN2opt,114,,2.992,2.9
blocks=1|exp=seq|k=30|one_way=False|seed=19,1,False,30,19,GA,122,,635.044,39.7
blocks=1|exp=seq|k=30|one_way=False|seed=19,1,False,30,19,ACO,114,,472.178,67.4
blocks=1|exp=seq|k=30|one_way=False|seed=19,1,False,30,19,ALO,326,,498.205,94.7
blocks=1|exp=seq|k=30|one_way=False|seed=19,1,False,30,19,Hybrid,114,,15.853,2.9
blocks=1|exp=seq|k=30|one_way=False|seed=20,1,False,30,20,NN,114,,0.134,2.9
blocks=1|exp=seq|k=30|one_way=False|seed=20,1,False,30,20,NN2opt,114,,2.636,2.9
blocks=1|exp=seq|k=30|one_way=False|seed=20,1,False,30,20,GA,114,,637.091,39.7
blocks=1|exp=seq|k=30|one_way=False|seed=20,1,False,30,20,ACO,114,,474.434,67.5
blocks=1|exp=seq|k=30|one_way=False|seed=20,1,False,30,20,ALO,278,,469.539,94.7
blocks=1|exp=seq|k=30|one_way=False|seed=20,1,False,30,20,Hybrid,114,,15.4,2.9
blocks=1|exp=seq|k=30|one_way=False|seed=21,1,False,30,21,NN,116,,0.131,2.9
blocks=1|exp=seq|k=30|one_way=False|seed=21,1,False,30,21,NN2opt,116,,2.678,2.9
blocks=1|exp=seq|k=30|one_way=False|seed=21,1,False,30,21,GA,124,,636.289,39.7
blocks=1|exp=seq|k=30|one_way=False|seed=21,1,False,30,21,ACO,114,,475.344,67.5
blocks=1|exp=seq|k=30|one_way=False|seed=21,1,False,30,21,ALO,240,,474.306,94.7
blocks=1|exp=seq|k=30|one_way=False|seed=21,1,False,30,21,Hybrid,116,,15.542,2.9
blocks=1|exp=seq|k=30|one_way=False|seed=22,1,False,30,22,NN,110,,0.131,2.9
blocks=1|exp=seq|k=30|one_way=False|seed=22,1,False,30,22,NN2opt,104,,4.904,2.9
blocks=1|exp=seq|k=30|one_way=False|seed=22,1,False,30,22,GA,110,,637.434,39.7
blocks=1|exp=seq|k=30|one_way=False|seed=22,1,False,30,22,ACO,104,,465.824,67.5
blocks=1|exp=seq|k=30|one_way=False|seed=22,1,False,30,22,ALO,306,,469.352,94.7
blocks=1|exp=seq|k=30|one_way=False|seed=22,1,False,30,22,Hybrid,104,,37.111,2.9
blocks=1|exp=seq|k=30|one_way=False|seed=23,1,False,30,23,NN,118,,0.132,2.9
blocks=1|exp=seq|k=30|one_way=False|seed=23,1,False,30,23,NN2opt,112,,5.145,2.9
blocks=1|exp=seq|k=30|one_way=False|seed=23,1,False,30,23,GA,114,,642.448,39.6
blocks=1|exp=seq|k=30|one_way=False|seed=23,1,False,30,23,ACO,110,,485.105,67.4
blocks=1|exp=seq|k=30|one_way=False|seed=23,1,False,30,23,ALO,232,,469.706,94.7
blocks=1|exp=seq|k=30|one_way=False|seed=23,1,False,30,23,Hybrid,112,,40.241,2.9
blocks=1|exp=seq|k=30|one_way=False|seed=24,1,False,30,24,NN,112,,0.131,2.9
blocks=1|exp=seq|k=30|one_way=False|seed=24,1,False,30,24,NN2opt,108,,5.162,2.9
blocks=1|exp=seq|k=30|one_way=False|seed=24,1,False,30,24,GA,116,,643.737,39.7
blocks=1|exp=seq|k=30|one_way=False|seed=24,1,False,30,24,ACO,108,,477.087,67.5
blocks=1|exp=seq|k=30|one_way=False|seed=24,1,False,30,24,ALO,230,,471.005,94.7
blocks=1|exp=seq|k=30|one_way=False|seed=24,1,False,30,24,Hybrid,108,,44.297,2.9
blocks=1|exp=seq|k=30|one_way=False|seed=25,1,False,30,25,NN,116,,0.138,2.9
blocks=1|exp=seq|k=30|one_way=False|seed=25,1,False,30,25,NN2opt,112,,5.045,2.9
blocks=1|exp=seq|k=30|one_way=False|seed=25,1,False,30,25,GA,136,,644.184,39.7
blocks=1|exp=seq|k=30|one_way=False|seed=25,1,False,30,25,ACO,114,,490.708,67.5
blocks=1|exp=seq|k=30|one_way=False|seed=25,1,False,30,25,ALO,310,,491.067,94.7
blocks=1|exp=seq|k=30|one_way=False|seed=25,1,False,30,25,Hybrid,112,,33.146,2.9
blocks=2|exp=seq|k=5|one_way=True|seed=0,2,True,5,0,HeldKarp,102,102,0.173,3.7
blocks=2|exp=seq|k=5|one_way=True|seed=0,2,True,5,0,NN,126,102,0.016,1.1
blocks=2|exp=seq|k=5|one_way=True|seed=0,2,True,5,0,NN2opt,126,102,0.041,1.1
blocks=2|exp=seq|k=5|one_way=True|seed=0,2,True,5,0,GA,102,102,331.506,19.8
blocks=2|exp=seq|k=5|one_way=True|seed=0,2,True,5,0,ACO,114,102,36.606,5.5
blocks=2|exp=seq|k=5|one_way=True|seed=0,2,True,5,0,ALO,102,102,299.214,19.7
blocks=2|exp=seq|k=5|one_way=True|seed=0,2,True,5,0,Hybrid,102,102,0.322,1.1
blocks=1|exp=seq|k=30|one_way=False|seed=26,1,False,30,26,NN,114,,0.131,2.9
blocks=1|exp=seq|k=30|one_way=False|seed=26,1,False,30,26,NN2opt,112,,5.027,2.9
blocks=1|exp=seq|k=30|one_way=False|seed=26,1,False,30,26,GA,124,,643.968,39.7
blocks=1|exp=seq|k=30|one_way=False|seed=26,1,False,30,26,ACO,112,,474.871,67.4
blocks=1|exp=seq|k=30|one_way=False|seed=26,1,False,30,26,ALO,286,,469.011,94.7
blocks=1|exp=seq|k=30|one_way=False|seed=26,1,False,30,26,Hybrid,112,,33.43,2.9
blocks=2|exp=seq|k=5|one_way=True|seed=1,2,True,5,1,HeldKarp,96,96,0.174,3.7
blocks=2|exp=seq|k=5|one_way=True|seed=1,2,True,5,1,NN,96,96,0.015,1.1
blocks=2|exp=seq|k=5|one_way=True|seed=1,2,True,5,1,NN2opt,96,96,0.042,1.1
blocks=2|exp=seq|k=5|one_way=True|seed=1,2,True,5,1,GA,96,96,336.976,20.0
blocks=2|exp=seq|k=5|one_way=True|seed=1,2,True,5,1,ACO,96,96,35.433,5.5
blocks=2|exp=seq|k=5|one_way=True|seed=1,2,True,5,1,ALO,96,96,298.028,19.7
blocks=2|exp=seq|k=5|one_way=True|seed=1,2,True,5,1,Hybrid,96,96,0.153,1.1
blocks=1|exp=seq|k=30|one_way=False|seed=27,1,False,30,27,NN,120,,0.139,2.9
blocks=1|exp=seq|k=30|one_way=False|seed=27,1,False,30,27,NN2opt,114,,5.043,2.9
blocks=1|exp=seq|k=30|one_way=False|seed=27,1,False,30,27,GA,122,,647.255,39.7
blocks=1|exp=seq|k=30|one_way=False|seed=27,1,False,30,27,ACO,114,,470.764,67.4
blocks=1|exp=seq|k=30|one_way=False|seed=27,1,False,30,27,ALO,254,,468.605,94.7
blocks=1|exp=seq|k=30|one_way=False|seed=27,1,False,30,27,Hybrid,116,,37.281,2.9
blocks=1|exp=seq|k=30|one_way=False|seed=28,1,False,30,28,NN,120,,0.13,2.9
blocks=1|exp=seq|k=30|one_way=False|seed=28,1,False,30,28,NN2opt,120,,2.651,2.9
blocks=1|exp=seq|k=30|one_way=False|seed=28,1,False,30,28,GA,124,,637.974,39.7
blocks=1|exp=seq|k=30|one_way=False|seed=28,1,False,30,28,ACO,114,,484.03,67.4
blocks=1|exp=seq|k=30|one_way=False|seed=28,1,False,30,28,ALO,290,,473.087,94.6
blocks=1|exp=seq|k=30|one_way=False|seed=28,1,False,30,28,Hybrid,114,,41.039,2.9
blocks=2|exp=seq|k=5|one_way=True|seed=2,2,True,5,2,HeldKarp,90,90,0.162,3.7
blocks=2|exp=seq|k=5|one_way=True|seed=2,2,True,5,2,NN,132,90,0.014,1.1
blocks=2|exp=seq|k=5|one_way=True|seed=2,2,True,5,2,NN2opt,90,90,0.089,1.1
blocks=2|exp=seq|k=5|one_way=True|seed=2,2,True,5,2,GA,90,90,336.741,20.1
blocks=2|exp=seq|k=5|one_way=True|seed=2,2,True,5,2,ACO,90,90,35.691,5.5
blocks=2|exp=seq|k=5|one_way=True|seed=2,2,True,5,2,ALO,90,90,334.44,19.7
blocks=2|exp=seq|k=5|one_way=True|seed=2,2,True,5,2,Hybrid,90,90,0.353,1.1
blocks=2|exp=seq|k=5|one_way=True|seed=3,2,True,5,3,HeldKarp,66,66,0.162,3.7
blocks=2|exp=seq|k=5|one_way=True|seed=3,2,True,5,3,NN,66,66,0.013,1.1
blocks=2|exp=seq|k=5|one_way=True|seed=3,2,True,5,3,NN2opt,66,66,0.04,1.1
blocks=2|exp=seq|k=5|one_way=True|seed=3,2,True,5,3,GA,66,66,331.652,20.0
blocks=2|exp=seq|k=5|one_way=True|seed=3,2,True,5,3,ACO,66,66,35.527,5.4
blocks=2|exp=seq|k=5|one_way=True|seed=3,2,True,5,3,ALO,66,66,331.349,19.7
blocks=2|exp=seq|k=5|one_way=True|seed=3,2,True,5,3,Hybrid,66,66,0.173,1.1
blocks=1|exp=seq|k=30|one_way=False|seed=29,1,False,30,29,NN,114,,0.132,2.9
blocks=1|exp=seq|k=30|one_way=False|seed=29,1,False,30,29,NN2opt,114,,2.577,2.9
blocks=1|exp=seq|k=30|one_way=False|seed=29,1,False,30,29,GA,118,,639.567,39.7
blocks=1|exp=seq|k=30|one_way=False|seed=29,1,False,30,29,ACO,114,,521.003,67.5
blocks=1|exp=seq|k=30|one_way=False|seed=29,1,False,30,29,ALO,238,,520.951,94.7
blocks=1|exp=seq|k=30|one_way=False|seed=29,1,False,30,29,Hybrid,114,,15.889,2.9
blocks=2|exp=seq|k=5|one_way=True|seed=4,2,True,5,4,HeldKarp,114,114,0.164,3.7
blocks=2|exp=seq|k=5|one_way=True|seed=4,2,True,5,4,NN,132,114,0.014,1.1
blocks=2|exp=seq|k=5|one_way=True|seed=4,2,True,5,4,NN2opt,114,114,0.065,1.1
blocks=2|exp=seq|k=5|one_way=True|seed=4,2,True,5,4,GA,114,114,329.51,19.8
blocks=2|exp=seq|k=5|one_way=True|seed=4,2,True,5,4,ACO,114,114,35.943,5.5
blocks=2|exp=seq|k=5|one_way=True|seed=4,2,True,5,4,ALO,114,114,303.264,19.6
blocks=2|exp=seq|k=5|one_way=True|seed=4,2,True,5,4,Hybrid,114,114,0.349,1.1
blocks=2|exp=seq|k=5|one_way=True|seed=5,2,True,5,5,HeldKarp,96,96,0.167,3.7
blocks=2|exp=seq|k=5|one_way=True|seed=5,2,True,5,5,NN,96,96,0.013,1.1
blocks=2|exp=seq|k=5|one_way=True|seed=5,2,True,5,5,NN2opt,96,96,0.042,1.1
blocks=2|exp=seq|k=5|one_way=True|seed=5,2,True,5,5,GA,96,96,347.597,20.1
blocks=2|exp=seq|k=5|one_way=True|seed=5,2,True,5,5,ACO,96,96,35.1,5.4
blocks=2|exp=seq|k=5|one_way=True|seed=5,2,True,5,5,ALO,114,96,302.299,19.6
blocks=2|exp=seq|k=5|one_way=True|seed=5,2,True,5,5,Hybrid,96,96,0.152,1.1
blocks=2|exp=seq|k=5|one_way=True|seed=6,2,True,5,6,HeldKarp,84,84,0.166,3.7
blocks=2|exp=seq|k=5|one_way=True|seed=6,2,True,5,6,NN,84,84,0.014,1.1
blocks=2|exp=seq|k=5|one_way=True|seed=6,2,True,5,6,NN2opt,84,84,0.042,1.1
blocks=2|exp=seq|k=5|one_way=True|seed=6,2,True,5,6,GA,84,84,366.993,20.1
blocks=2|exp=seq|k=5|one_way=True|seed=6,2,True,5,6,ACO,84,84,35.619,5.4
blocks=2|exp=seq|k=5|one_way=True|seed=6,2,True,5,6,ALO,84,84,303.925,19.7
blocks=2|exp=seq|k=5|one_way=True|seed=6,2,True,5,6,Hybrid,84,84,0.152,1.1
blocks=2|exp=seq|k=5|one_way=True|seed=7,2,True,5,7,HeldKarp,90,90,0.174,3.7
blocks=2|exp=seq|k=5|one_way=True|seed=7,2,True,5,7,NN,90,90,0.015,1.1
blocks=2|exp=seq|k=5|one_way=True|seed=7,2,True,5,7,NN2opt,90,90,0.041,1.1
blocks=2|exp=seq|k=5|one_way=True|seed=7,2,True,5,7,GA,90,90,339.093,20.3
blocks=2|exp=seq|k=5|one_way=True|seed=7,2,True,5,7,ACO,90,90,34.649,5.5
blocks=2|exp=seq|k=5|one_way=True|seed=7,2,True,5,7,ALO,90,90,300.515,19.6
blocks=2|exp=seq|k=5|one_way=True|seed=7,2,True,5,7,Hybrid,90,90,0.147,1.1
blocks=2|exp=seq|k=5|one_way=True|seed=8,2,True,5,8,HeldKarp,114,114,0.16,3.7
blocks=2|exp=seq|k=5|one_way=True|seed=8,2,True,5,8,NN,114,114,0.012,1.1
blocks=2|exp=seq|k=5|one_way=True|seed=8,2,True,5,8,NN2opt,114,114,0.04,1.1
blocks=2|exp=seq|k=5|one_way=True|seed=8,2,True,5,8,GA,114,114,340.607,19.8
blocks=2|exp=seq|k=5|one_way=True|seed=8,2,True,5,8,ACO,114,114,34.871,5.4
blocks=2|exp=seq|k=5|one_way=True|seed=8,2,True,5,8,ALO,114,114,300.057,19.7
blocks=2|exp=seq|k=5|one_way=True|seed=8,2,True,5,8,Hybrid,114,114,0.153,1.1
blocks=2|exp=seq|k=5|one_way=True|seed=10,2,True,5,10,HeldKarp,114,114,0.161,3.7
blocks=2|exp=seq|k=5|one_way=True|seed=10,2,True,5,10,NN,114,114,0.013,1.1
blocks=2|exp=seq|k=5|one_way=True|seed=10,2,True,5,10,NN2opt,114,114,0.041,1.1
blocks=2|exp=seq|k=5|one_way=True|seed=10,2,True,5,10,GA,114,114,334.346,20.1
blocks=2|exp=seq|k=5|one_way=True|seed=10,2,True,5,10,ACO,114,114,35.22,5.5
blocks=2|exp=seq|k=5|one_way=True|seed=10,2,True,5,10,ALO,114,114,315.347,19.7
blocks=2|exp=seq|k=5|one_way=True|seed=10,2,True,5,10,Hybrid,114,114,0.153,1.1
blocks=2|exp=seq|k=5|one_way=True|seed=9,2,True,5,9,HeldKarp,126,126,0.165,3.7
blocks=2|exp=seq|k=5|one_way=True|seed=9,2,True,5,9,NN,126,126,0.013,1.1
blocks=2|exp=seq|k=5|one_way=True|seed=9,2,True,5,9,NN2opt,126,126,0.041,1.1
blocks=2|exp=seq|k=5|one_way=True|seed=9,2,True,5,9,GA,126,126,337.334,20.0
blocks=2|exp=seq|k=5|one_way=True|seed=9,2,True,5,9,ACO,126,126,34.799,5.5
blocks=2|exp=seq|k=5|one_way=True|seed=9,2,True,5,9,ALO,126,126,336.951,19.7
blocks=2|exp=seq|k=5|one_way=True|seed=9,2,True,5,9,Hybrid,126,126,0.15,1.1
blocks=2|exp=seq|k=5|one_way=True|seed=11,2,True,5,11,HeldKarp,96,96,0.161,3.7
blocks=2|exp=seq|k=5|one_way=True|seed=11,2,True,5,11,NN,96,96,0.013,1.1
blocks=2|exp=seq|k=5|one_way=True|seed=11,2,True,5,11,NN2opt,96,96,0.04,1.1
blocks=2|exp=seq|k=5|one_way=True|seed=11,2,True,5,11,GA,96,96,334.415,19.8
blocks=2|exp=seq|k=5|one_way=True|seed=11,2,True,5,11,ACO,96,96,36.224,5.4
blocks=2|exp=seq|k=5|one_way=True|seed=11,2,True,5,11,ALO,96,96,303.888,19.6
blocks=2|exp=seq|k=5|one_way=True|seed=11,2,True,5,11,Hybrid,96,96,0.162,1.1
blocks=2|exp=seq|k=5|one_way=True|seed=12,2,True,5,12,HeldKarp,54,54,0.165,3.7
blocks=2|exp=seq|k=5|one_way=True|seed=12,2,True,5,12,NN,72,54,0.012,1.1
blocks=2|exp=seq|k=5|one_way=True|seed=12,2,True,5,12,NN2opt,72,54,0.04,1.1
blocks=2|exp=seq|k=5|one_way=True|seed=12,2,True,5,12,GA,54,54,338.58,19.8
blocks=2|exp=seq|k=5|one_way=True|seed=12,2,True,5,12,ACO,54,54,36.288,5.5
blocks=2|exp=seq|k=5|one_way=True|seed=12,2,True,5,12,ALO,72,54,305.603,19.7
blocks=2|exp=seq|k=5|one_way=True|seed=12,2,True,5,12,Hybrid,54,54,0.296,1.1
blocks=2|exp=seq|k=5|one_way=True|seed=13,2,True,5,13,HeldKarp,114,114,0.24,3.7
blocks=2|exp=seq|k=5|one_way=True|seed=13,2,True,5,13,NN,132,114,0.014,1.1
blocks=2|exp=seq|k=5|one_way=True|seed=13,2,True,5,13,NN2opt,132,114,0.041,1.1
blocks=2|exp=seq|k=5|one_way=True|seed=13,2,True,5,13,GA,114,114,336.215,20.0
blocks=2|exp=seq|k=5|one_way=True|seed=13,2,True,5,13,ACO,114,114,35.446,5.4
blocks=2|exp=seq|k=5|one_way=True|seed=13,2,True,5,13,ALO,114,114,305.595,19.7
blocks=2|exp=seq|k=5|one_way=True|seed=13,2,True,5,13,Hybrid,114,114,0.329,1.1
blocks=2|exp=seq|k=5|one_way=True|seed=14,2,True,5,14,HeldKarp,96,96,0.161,3.7
blocks=2|exp=seq|k=5|one_way=True|seed=14,2,True,5,14,NN,96,96,0.013,1.1
blocks=2|exp=seq|k=5|one_way=True|seed=14,2,True,5,14,NN2opt,96,96,0.04,1.1
blocks=2|exp=seq|k=5|one_way=True|seed=14,2,True,5,14,GA,96,96,342.686,19.8
blocks=2|exp=seq|k=5|one_way=True|seed=14,2,True,5,14,ACO,96,96,35.171,5.4
blocks=2|exp=seq|k=5|one_way=True|seed=14,2,True,5,14,ALO,96,96,301.347,19.7
blocks=2|exp=seq|k=5|one_way=True|seed=14,2,True,5,14,Hybrid,96,96,0.151,1.1
blocks=2|exp=seq|k=5|one_way=True|seed=15,2,True,5,15,HeldKarp,90,90,0.164,3.7
blocks=2|exp=seq|k=5|one_way=True|seed=15,2,True,5,15,NN,108,90,0.013,1.1
blocks=2|exp=seq|k=5|one_way=True|seed=15,2,True,5,15,NN2opt,90,90,0.067,1.1
blocks=2|exp=seq|k=5|one_way=True|seed=15,2,True,5,15,GA,90,90,339.79,19.9
blocks=2|exp=seq|k=5|one_way=True|seed=15,2,True,5,15,ACO,90,90,34.68,5.5
blocks=2|exp=seq|k=5|one_way=True|seed=15,2,True,5,15,ALO,90,90,298.578,19.6
blocks=2|exp=seq|k=5|one_way=True|seed=15,2,True,5,15,Hybrid,90,90,0.311,1.1
blocks=2|exp=seq|k=5|one_way=True|seed=17,2,True,5,17,HeldKarp,114,114,0.167,3.7
blocks=2|exp=seq|k=5|one_way=True|seed=17,2,True,5,17,NN,114,114,0.015,1.1
blocks=2|exp=seq|k=5|one_way=True|seed=17,2,True,5,17,NN2opt,114,114,0.041,1.1
blocks=2|exp=seq|k=5|one_way=True|seed=17,2,True,5,17,GA,114,114,336.871,20.0
blocks=2|exp=seq|k=5|one_way=True|seed=17,2,True,5,17,ACO,114,114,35.156,5.4
blocks=2|exp=seq|k=5|one_way=True|seed=17,2,True,5,17,ALO,114,114,300.636,19.8
blocks=2|exp=seq|k=5|one_way=True|seed=17,2,True,5,17,Hybrid,114,114,0.151,1.1
blocks=2|exp=seq|k=5|one_way=True|seed=16,2,True,5,16,HeldKarp,72,72,0.16,3.7
blocks=2|exp=seq|k=5|one_way=True|seed=16,2,True,5,16,NN,96,72,0.013,1.1
blocks=2|exp=seq|k=5|one_way=True|seed=16,2,True,5,16,NN2opt,72,72,0.065,1.1
blocks=2|exp=seq|k=5|one_way=True|seed=16,2,True,5,16,GA,72,72,335.673,20.1
blocks=2|exp=seq|k=5|one_way=True|seed=16,2,True,5,16,ACO,72,72,34.396,5.4
blocks=2|exp=seq|k=5|one_way=True|seed=16,2,True,5,16,ALO,72,72,300.642,19.7
blocks=2|exp=seq|k=5|one_way=True|seed=16,2,True,5,16,Hybrid,72,72,0.33,1.1
blocks=2|exp=seq|k=5|one_way=True|seed=18,2,True,5,18,HeldKarp,96,96,0.17,3.7
blocks=2|exp=seq|k=5|one_way=True|seed=18,2,True,5,18,NN,120,96,0.016,1.1
blocks=2|exp=seq|k=5|one_way=True|seed=18,2,True,5,18,NN2opt,96,96,0.092,1.1
blocks=2|exp=seq|k=5|one_way=True|seed=18,2,True,5,18,GA,96,96,334.141,20.5
blocks=2|exp=seq|k=5|one_way=True|seed=18,2,True,5,18,ACO,96,96,34.478,5.5
blocks=2|exp=seq|k=5|one_way=True|seed=18,2,True,5,18,ALO,96,96,328.971,19.6
blocks=2|exp=seq|k=5|one_way=True|seed=18,2,True,5,18,Hybrid,96,96,0.303,1.1
blocks=2|exp=seq|k=5|one_way=True|seed=19,2,True,5,19,HeldKarp,114,114,0.163,3.7
blocks=2|exp=seq|k=5|one_way=True|seed=19,2,True,5,19,NN,114,114,0.013,1.1
blocks=2|exp=seq|k=5|one_way=True|seed=19,2,True,5,19,NN2opt,114,114,0.04,1.1
blocks=2|exp=seq|k=5|one_way=True|seed=19,2,True,5,19,GA,114,114,341.504,19.8
blocks=2|exp=seq|k=5|one_way=True|seed=19,2,True,5,19,ACO,114,114,35.505,5.5
blocks=2|exp=seq|k=5|one_way=True|seed=19,2,True,5,19,ALO,114,114,303.383,19.7
blocks=2|exp=seq|k=5|one_way=True|seed=19,2,True,5,19,Hybrid,114,114,0.152,1.1
blocks=2|exp=seq|k=5|one_way=True|seed=20,2,True,5,20,HeldKarp,84,84,0.163,3.7
blocks=2|exp=seq|k=5|one_way=True|seed=20,2,True,5,20,NN,84,84,0.013,1.1
blocks=2|exp=seq|k=5|one_way=True|seed=20,2,True,5,20,NN2opt,84,84,0.041,1.1
blocks=2|exp=seq|k=5|one_way=True|seed=20,2,True,5,20,GA,84,84,340.966,19.8
blocks=2|exp=seq|k=5|one_way=True|seed=20,2,True,5,20,ACO,84,84,34.737,5.5
blocks=2|exp=seq|k=5|one_way=True|seed=20,2,True,5,20,ALO,84,84,299.532,19.7
blocks=2|exp=seq|k=5|one_way=True|seed=20,2,True,5,20,Hybrid,84,84,0.151,1.1
blocks=2|exp=seq|k=5|one_way=True|seed=21,2,True,5,21,HeldKarp,102,102,0.16,3.7
blocks=2|exp=seq|k=5|one_way=True|seed=21,2,True,5,21,NN,120,102,0.013,1.1
blocks=2|exp=seq|k=5|one_way=True|seed=21,2,True,5,21,NN2opt,102,102,0.065,1.1
blocks=2|exp=seq|k=5|one_way=True|seed=21,2,True,5,21,GA,102,102,339.864,19.9
blocks=2|exp=seq|k=5|one_way=True|seed=21,2,True,5,21,ACO,102,102,35.475,5.4
blocks=2|exp=seq|k=5|one_way=True|seed=21,2,True,5,21,ALO,102,102,307.834,19.6
blocks=2|exp=seq|k=5|one_way=True|seed=21,2,True,5,21,Hybrid,102,102,0.322,1.1
blocks=2|exp=seq|k=5|one_way=True|seed=22,2,True,5,22,HeldKarp,90,90,0.163,3.7
blocks=2|exp=seq|k=5|one_way=True|seed=22,2,True,5,22,NN,108,90,0.014,1.1
blocks=2|exp=seq|k=5|one_way=True|seed=22,2,True,5,22,NN2opt,108,90,0.041,1.1
blocks=2|exp=seq|k=5|one_way=True|seed=22,2,True,5,22,GA,90,90,339.738,20.1
blocks=2|exp=seq|k=5|one_way=True|seed=22,2,True,5,22,ACO,90,90,35.702,5.5
blocks=2|exp=seq|k=5|one_way=True|seed=22,2,True,5,22,ALO,102,90,309.849,19.7
blocks=2|exp=seq|k=5|one_way=True|seed=22,2,True,5,22,Hybrid,96,90,0.344,1.1
blocks=2|exp=seq|k=5|one_way=True|seed=24,2,True,5,24,HeldKarp,84,84,0.158,3.7
blocks=2|exp=seq|k=5|one_way=True|seed=24,2,True,5,24,NN,90,84,0.012,1.1
blocks=2|exp=seq|k=5|one_way=True|seed=24,2,True,5,24,NN2opt,90,84,0.04,1.1
blocks=2|exp=seq|k=5|one_way=True|seed=24,2,True,5,24,GA,84,84,336.917,19.8
blocks=2|exp=seq|k=5|one_way=True|seed=24,2,True,5,24,ACO,84,84,35.831,5.5
blocks=2|exp=seq|k=5|one_way=True|seed=24,2,True,5,24,ALO,90,84,303.522,19.7
blocks=2|exp=seq|k=5|one_way=True|seed=24,2,True,5,24,Hybrid,90,84,0.153,1.1
blocks=2|exp=seq|k=5|one_way=True|seed=23,2,True,5,23,HeldKarp,90,90,0.163,3.7
blocks=2|exp=seq|k=5|one_way=True|seed=23,2,True,5,23,NN,108,90,0.013,1.1
blocks=2|exp=seq|k=5|one_way=True|seed=23,2,True,5,23,NN2opt,108,90,0.04,1.1
blocks=2|exp=seq|k=5|one_way=True|seed=23,2,True,5,23,GA,90,90,335.29,19.9
blocks=2|exp=seq|k=5|one_way=True|seed=23,2,True,5,23,ACO,90,90,37.118,5.5
blocks=2|exp=seq|k=5|one_way=True|seed=23,2,True,5,23,ALO,90,90,307.078,19.7
blocks=2|exp=seq|k=5|one_way=True|seed=23,2,True,5,23,Hybrid,90,90,0.345,1.1
blocks=2|exp=seq|k=5|one_way=True|seed=25,2,True,5,25,HeldKarp,90,90,0.167,3.7
blocks=2|exp=seq|k=5|one_way=True|seed=25,2,True,5,25,NN,120,90,0.013,1.1
blocks=2|exp=seq|k=5|one_way=True|seed=25,2,True,5,25,NN2opt,90,90,0.089,1.1
blocks=2|exp=seq|k=5|one_way=True|seed=25,2,True,5,25,GA,90,90,333.168,20.0
blocks=2|exp=seq|k=5|one_way=True|seed=25,2,True,5,25,ACO,90,90,34.992,5.5
blocks=2|exp=seq|k=5|one_way=True|seed=25,2,True,5,25,ALO,90,90,307.484,19.6
blocks=2|exp=seq|k=5|one_way=True|seed=25,2,True,5,25,Hybrid,90,90,0.349,1.1
blocks=2|exp=seq|k=5|one_way=True|seed=26,2,True,5,26,HeldKarp,114,114,0.17,3.7
blocks=2|exp=seq|k=5|one_way=True|seed=26,2,True,5,26,NN,138,114,0.014,1.1
blocks=2|exp=seq|k=5|one_way=True|seed=26,2,True,5,26,NN2opt,114,114,0.091,1.1
blocks=2|exp=seq|k=5|one_way=True|seed=26,2,True,5,26,GA,120,114,343.165,19.8
blocks=2|exp=seq|k=5|one_way=True|seed=26,2,True,5,26,ACO,114,114,35.073,5.5
blocks=2|exp=seq|k=5|one_way=True|seed=26,2,True,5,26,ALO,120,114,299.324,19.7
blocks=2|exp=seq|k=5|one_way=True|seed=26,2,True,5,26,Hybrid,120,114,0.319,1.1
blocks=2|exp=seq|k=5|one_way=True|seed=27,2,True,5,27,HeldKarp,90,90,0.163,3.7
blocks=2|exp=seq|k=5|one_way=True|seed=27,2,True,5,27,NN,96,90,0.013,1.1
blocks=2|exp=seq|k=5|one_way=True|seed=27,2,True,5,27,NN2opt,96,90,0.041,1.1
blocks=2|exp=seq|k=5|one_way=True|seed=27,2,True,5,27,GA,90,90,342.575,19.6
blocks=2|exp=seq|k=5|one_way=True|seed=27,2,True,5,27,ACO,90,90,35.292,5.5
blocks=2|exp=seq|k=5|one_way=True|seed=27,2,True,5,27,ALO,90,90,302.575,19.7
blocks=2|exp=seq|k=5|one_way=True|seed=27,2,True,5,27,Hybrid,90,90,0.327,1.1
blocks=2|exp=seq|k=5|one_way=True|seed=29,2,True,5,29,HeldKarp,102,102,0.171,3.7
blocks=2|exp=seq|k=5|one_way=True|seed=29,2,True,5,29,NN,120,102,0.015,1.1
blocks=2|exp=seq|k=5|one_way=True|seed=29,2,True,5,29,NN2opt,120,102,0.042,1.1
blocks=2|exp=seq|k=5|one_way=True|seed=29,2,True,5,29,GA,102,102,343.662,20.2
blocks=2|exp=seq|k=5|one_way=True|seed=29,2,True,5,29,ACO,102,102,35.649,5.5
blocks=2|exp=seq|k=5|one_way=True|seed=29,2,True,5,29,ALO,102,102,302.835,19.6
blocks=2|exp=seq|k=5|one_way=True|seed=29,2,True,5,29,Hybrid,102,102,0.303,1.1
blocks=2|exp=seq|k=5|one_way=True|seed=28,2,True,5,28,HeldKarp,114,114,0.172,3.7
blocks=2|exp=seq|k=5|one_way=True|seed=28,2,True,5,28,NN,120,114,0.015,1.1
blocks=2|exp=seq|k=5|one_way=True|seed=28,2,True,5,28,NN2opt,114,114,0.07,1.1
blocks=2|exp=seq|k=5|one_way=True|seed=28,2,True,5,28,GA,114,114,350.894,20.0
blocks=2|exp=seq|k=5|one_way=True|seed=28,2,True,5,28,ACO,114,114,35.466,5.5
blocks=2|exp=seq|k=5|one_way=True|seed=28,2,True,5,28,ALO,114,114,302.535,19.7
blocks=2|exp=seq|k=5|one_way=True|seed=28,2,True,5,28,Hybrid,114,114,0.292,1.1
blocks=2|exp=seq|k=8|one_way=True|seed=0,2,True,8,0,HeldKarp,102,102,2.2,60.9
blocks=2|exp=seq|k=8|one_way=True|seed=0,2,True,8,0,NN,132,102,0.021,1.1
blocks=2|exp=seq|k=8|one_way=True|seed=0,2,True,8,0,NN2opt,132,102,0.103,1.1
blocks=2|exp=seq|k=8|one_way=True|seed=0,2,True,8,0,GA,102,102,367.524,20.1
blocks=2|exp=seq|k=8|one_way=True|seed=0,2,True,8,0,ACO,102,102,62.907,8.9
blocks=2|exp=seq|k=8|one_way=True|seed=0,2,True,8,0,ALO,126,102,318.285,28.6
blocks=2|exp=seq|k=8|one_way=True|seed=0,2,True,8,0,Hybrid,108,102,1.028,1.1
blocks=2|exp=seq|k=8|one_way=True|seed=1,2,True,8,1,HeldKarp,150,150,2.165,60.9
blocks=2|exp=seq|k=8|one_way=True|seed=1,2,True,8,1,NN,168,150,0.02,1.1
blocks=2|exp=seq|k=8|one_way=True|seed=1,2,True,8,1,NN2opt,168,150,0.105,1.1
blocks=2|exp=seq|k=8|one_way=True|seed=1,2,True,8,1,GA,150,150,371.925,20.3
blocks=2|exp=seq|k=8|one_way=True|seed=1,2,True,8,1,ACO,150,150,63.011,8.9
blocks=2|exp=seq|k=8|one_way=True|seed=1,2,True,8,1,ALO,156,150,318.789,28.7
blocks=2|exp=seq|k=8|one_way=True|seed=1,2,True,8,1,Hybrid,150,150,1.133,1.1
blocks=2|exp=seq|k=8|one_way=True|seed=2,2,True,8,2,HeldKarp,132,132,2.172,60.9
blocks=2|exp=seq|k=8|one_way=True|seed=2,2,True,8,2,NN,144,132,0.021,1.1
blocks=2|exp=seq|k=8|one_way=True|seed=2,2,True,8,2,NN2opt,144,132,0.103,1.1
blocks=2|exp=seq|k=8|one_way=True|seed=2,2,True,8,2,GA,132,132,374.284,20.2
blocks=2|exp=seq|k=8|one_way=True|seed=2,2,True,8,2,ACO,132,132,62.385,8.9
blocks=2|exp=seq|k=8|one_way=True|seed=2,2,True,8,2,ALO,132,132,336.632,28.6
blocks=2|exp=seq|k=8|one_way=True|seed=2,2,True,8,2,Hybrid,132,132,1.171,1.1
blocks=2|exp=seq|k=8|one_way=True|seed=3,2,True,8,3,HeldKarp,114,114,2.209,60.9
blocks=2|exp=seq|k=8|one_way=True|seed=3,2,True,8,3,NN,126,114,0.02,1.1
blocks=2|exp=seq|k=8|one_way=True|seed=3,2,True,8,3,NN2opt,126,114,0.105,1.1
blocks=2|exp=seq|k=8|one_way=True|seed=3,2,True,8,3,GA,114,114,371.611,20.4
blocks=2|exp=seq|k=8|one_way=True|seed=3,2,True,8,3,ACO,114,114,66.466,8.9
blocks=2|exp=seq|k=8|one_way=True|seed=3,2,True,8,3,ALO,138,114,334.084,28.6
blocks=2|exp=seq|k=8|one_way=True|seed=3,2,True,8,3,Hybrid,114,114,1.357,1.1
blocks=2|exp=seq|k=8|one_way=True|seed=4,2,True,8,4,HeldKarp,108,108,2.146,60.9
blocks=2|exp=seq|k=8|one_way=True|seed=4,2,True,8,4,NN,114,108,0.021,1.1
blocks=2|exp=seq|k=8|one_way=True|seed=4,2,True,8,4,NN2opt,114,108,0.104,1.1
blocks=2|exp=seq|k=8|one_way=True|seed=4,2,True,8,4,GA,108,108,376.691,20.2
blocks=2|exp=seq|k=8|one_way=True|seed=4,2,True,8,4,ACO,108,108,62.54,8.9
blocks=2|exp=seq|k=8|one_way=True|seed=4,2,True,8,4,ALO,120,108,328.775,28.7
blocks=2|exp=seq|k=8|one_way=True|seed=4,2,True,8,4,Hybrid,108,108,1.063,1.1
blocks=2|exp=seq|k=8|one_way=True|seed=5,2,True,8,5,HeldKarp,132,132,2.195,60.9
blocks=2|exp=seq|k=8|one_way=True|seed=5,2,True,8,5,NN,138,132,0.022,1.1
blocks=2|exp=seq|k=8|one_way=True|seed=5,2,True,8,5,NN2opt,138,132,0.105,1.1
blocks=2|exp=seq|k=8|one_way=True|seed=5,2,True,8,5,GA,132,132,398.872,20.5
blocks=2|exp=seq|k=8|one_way=True|seed=5,2,True,8,5,ACO,132,132,64.151,8.9
blocks=2|exp=seq|k=8|one_way=True|seed=5,2,True,8,5,ALO,138,132,326.796,28.6
blocks=2|exp=seq|k=8|one_way=True|seed=5,2,True,8,5,Hybrid,132,132,1.154,1.1
blocks=2|exp=seq|k=8|one_way=True|seed=6,2,True,8,6,HeldKarp,114,114,2.166,60.9
blocks=2|exp=seq|k=8|one_way=True|seed=6,2,True,8,6,NN,114,114,0.02,1.1
blocks=2|exp=seq|k=8|one_way=True|seed=6,2,True,8,6,NN2opt,114,114,0.103,1.1
blocks=2|exp=seq|k=8|one_way=True|seed=6,2,True,8,6,GA,114,114,412.646,20.3
blocks=2|exp=seq|k=8|one_way=True|seed=6,2,True,8,6,ACO,114,114,63.005,8.9
blocks=2|exp=seq|k=8|one_way=True|seed=6,2,True,8,6,ALO,114,114,328.965,28.6
blocks=2|exp=seq|k=8|one_way=True|seed=6,2,True,8,6,Hybrid,114,114,0.469,1.1
blocks=2|exp=seq|k=8|one_way=True|seed=8,2,True,8,8,HeldKarp,126,126,2.25,60.9
blocks=2|exp=seq|k=8|one_way=True|seed=8,2,True,8,8,NN,126,126,0.022,1.1
blocks=2|exp=seq|k=8|one_way=True|seed=8,2,True,8,8,NN2opt,126,126,0.107,1.1
blocks=2|exp=seq|k=8|one_way=True|seed=8,2,True,8,8,GA,126,126,386.624,20.3
blocks=2|exp=seq|k=8|one_way=True|seed=8,2,True,8,8,ACO,126,126,66.109,8.9
blocks=2|exp=seq|k=8|one_way=True|seed=8,2,True,8,8,ALO,138,126,322.86,28.7
blocks=2|exp=seq|k=8|one_way=True|seed=8,2,True,8,8,Hybrid,126,126,0.466,1.1
blocks=2|exp=seq|k=8|one_way=True|seed=7,2,True,8,7,HeldKarp,132,132,2.184,60.9
blocks=2|exp=seq|k=8|one_way=True|seed=7,2,True,8,7,NN,144,132,0.022,1.1
blocks=2|exp=seq|k=8|one_way=True|seed=7,2,True,8,7,NN2opt,138,132,0.188,1.1
blocks=2|exp=seq|k=8|one_way=True|seed=7,2,True,8,7,GA,132,132,384.668,20.3
blocks=2|exp=seq|k=8|one_way=True|seed=7,2,True,8,7,ACO,132,132,64.166,8.9
blocks=2|exp=seq|k=8|one_way=True|seed=7,2,True,8,7,ALO,138,132,319.93,28.6
blocks=2|exp=seq|k=8|one_way=True|seed=7,2,True,8,7,Hybrid,132,132,1.149,1.1
blocks=2|exp=seq|k=8|one_way=True|seed=9,2,True,8,9,HeldKarp,126,126,2.145,60.9
blocks=2|exp=seq|k=8|one_way=True|seed=9,2,True,8,9,NN,156,126,0.02,1.1
blocks=2|exp=seq|k=8|one_way=True|seed=9,2,True,8,9,NN2opt,150,126,0.18,1.1
blocks=2|exp=seq|k=8|one_way=True|seed=9,2,True,8,9,GA,126,126,375.663,20.2
blocks=2|exp=seq|k=8|one_way=True|seed=9,2,True,8,9,ACO,126,126,63.092,8.9
blocks=2|exp=seq|k=8|one_way=True|seed=9,2,True,8,9,ALO,138,126,335.833,28.6
blocks=2|exp=seq|k=8|one_way=True|seed=9,2,True,8,9,Hybrid,126,126,1.128,1.1
blocks=2|exp=seq|k=8|one_way=True|seed=10,2,True,8,10,HeldKarp,102,102,2.155,60.9
blocks=2|exp=seq|k=8|one_way=True|seed=10,2,True,8,10,NN,114,102,0.022,1.1
blocks=2|exp=seq|k=8|one_way=True|seed=10,2,True,8,10,NN2opt,114,102,0.107,1.1
blocks=2|exp=seq|k=8|one_way=True|seed=10,2,True,8,10,GA,114,102,371.54,20.2
blocks=2|exp=seq|k=8|one_way=True|seed=10,2,True,8,10,ACO,102,102,63.279,8.9
blocks=2|exp=seq|k=8|one_way=True|seed=10,2,True,8,10,ALO,126,102,321.653,29.4
blocks=2|exp=seq|k=8|one_way=True|seed=10,2,True,8,10,Hybrid,102,102,1.17,1.1
blocks=2|exp=seq|k=8|one_way=True|seed=11,2,True,8,11,HeldKarp,114,114,2.164,60.9
blocks=2|exp=seq|k=8|one_way=True|seed=11,2,True,8,11,NN,126,114,0.021,1.1
blocks=2|exp=seq|k=8|one_way=True|seed=11,2,True,8,11,NN2opt,126,114,0.105,1.1
blocks=2|exp=seq|k=8|one_way=True|seed=11,2,True,8,11,GA,114,114,376.951,20.3
blocks=2|exp=seq|k=8|one_way=True|seed=11,2,True,8,11,ACO,114,114,64.294,8.9
blocks=2|exp=seq|k=8|one_way=True|seed=11,2,True,8,11,ALO,150,114,326.302,28.7
blocks=2|exp=seq|k=8|one_way=True|seed=11,2,True,8,11,Hybrid,114,114,1.066,1.1
blocks=2|exp=seq|k=8|one_way=True|seed=12,2,True,8,12,HeldKarp,126,126,2.175,60.9
blocks=2|exp=seq|k=8|one_way=True|seed=12,2,True,8,12,NN,144,126,0.021,1.1
blocks=2|exp=seq|k=8|one_way=True|seed=12,2,True,8,12,NN2opt,144,126,0.109,1.1
blocks=2|exp=seq|k=8|one_way=True|seed=12,2,True,8,12,GA,126,126,413.084,20.2
blocks=2|exp=seq|k=8|one_way=True|seed=12,2,True,8,12,ACO,126,126,64.572,8.9
blocks=2|exp=seq|k=8|one_way=True|seed=12,2,True,8,12,ALO,156,126,320.826,28.6
blocks=2|exp=seq|k=8|one_way=True|seed=12,2,True,8,12,Hybrid,138,126,1.038,1.1
blocks=2|exp=seq|k=8|one_way=True|seed=13,2,True,8,13,HeldKarp,108,108,2.253,60.9
blocks=2|exp=seq|k=8|one_way=True|seed=13,2,True,8,13,NN,108,108,0.023,1.1
blocks=2|exp=seq|k=8|one_way=True|seed=13,2,True,8,13,NN2opt,108,108,0.105,1.1
blocks=2|exp=seq|k=8|one_way=True|seed=13,2,True,8,13,GA,108,108,381.208,20.3
blocks=2|exp=seq|k=8|one_way=True|seed=13,2,True,8,13,ACO,108,108,62.912,8.8
blocks=2|exp=seq|k=8|one_way=True|seed=13,2,True,8,13,ALO,114,108,322.968,28.6
blocks=2|exp=seq|k=8|one_way=True|seed=13,2,True,8,13,Hybrid,108,108,0.465,1.1
blocks=2|exp=seq|k=8|one_way=True|seed=14,2,True,8,14,HeldKarp,132,132,2.141,60.9
blocks=2|exp=seq|k=8|one_way=True|seed=14,2,True,8,14,NN,132,132,0.021,1.1
blocks=2|exp=seq|k=8|one_way=True|seed=14,2,True,8,14,NN2opt,132,132,0.105,1.1
blocks=2|exp=seq|k=8|one_way=True|seed=14,2,True,8,14,GA,132,132,375.717,20.2
blocks=2|exp=seq|k=8|one_way=True|seed=14,2,True,8,14,ACO,132,132,63.919,8.9
blocks=2|exp=seq|k=8|one_way=True|seed=14,2,True,8,14,ALO,150,132,334.193,28.7
blocks=2|exp=seq|k=8|one_way=True|seed=14,2,True,8,14,Hybrid,132,132,0.481,1.1
blocks=2|exp=seq|k=8|one_way=True|seed=15,2,True,8,15,HeldKarp,108,108,2.118,60.9
blocks=2|exp=seq|k=8|one_way=True|seed=15,2,True,8,15,NN,108,108,0.021,1.1
blocks=2|exp=seq|k=8|one_way=True|seed=15,2,True,8,15,NN2opt,108,108,0.103,1.1
blocks=2|exp=seq|k=8|one_way=True|seed=15,2,True,8,15,GA,108,108,373.144,20.4
blocks=2|exp=seq|k=8|one_way=True|seed=15,2,True,8,15,ACO,108,108,63.836,8.9
blocks=2|exp=seq|k=8|one_way=True|seed=15,2,True,8,15,ALO,126,108,346.2,28.6
blocks=2|exp=seq|k=8|one_way=True|seed=15,2,True,8,15,Hybrid,108,108,0.507,1.1
blocks=2|exp=seq|k=8|one_way=True|seed=16,2,True,8,16,HeldKarp,126,126,2.139,60.9
blocks=2|exp=seq|k=8|one_way=True|seed=16,2,True,8,16,NN,132,126,0.025,1.1
blocks=2|exp=seq|k=8|one_way=True|seed=16,2,True,8,16,NN2opt,132,126,0.104,1.1
blocks=2|exp=seq|k=8|one_way=True|seed=16,2,True,8,16,GA,126,126,377.7,20.6
blocks=2|exp=seq|k=8|one_way=True|seed=16,2,True,8,16,ACO,126,126,64.888,8.9
blocks=2|exp=seq|k=8|one_way=True|seed=16,2,True,8,16,ALO,126,126,343.461,28.6
blocks=2|exp=seq|k=8|one_way=True|seed=16,2,True,8,16,Hybrid,126,126,0.991,1.1
blocks=2|exp=seq|k=8|one_way=True|seed=17,2,True,8,17,HeldKarp,132,132,2.551,60.9
blocks=2|exp=seq|k=8|one_way=True|seed=17,2,True,8,17,NN,180,132,0.023,1.1
blocks=2|exp=seq|k=8|one_way=True|seed=17,2,True,8,17,NN2opt,132,132,0.263,1.1
blocks=2|exp=seq|k=8|one_way=True|seed=17,2,True,8,17,GA,132,132,383.107,20.2
blocks=2|exp=seq|k=8|one_way=True|seed=17,2,True,8,17,ACO,132,132,63.693,8.9
blocks=2|exp=seq|k=8|one_way=True|seed=17,2,True,8,17,ALO,138,132,355.327,28.7
blocks=2|exp=seq|k=8|one_way=True|seed=17,2,True,8,17,Hybrid,132,132,1.118,1.1
blocks=2|exp=seq|k=8|one_way=True|seed=18,2,True,8,18,HeldKarp,150,150,2.167,60.9
blocks=2|exp=seq|k=8|one_way=True|seed=18,2,True,8,18,NN,186,150,0.022,1.1
blocks=2|exp=seq|k=8|one_way=True|seed=18,2,True,8,18,NN2opt,150,150,0.271,1.1
blocks=2|exp=seq|k=8|one_way=True|seed=18,2,True,8,18,GA,150,150,379.565,20.1
blocks=2|exp=seq|k=8|one_way=True|seed=18,2,True,8,18,ACO,150,150,76.994,8.9
blocks=2|exp=seq|k=8|one_way=True|seed=18,2,True,8,18,ALO,150,150,339.625,28.7
blocks=2|exp=seq|k=8|one_way=True|seed=18,2,True,8,18,Hybrid,150,150,1.12,1.1
blocks=2|exp=seq|k=8|one_way=True|seed=19,2,True,8,19,HeldKarp,114,114,2.193,60.9
blocks=2|exp=seq|k=8|one_way=True|seed=19,2,True,8,19,NN,138,114,0.022,1.1
blocks=2|exp=seq|k=8|one_way=True|seed=19,2,True,8,19,NN2opt,138,114,0.106,1.1
blocks=2|exp=seq|k=8|one_way=True|seed=19,2,True,8,19,GA,114,114,383.596,20.6
blocks=2|exp=seq|k=8|one_way=True|seed=19,2,True,8,19,ACO,114,114,75.051,8.9
blocks=2|exp=seq|k=8|one_way=True|seed=19,2,True,8,19,ALO,120,114,339.546,28.6
blocks=2|exp=seq|k=8|one_way=True|seed=19,2,True,8,19,Hybrid,114,114,1.018,1.1
blocks=2|exp=seq|k=8|one_way=True|seed=20,2,True,8,20,HeldKarp,132,132,2.213,60.9
blocks=2|exp=seq|k=8|one_way=True|seed=20,2,True,8,20,NN,144,132,0.022,1.1
blocks=2|exp=seq|k=8|one_way=True|seed=20,2,True,8,20,NN2opt,138,132,0.185,1.1
blocks=2|exp=seq|k=8|one_way=True|seed=20,2,True,8,20,GA,132,132,388.264,20.5
blocks=2|exp=seq|k=8|one_way=True|seed=20,2,True,8,20,ACO,132,132,73.868,8.9
blocks=2|exp=seq|k=8|one_way=True|seed=20,2,True,8,20,ALO,132,132,342.817,28.6
blocks=2|exp=seq|k=8|one_way=True|seed=20,2,True,8,20,Hybrid,132,132,1.302,1.1
blocks=2|exp=seq|k=8|one_way=True|seed=21,2,True,8,21,HeldKarp,126,126,2.244,60.9
blocks=2|exp=seq|k=8|one_way=True|seed=21,2,True,8,21,NN,138,126,0.024,1.1
blocks=2|exp=seq|k=8|one_way=True|seed=21,2,True,8,21,NN2opt,138,126,0.109,1.1
blocks=2|exp=seq|k=8|one_way=True|seed=21,2,True,8,21,GA,126,126,404.469,20.5
blocks=2|exp=seq|k=8|one_way=True|seed=21,2,True,8,21,ACO,126,126,69.033,8.9
blocks=2|exp=seq|k=8|one_way=True|seed=21,2,True,8,21,ALO,126,126,362.819,28.7
blocks=2|exp=seq|k=8|one_way=True|seed=21,2,True,8,21,Hybrid,126,126,1.402,1.1
blocks=2|exp=seq|k=8|one_way=True|seed=22,2,True,8,22,HeldKarp,132,132,2.272,60.9
blocks=2|exp=seq|k=8|one_way=True|seed=22,2,True,8,22,NN,150,132,0.024,1.1
blocks=2|exp=seq|k=8|one_way=True|seed=22,2,True,8,22,NN2opt,150,132,0.106,1.1
blocks=2|exp=seq|k=8|one_way=True|seed=22,2,True,8,22,GA,132,132,403.066,20.2
blocks=2|exp=seq|k=8|one_way=True|seed=22,2,True,8,22,ACO,132,132,66.338,8.9
blocks=2|exp=seq|k=8|one_way=True|seed=22,2,True,8,22,ALO,138,132,366.121,28.6
blocks=2|exp=seq|k=8|one_way=True|seed=22,2,True,8,22,Hybrid,132,132,0.984,1.1
blocks=2|exp=seq|k=8|one_way=True|seed=23,2,True,8,23,HeldKarp,120,120,2.198,60.9
blocks=2|exp=seq|k=8|one_way=True|seed=23,2,True,8,23,NN,120,120,0.022,1.1
blocks=2|exp=seq|k=8|one_way=True|seed=23,2,True,8,23,NN2opt,120,120,0.107,1.1
blocks=2|exp=seq|k=8|one_way=True|seed=23,2,True,8,23,GA,120,120,385.86,20.4
blocks=2|exp=seq|k=8|one_way=True|seed=23,2,True,8,23,ACO,120,120,68.757,8.9
blocks=2|exp=seq|k=8|one_way=True|seed=23,2,True,8,23,ALO,132,120,359.235,28.6
blocks=2|exp=seq|k=8|one_way=True|seed=23,2,True,8,23,Hybrid,120,120,0.48,1.1
blocks=2|exp=seq|k=8|one_way=True|seed=24,2,True,8,24,HeldKarp,108,108,2.22,60.9
blocks=2|exp=seq|k=8|one_way=True|seed=24,2,True,8,24,NN,108,108,0.024,1.1
blocks=2|exp=seq|k=8|one_way=True|seed=24,2,True,8,24,NN2opt,108,108,0.108,1.1
blocks=2|exp=seq|k=8|one_way=True|seed=24,2,True,8,24,GA,108,108,423.262,20.4
blocks=2|exp=seq|k=8|one_way=True|seed=24,2,True,8,24,ACO,108,108,79.669,8.9
blocks=2|exp=seq|k=8|one_way=True|seed=24,2,True,8,24,ALO,108,108,360.601,28.6
blocks=2|exp=seq|k=8|one_way=True|seed=24,2,True,8,24,Hybrid,108,108,0.488,1.1
blocks=2|exp=seq|k=8|one_way=True|seed=25,2,True,8,25,HeldKarp,156,156,2.276,60.9
blocks=2|exp=seq|k=8|one_way=True|seed=25,2,True,8,25,NN,180,156,0.024,1.1
blocks=2|exp=seq|k=8|one_way=True|seed=25,2,True,8,25,NN2opt,168,156,0.289,1.1
blocks=2|exp=seq|k=8|one_way=True|seed=25,2,True,8,25,GA,168,156,434.358,20.0
blocks=2|exp=seq|k=8|one_way=True|seed=25,2,True,8,25,ACO,156,156,66.412,8.9
blocks=2|exp=seq|k=8|one_way=True|seed=25,2,True,8,25,ALO,156,156,351.051,28.7
blocks=2|exp=seq|k=8|one_way=True|seed=25,2,True,8,25,Hybrid,168,156,0.977,1.1
blocks=2|exp=seq|k=8|one_way=True|seed=26,2,True,8,26,HeldKarp,150,150,2.204,60.9
blocks=2|exp=seq|k=8|one_way=True|seed=26,2,True,8,26,NN,168,150,0.022,1.1
blocks=2|exp=seq|k=8|one_way=True|seed=26,2,True,8,26,NN2opt,168,150,0.106,1.1
blocks=2|exp=seq|k=8|one_way=True|seed=26,2,True,8,26,GA,150,150,419.218,19.9
blocks=2|exp=seq|k=8|one_way=True|seed=26,2,True,8,26,ACO,150,150,66.413,8.9
blocks=2|exp=seq|k=8|one_way=True|seed=26,2,True,8,26,ALO,150,150,327.83,28.6
blocks=2|exp=seq|k=8|one_way=True|seed=26,2,True,8,26,Hybrid,150,150,1.023,1.1
blocks=2|exp=seq|k=8|one_way=True|seed=27,2,True,8,27,HeldKarp,96,96,2.191,60.9
blocks=2|exp=seq|k=8|one_way=True|seed=27,2,True,8,27,NN,120,96,0.023,1.1
blocks=2|exp=seq|k=8|one_way=True|seed=27,2,True,8,27,NN2opt,96,96,0.267,1.1
blocks=2|exp=seq|k=8|one_way=True|seed=27,2,True,8,27,GA,96,96,419.108,20.6
blocks=2|exp=seq|k=8|one_way=True|seed=27,2,True,8,27,ACO,96,96,67.934,8.9
blocks=2|exp=seq|k=8|one_way=True|seed=27,2,True,8,27,ALO,102,96,326.425,28.7
blocks=2|exp=seq|k=8|one_way=True|seed=27,2,True,8,27,Hybrid,96,96,1.152,1.1
blocks=2|exp=seq|k=8|one_way=True|seed=28,2,True,8,28,HeldKarp,120,120,2.245,60.9
blocks=2|exp=seq|k=8|one_way=True|seed=28,2,True,8,28,NN,138,120,0.025,1.1
blocks=2|exp=seq|k=8|one_way=True|seed=28,2,True,8,28,NN2opt,138,120,0.11,1.1
blocks=2|exp=seq|k=8|one_way=True|seed=28,2,True,8,28,GA,120,120,412.836,20.3
blocks=2|exp=seq|k=8|one_way=True|seed=28,2,True,8,28,ACO,120,120,64.118,8.9
blocks=2|exp=seq|k=8|one_way=True|seed=28,2,True,8,28,ALO,120,120,330.184,28.7
blocks=2|exp=seq|k=8|one_way=True|seed=28,2,True,8,28,Hybrid,120,120,0.94,1.1
blocks=2|exp=seq|k=8|one_way=True|seed=29,2,True,8,29,HeldKarp,138,138,2.24,60.9
blocks=2|exp=seq|k=8|one_way=True|seed=29,2,True,8,29,NN,138,138,0.025,1.1
blocks=2|exp=seq|k=8|one_way=True|seed=29,2,True,8,29,NN2opt,138,138,0.108,1.1
blocks=2|exp=seq|k=8|one_way=True|seed=29,2,True,8,29,GA,138,138,404.863,20.3
blocks=2|exp=seq|k=8|one_way=True|seed=29,2,True,8,29,ACO,138,138,63.34,8.9
blocks=2|exp=seq|k=8|one_way=True|seed=29,2,True,8,29,ALO,144,138,328.482,28.6
blocks=2|exp=seq|k=8|one_way=True|seed=29,2,True,8,29,Hybrid,138,138,0.462,1.1
blocks=2|exp=seq|k=10|one_way=True|seed=0,2,True,10,0,HeldKarp,150,150,14.293,286.0
blocks=2|exp=seq|k=10|one_way=True|seed=0,2,True,10,0,NN,150,150,0.03,1.1
blocks=2|exp=seq|k=10|one_way=True|seed=0,2,True,10,0,NN2opt,150,150,0.178,1.1
blocks=2|exp=seq|k=10|one_way=True|seed=0,2,True,10,0,GA,150,150,423.124,27.2
blocks=2|exp=seq|k=10|one_way=True|seed=0,2,True,10,0,ACO,150,150,85.052,11.7
blocks=2|exp=seq|k=10|one_way=True|seed=0,2,True,10,0,ALO,162,150,345.497,34.6
blocks=2|exp=seq|k=10|one_way=True|seed=0,2,True,10,0,Hybrid,150,150,0.839,1.1
blocks=2|exp=seq|k=10|one_way=True|seed=1,2,True,10,1,HeldKarp,150,150,14.129,286.0
blocks=2|exp=seq|k=10|one_way=True|seed=1,2,True,10,1,NN,180,150,0.031,1.1
blocks=2|exp=seq|k=10|one_way=True|seed=1,2,True,10,1,NN2opt,174,150,0.338,1.1
blocks=2|exp=seq|k=10|one_way=True|seed=1,2,True,10,1,GA,156,150,425.974,27.6
blocks=2|exp=seq|k=10|one_way=True|seed=1,2,True,10,1,ACO,150,150,88.377,11.6
blocks=2|exp=seq|k=10|one_way=True|seed=1,2,True,10,1,ALO,162,150,368.381,34.7
blocks=2|exp=seq|k=10|one_way=True|seed=1,2,True,10,1,Hybrid,150,150,1.954,1.1
blocks=2|exp=seq|k=10|one_way=True|seed=2,2,True,10,2,HeldKarp,120,120,14.219,286.0
blocks=2|exp=seq|k=10|one_way=True|seed=2,2,True,10,2,NN,120,120,0.03,1.1
blocks=2|exp=seq|k=10|one_way=True|seed=2,2,True,10,2,NN2opt,120,120,0.179,1.1
blocks=2|exp=seq|k=10|one_way=True|seed=2,2,True,10,2,GA,120,120,409.155,27.4
blocks=2|exp=seq|k=10|one_way=True|seed=2,2,True,10,2,ACO,120,120,90.323,11.6
blocks=2|exp=seq|k=10|one_way=True|seed=2,2,True,10,2,ALO,132,120,350.274,34.7
blocks=2|exp=seq|k=10|one_way=True|seed=2,2,True,10,2,Hybrid,120,120,0.814,1.1
blocks=2|exp=seq|k=10|one_way=True|seed=3,2,True,10,3,HeldKarp,150,150,13.76,286.0
blocks=2|exp=seq|k=10|one_way=True|seed=3,2,True,10,3,NN,156,150,0.029,1.1
blocks=2|exp=seq|k=10|one_way=True|seed=3,2,True,10,3,NN2opt,156,150,0.169,1.1
blocks=2|exp=seq|k=10|one_way=True|seed=3,2,True,10,3,GA,156,150,405.764,27.4
blocks=2|exp=seq|k=10|one_way=True|seed=3,2,True,10,3,ACO,150,150,85.666,11.7
blocks=2|exp=seq|k=10|one_way=True|seed=3,2,True,10,3,ALO,174,150,347.996,34.6
blocks=2|exp=seq|k=10|one_way=True|seed=3,2,True,10,3,Hybrid,150,150,1.6,1.1
blocks=2|exp=seq|k=10|one_way=True|seed=4,2,True,10,4,HeldKarp,132,132,13.628,286.0
blocks=2|exp=seq|k=10|one_way=True|seed=4,2,True,10,4,NN,144,132,0.028,1.1
blocks=2|exp=seq|k=10|one_way=True|seed=4,2,True,10,4,NN2opt,132,132,0.306,1.1
blocks=2|exp=seq|k=10|one_way=True|seed=4,2,True,10,4,GA,132,132,404.815,27.3
blocks=2|exp=seq|k=10|one_way=True|seed=4,2,True,10,4,ACO,132,132,85.249,11.7
blocks=2|exp=seq|k=10|one_way=True|seed=4,2,True,10,4,ALO,180,132,343.153,34.6
blocks=2|exp=seq|k=10|one_way=True|seed=4,2,True,10,4,Hybrid,132,132,1.889,1.1
blocks=2|exp=seq|k=10|one_way=True|seed=5,2,True,10,5,HeldKarp,126,126,13.621,286.0
blocks=2|exp=seq|k=10|one_way=True|seed=5,2,True,10,5,NN,132,126,0.029,1.1
blocks=2|exp=seq|k=10|one_way=True|seed=5,2,True,10,5,NN2opt,132,126,0.179,1.1
blocks=2|exp=seq|k=10|one_way=True|seed=5,2,True,10,5,GA,132,126,425.466,27.5
blocks=2|exp=seq|k=10|one_way=True|seed=5,2,True,10,5,ACO,126,126,86.894,11.6
blocks=2|exp=seq|k=10|one_way=True|seed=5,2,True,10,5,ALO,126,126,342.056,34.7
blocks=2|exp=seq|k=10|one_way=True|seed=5,2,True,10,5,Hybrid,132,126,0.827,1.1
blocks=2|exp=seq|k=10|one_way=True|seed=6,2,True,10,6,HeldKarp,144,144,13.669,286.0
blocks=2|exp=seq|k=10|one_way=True|seed=6,2,True,10,6,NN,144,144,0.027,1.1
blocks=2|exp=seq|k=10|one_way=True|seed=6,2,True,10,6,NN2opt,144,144,0.178,1.1
blocks=2|exp=seq|k=10|one_way=True|seed=6,2,True,10,6,GA,144,144,426.083,27.4
blocks=2|exp=seq|k=10|one_way=True|seed=6,2,True,10,6,ACO,144,144,87.482,11.7
blocks=2|exp=seq|k=10|one_way=True|seed=6,2,True,10,6,ALO,150,144,345.278,34.8
blocks=2|exp=seq|k=10|one_way=True|seed=6,2,True,10,6,Hybrid,144,144,0.834,1.1
blocks=2|exp=seq|k=10|one_way=True|seed=7,2,True,10,7,HeldKarp,150,150,13.469,286.0
blocks=2|exp=seq|k=10|one_way=True|seed=7,2,True,10,7,NN,180,150,0.029,1.1
blocks=2|exp=seq|k=10|one_way=True|seed=7,2,True,10,7,NN2opt,174,150,0.312,1.1
blocks=2|exp=seq|k=10|one_way=True|seed=7,2,True,10,7,GA,156,150,413.75,27.7
blocks=2|exp=seq|k=10|one_way=True|seed=7,2,True,10,7,ACO,150,150,86.857,11.7
blocks=2|exp=seq|k=10|one_way=True|seed=7,2,True,10,7,ALO,168,150,342.33,34.6
blocks=2|exp=seq|k=10|one_way=True|seed=7,2,True,10,7,Hybrid,150,150,2.018,1.1
blocks=2|exp=seq|k=10|one_way=True|seed=8,2,True,10,8,HeldKarp,120,120,13.483,286.0
blocks=2|exp=seq|k=10|one_way=True|seed=8,2,True,10,8,NN,150,120,0.029,1.1
blocks=2|exp=seq|k=10|one_way=True|seed=8,2,True,10,8,NN2opt,150,120,0.172,1.1
blocks=2|exp=seq|k=10|one_way=True|seed=8,2,True,10,8,GA,120,120,414.208,27.5
blocks=2|exp=seq|k=10|one_way=True|seed=8,2,True,10,8,ACO,120,120,87.605,11.6
blocks=2|exp=seq|k=10|one_way=True|seed=8,2,True,10,8,ALO,168,120,343.705,34.7
blocks=2|exp=seq|k=10|one_way=True|seed=8,2,True,10,8,Hybrid,126,120,1.929,1.1
blocks=2|exp=seq|k=10|one_way=True|seed=9,2,True,10,9,HeldKarp,144,144,13.594,286.0
blocks=2|exp=seq|k=10|one_way=True|seed=9,2,True,10,9,NN,144,144,0.028,1.1
blocks=2|exp=seq|k=10|one_way=True|seed=9,2,True,10,9,NN2opt,144,144,0.182,1.1
blocks=2|exp=seq|k=10|one_way=True|seed=9,2,True,10,9,GA,144,144,421.533,27.2
blocks=2|exp=seq|k=10|one_way=True|seed=9,2,True,10,9,ACO,144,144,84.848,11.7
blocks=2|exp=seq|k=10|one_way=True|seed=9,2,True,10,9,ALO,168,144,341.299,34.7
blocks=2|exp=seq|k=10|one_way=True|seed=9,2,True,10,9,Hybrid,144,144,0.814,1.1
blocks=2|exp=seq|k=10|one_way=True|seed=10,2,True,10,10,HeldKarp,132,132,13.409,286.0
blocks=2|exp=seq|k=10|one_way=True|seed=10,2,True,10,10,NN,162,132,0.028,1.1
blocks=2|exp=seq|k=10|one_way=True|seed=10,2,True,10,10,NN2opt,162,132,0.176,1.1
blocks=2|exp=seq|k=10|one_way=True|seed=10,2,True,10,10,GA,132,132,403.368,27.7
blocks=2|exp=seq|k=10|one_way=True|seed=10,2,True,10,10,ACO,132,132,88.301,11.6
blocks=2|exp=seq|k=10|one_way=True|seed=10,2,True,10,10,ALO,168,132,335.992,34.6
blocks=2|exp=seq|k=10|one_way=True|seed=10,2,True,10,10,Hybrid,132,132,1.885,1.1
blocks=2|exp=seq|k=10|one_way=True|seed=11,2,True,10,11,HeldKarp,132,132,13.756,286.0
blocks=2|exp=seq|k=10|one_way=True|seed=11,2,True,10,11,NN,168,132,0.029,1.1
blocks=2|exp=seq|k=10|one_way=True|seed=11,2,True,10,11,NN2opt,162,132,0.306,1.1
blocks=2|exp=seq|k=10|one_way=True|seed=11,2,True,10,11,GA,132,132,407.323,27.3
blocks=2|exp=seq|k=10|one_way=True|seed=11,2,True,10,11,ACO,132,132,95.021,11.7
blocks=2|exp=seq|k=10|one_way=True|seed=11,2,True,10,11,ALO,174,132,333.392,34.6
blocks=2|exp=seq|k=10|one_way=True|seed=11,2,True,10,11,Hybrid,132,132,3.067,1.1
blocks=2|exp=seq|k=10|one_way=True|seed=12,2,True,10,12,HeldKarp,108,108,13.756,286.0
blocks=2|exp=seq|k=10|one_way=True|seed=12,2,True,10,12,NN,114,108,0.029,1.1
blocks=2|exp=seq|k=10|one_way=True|seed=12,2,True,10,12,NN2opt,114,108,0.172,1.1
blocks=2|exp=seq|k=10|one_way=True|seed=12,2,True,10,12,GA,114,108,398.913,27.5
blocks=2|exp=seq|k=10|one_way=True|seed=12,2,True,10,12,ACO,114,108,85.382,11.6
blocks=2|exp=seq|k=10|one_way=True|seed=12,2,True,10,12,ALO,174,108,334.515,34.7
blocks=2|exp=seq|k=10|one_way=True|seed=12,2,True,10,12,Hybrid,114,108,0.81,1.1
blocks=2|exp=seq|k=10|one_way=True|seed=13,2,True,10,13,HeldKarp,114,114,13.543,286.0
blocks=2|exp=seq|k=10|one_way=True|seed=13,2,True,10,13,NN,138,114,0.028,1.1
blocks=2|exp=seq|k=10|one_way=True|seed=13,2,True,10,13,NN2opt,138,114,0.171,1.1
blocks=2|exp=seq|k=10|one_way=True|seed=13,2,True,10,13,GA,114,114,395.209,27.7
blocks=2|exp=seq|k=10|one_way=True|seed=13,2,True,10,13,ACO,114,114,84.921,11.6
blocks=2|exp=seq|k=10|one_way=True|seed=13,2,True,10,13,ALO,132,114,334.471,34.7
blocks=2|exp=seq|k=10|one_way=True|seed=13,2,True,10,13,Hybrid,114,114,1.78,1.1
blocks=2|exp=seq|k=10|one_way=True|seed=14,2,True,10,14,HeldKarp,120,120,14.014,286.0
blocks=2|exp=seq|k=10|one_way=True|seed=14,2,True,10,14,NN,120,120,0.029,1.1
blocks=2|exp=seq|k=10|one_way=True|seed=14,2,True,10,14,NN2opt,120,120,0.17,1.1
blocks=2|exp=seq|k=10|one_way=True|seed=14,2,True,10,14,GA,126,120,400.827,27.2
blocks=2|exp=seq|k=10|one_way=True|seed=14,2,True,10,14,ACO,120,120,85.856,11.6
blocks=2|exp=seq|k=10|one_way=True|seed=14,2,True,10,14,ALO,168,120,347.227,34.6
blocks=2|exp=seq|k=10|one_way=True|seed=14,2,True,10,14,Hybrid,120,120,0.805,1.1
blocks=2|exp=seq|k=10|one_way=True|seed=15,2,True,10,15,HeldKarp,144,144,13.921,286.0
blocks=2|exp=seq|k=10|one_way=True|seed=15,2,True,10,15,NN,168,144,0.029,1.1
blocks=2|exp=seq|k=10|one_way=True|seed=15,2,True,10,15,NN2opt,168,144,0.178,1.1
blocks=2|exp=seq|k=10|one_way=True|seed=15,2,True,10,15,GA,150,144,402.681,27.5
blocks=2|exp=seq|k=10|one_way=True|seed=15,2,True,10,15,ACO,144,144,88.198,11.6
blocks=2|exp=seq|k=10|one_way=True|seed=15,2,True,10,15,ALO,162,144,335.792,34.6
blocks=2|exp=seq|k=10|one_way=True|seed=15,2,True,10,15,Hybrid,144,144,2.472,1.1
blocks=2|exp=seq|k=10|one_way=True|seed=16,2,True,10,16,HeldKarp,150,150,13.505,286.0
blocks=2|exp=seq|k=10|one_way=True|seed=16,2,True,10,16,NN,162,150,0.029,1.1
blocks=2|exp=seq|k=10|one_way=True|seed=16,2,True,10,16,NN2opt,156,150,0.315,1.1
blocks=2|exp=seq|k=10|one_way=True|seed=16,2,True,10,16,GA,150,150,397.016,27.8
blocks=2|exp=seq|k=10|one_way=True|seed=16,2,True,10,16,ACO,150,150,87.687,11.6
blocks=2|exp=seq|k=10|one_way=True|seed=16,2,True,10,16,ALO,156,150,338.553,34.7
blocks=2|exp=seq|k=10|one_way=True|seed=16,2,True,10,16,Hybrid,150,150,1.777,1.1
blocks=2|exp=seq|k=10|one_way=True|seed=17,2,True,10,17,HeldKarp,96,96,13.397,286.0
blocks=2|exp=seq|k=10|one_way=True|seed=17,2,True,10,17,NN,108,96,0.028,1.1
blocks=2|exp=seq|k=10|one_way=True|seed=17,2,True,10,17,NN2opt,108,96,0.169,1.1
blocks=2|exp=seq|k=10|one_way=True|seed=17,2,True,10,17,GA,114,96,399.155,27.4
blocks=2|exp=seq|k=10|one_way=True|seed=17,2,True,10,17,ACO,96,96,86.004,11.6
blocks=2|exp=seq|k=10|one_way=True|seed=17,2,True,10,17,ALO,162,96,341.782,34.6
blocks=2|exp=seq|k=10|one_way=True|seed=17,2,True,10,17,Hybrid,108,96,0.818,1.1
blocks=2|exp=seq|k=10|one_way=True|seed=18,2,True,10,18,HeldKarp,132,132,13.491,286.0
blocks=2|exp=seq|k=10|one_way=True|seed=18,2,True,10,18,NN,168,132,0.029,1.1
blocks=2|exp=seq|k=10|one_way=True|seed=18,2,True,10,18,NN2opt,162,132,0.328,1.1
blocks=2|exp=seq|k=10|one_way=True|seed=18,2,True,10,18,GA,150,132,399.779,27.8
blocks=2|exp=seq|k=10|one_way=True|seed=18,2,True,10,18,ACO,132,132,91.654,11.7
blocks=2|exp=seq|k=10|one_way=True|seed=18,2,True,10,18,ALO,138,132,337.991,34.6
blocks=2|exp=seq|k=10|one_way=True|seed=18,2,True,10,18,Hybrid,132,132,2.665,1.1
blocks=2|exp=seq|k=10|one_way=True|seed=19,2,True,10,19,HeldKarp,126,126,19.86,286.0
blocks=2|exp=seq|k=10|one_way=True|seed=19,2,True,10,19,NN,144,126,0.029,1.1
blocks=2|exp=seq|k=10|one_way=True|seed=19,2,True,10,19,NN2opt,144,126,0.173,1.1
blocks=2|exp=seq|k=10|one_way=True|seed=19,2,True,10,19,GA,132,126,402.619,27.3
blocks=2|exp=seq|k=10|one_way=True|seed=19,2,True,10,19,ACO,126,126,88.492,11.6
blocks=2|exp=seq|k=10|one_way=True|seed=19,2,True,10,19,ALO,132,126,335.576,34.7
blocks=2|exp=seq|k=10|one_way=True|seed=19,2,True,10,19,Hybrid,126,126,1.721,1.1
blocks=2|exp=seq|k=10|one_way=True|seed=20,2,True,10,20,HeldKarp,120,120,14.096,286.0
blocks=2|exp=seq|k=10|one_way=True|seed=20,2,True,10,20,NN,162,120,0.028,1.1
blocks=2|exp=seq|k=10|one_way=True|seed=20,2,True,10,20,NN2opt,138,120,0.314,1.1
blocks=2|exp=seq|k=10|one_way=True|seed=20,2,True,10,20,GA,120,120,398.872,27.8
blocks=2|exp=seq|k=10|one_way=True|seed=20,2,True,10,20,ACO,120,120,87.901,11.7
blocks=2|exp=seq|k=10|one_way=True|seed=20,2,True,10,20,ALO,156,120,341.717,34.6
blocks=2|exp=seq|k=10|one_way=True|seed=20,2,True,10,20,Hybrid,132,120,2.366,1.1
blocks=2|exp=seq|k=10|one_way=True|seed=21,2,True,10,21,HeldKarp,150,150,13.721,286.0
blocks=2|exp=seq|k=10|one_way=True|seed=21,2,True,10,21,NN,162,150,0.03,1.1
blocks=2|exp=seq|k=10|one_way=True|seed=21,2,True,10,21,NN2opt,150,150,0.457,1.1
blocks=2|exp=seq|k=10|one_way=True|seed=21,2,True,10,21,GA,174,150,411.684,27.5
blocks=2|exp=seq|k=10|one_way=True|seed=21,2,True,10,21,ACO,150,150,84.681,11.6
blocks=2|exp=seq|k=10|one_way=True|seed=21,2,True,10,21,ALO,180,150,406.096,34.6
blocks=2|exp=seq|k=10|one_way=True|seed=21,2,True,10,21,Hybrid,150,150,1.864,1.1
blocks=2|exp=seq|k=10|one_way=True|seed=22,2,True,10,22,HeldKarp,96,96,13.378,286.0
blocks=2|exp=seq|k=10|one_way=True|seed=22,2,True,10,22,NN,108,96,0.029,1.1
blocks=2|exp=seq|k=10|one_way=True|seed=22,2,True,10,22,NN2opt,108,96,0.177,1.1
blocks=2|exp=seq|k=10|one_way=True|seed=22,2,True,10,22,GA,96,96,404.363,27.2
blocks=2|exp=seq|k=10|one_way=True|seed=22,2,True,10,22,ACO,96,96,86.163,11.6
blocks=2|exp=seq|k=10|one_way=True|seed=22,2,True,10,22,ALO,156,96,374.699,34.6
blocks=2|exp=seq|k=10|one_way=True|seed=22,2,True,10,22,Hybrid,108,96,0.819,1.1
blocks=2|exp=seq|k=10|one_way=True|seed=23,2,True,10,23,HeldKarp,150,150,13.465,286.0
blocks=2|exp=seq|k=10|one_way=True|seed=23,2,True,10,23,NN,174,150,0.03,1.1
blocks=2|exp=seq|k=10|one_way=True|seed=23,2,True,10,23,NN2opt,168,150,0.318,1.1
blocks=2|exp=seq|k=10|one_way=True|seed=23,2,True,10,23,GA,156,150,397.51,27.5
blocks=2|exp=seq|k=10|one_way=True|seed=23,2,True,10,23,ACO,150,150,87.39,11.6
blocks=2|exp=seq|k=10|one_way=True|seed=23,2,True,10,23,ALO,216,150,362.395,34.7
blocks=2|exp=seq|k=10|one_way=True|seed=23,2,True,10,23,Hybrid,150,150,2.303,1.1
blocks=2|exp=seq|k=10|one_way=True|seed=24,2,True,10,24,HeldKarp,132,132,17.952,286.0
blocks=2|exp=seq|k=10|one_way=True|seed=24,2,True,10,24,NN,138,132,0.029,1.1
blocks=2|exp=seq|k=10|one_way=True|seed=24,2,True,10,24,NN2opt,138,132,0.171,1.1
blocks=2|exp=seq|k=10|one_way=True|seed=24,2,True,10,24,GA,132,132,402.803,27.2
blocks=2|exp=seq|k=10|one_way=True|seed=24,2,True,10,24,ACO,132,132,87.967,11.7
blocks=2|exp=seq|k=10|one_way=True|seed=24,2,True,10,24,ALO,180,132,331.99,34.7
blocks=2|exp=seq|k=10|one_way=True|seed=24,2,True,10,24,Hybrid,132,132,2.064,1.1
blocks=2|exp=seq|k=10|one_way=True|seed=25,2,True,10,25,HeldKarp,138,138,13.54,286.0
blocks=2|exp=seq|k=10|one_way=True|seed=25,2,True,10,25,NN,156,138,0.029,1.1
blocks=2|exp=seq|k=10|one_way=True|seed=25,2,True,10,25,NN2opt,156,138,0.174,1.1
blocks=2|exp=seq|k=10|one_way=True|seed=25,2,True,10,25,GA,144,138,405.61,27.3
blocks=2|exp=seq|k=10|one_way=True|seed=25,2,True,10,25,ACO,138,138,86.263,11.7
blocks=2|exp=seq|k=10|one_way=True|seed=25,2,True,10,25,ALO,156,138,335.545,34.7
blocks=2|exp=seq|k=10|one_way=True|seed=25,2,True,10,25,Hybrid,138,138,2.104,1.1
blocks=2|exp=seq|k=10|one_way=True|seed=26,2,True,10,26,HeldKarp,114,114,13.866,286.0
blocks=2|exp=seq|k=10|one_way=True|seed=26,2,True,10,26,NN,114,114,0.031,1.1
blocks=2|exp=seq|k=10|one_way=True|seed=26,2,True,10,26,NN2opt,114,114,0.174,1.1
blocks=2|exp=seq|k=10|one_way=True|seed=26,2,True,10,26,GA,114,114,408.563,27.4
blocks=2|exp=seq|k=10|one_way=True|seed=26,2,True,10,26,ACO,114,114,85.828,11.7
blocks=2|exp=seq|k=10|one_way=True|seed=26,2,True,10,26,ALO,132,114,337.471,34.9
blocks=2|exp=seq|k=10|one_way=True|seed=26,2,True,10,26,Hybrid,114,114,0.831,1.1
blocks=2|exp=seq|k=10|one_way=True|seed=27,2,True,10,27,HeldKarp,126,126,25.852,286.0
blocks=2|exp=seq|k=10|one_way=True|seed=27,2,True,10,27,NN,126,126,0.028,1.1
blocks=2|exp=seq|k=10|one_way=True|seed=27,2,True,10,27,NN2opt,126,126,0.173,1.1
blocks=2|exp=seq|k=10|one_way=True|seed=27,2,True,10,27,GA,126,126,413.652,27.2
blocks=2|exp=seq|k=10|one_way=True|seed=27,2,True,10,27,ACO,126,126,84.706,11.6
blocks=2|exp=seq|k=10|one_way=True|seed=27,2,True,10,27,ALO,156,126,352.121,34.6
blocks=2|exp=seq|k=10|one_way=True|seed=27,2,True,10,27,Hybrid,126,126,0.828,1.1
blocks=2|exp=seq|k=10|one_way=True|seed=28,2,True,10,28,HeldKarp,144,144,13.545,286.0
blocks=2|exp=seq|k=10|one_way=True|seed=28,2,True,10,28,NN,168,144,0.029,1.1
blocks=2|exp=seq|k=10|one_way=True|seed=28,2,True,10,28,NN2opt,168,144,0.173,1.1
blocks=2|exp=seq|k=10|one_way=True|seed=28,2,True,10,28,GA,144,144,403.293,27.5
blocks=2|exp=seq|k=10|one_way=True|seed=28,2,True,10,28,ACO,144,144,88.673,11.7
blocks=2|exp=seq|k=10|one_way=True|seed=28,2,True,10,28,ALO,162,144,361.549,34.7
blocks=2|exp=seq|k=10|one_way=True|seed=28,2,True,10,28,Hybrid,144,144,2.428,1.1
blocks=2|exp=seq|k=10|one_way=True|seed=29,2,True,10,29,HeldKarp,132,132,13.54,286.0
blocks=2|exp=seq|k=10|one_way=True|seed=29,2,True,10,29,NN,180,132,0.028,1.1
blocks=2|exp=seq|k=10|one_way=True|seed=29,2,True,10,29,NN2opt,150,132,0.313,1.1
blocks=2|exp=seq|k=10|one_way=True|seed=29,2,True,10,29,GA,132,132,397.144,27.2
blocks=2|exp=seq|k=10|one_way=True|seed=29,2,True,10,29,ACO,132,132,85.847,11.6
blocks=2|exp=seq|k=10|one_way=True|seed=29,2,True,10,29,ALO,180,132,334.38,34.6
blocks=2|exp=seq|k=10|one_way=True|seed=29,2,True,10,29,Hybrid,150,132,2.096,1.1
blocks=2|exp=seq|k=12|one_way=True|seed=0,2,True,12,0,HeldKarp,132,132,76.681,1277.3
blocks=2|exp=seq|k=12|one_way=True|seed=0,2,True,12,0,NN,132,132,0.048,1.1
blocks=2|exp=seq|k=12|one_way=True|seed=0,2,True,12,0,NN2opt,132,132,0.262,1.1
blocks=2|exp=seq|k=12|one_way=True|seed=0,2,True,12,0,GA,156,132,432.414,27.4
blocks=2|exp=seq|k=12|one_way=True|seed=0,2,True,12,0,ACO,132,132,112.905,14.8
blocks=2|exp=seq|k=12|one_way=True|seed=0,2,True,12,0,ALO,162,132,356.714,40.7
blocks=2|exp=seq|k=12|one_way=True|seed=0,2,True,12,0,Hybrid,132,132,1.284,1.1
blocks=2|exp=seq|k=12|one_way=True|seed=1,2,True,12,1,HeldKarp,114,114,77.5,1277.3
blocks=2|exp=seq|k=12|one_way=True|seed=1,2,True,12,1,NN,126,114,0.038,1.1
blocks=2|exp=seq|k=12|one_way=True|seed=1,2,True,12,1,NN2opt,120,114,0.506,1.1
blocks=2|exp=seq|k=12|one_way=True|seed=1,2,True,12,1,GA,126,114,439.762,27.3
blocks=2|exp=seq|k=12|one_way=True|seed=1,2,True,12,1,ACO,114,114,110.427,14.7
blocks=2|exp=seq|k=12|one_way=True|seed=1,2,True,12,1,ALO,180,114,350.33,40.6
blocks=2|exp=seq|k=12|one_way=True|seed=1,2,True,12,1,Hybrid,114,114,3.171,1.1
blocks=2|exp=seq|k=12|one_way=True|seed=2,2,True,12,2,HeldKarp,156,156,76.43,1277.3
blocks=2|exp=seq|k=12|one_way=True|seed=2,2,True,12,2,NN,222,156,0.084,1.1
blocks=2|exp=seq|k=12|one_way=True|seed=2,2,True,12,2,NN2opt,204,156,0.571,1.1
blocks=2|exp=seq|k=12|one_way=True|seed=2,2,True,12,2,GA,162,156,431.052,27.7
blocks=2|exp=seq|k=12|one_way=True|seed=2,2,True,12,2,ACO,156,156,115.696,14.7
blocks=2|exp=seq|k=12|one_way=True|seed=2,2,True,12,2,ALO,192,156,352.097,40.6
blocks=2|exp=seq|k=12|one_way=True|seed=2,2,True,12,2,Hybrid,156,156,4.599,1.1
blocks=2|exp=seq|k=12|one_way=True|seed=3,2,True,12,3,HeldKarp,150,150,111.623,1277.3
blocks=2|exp=seq|k=12|one_way=True|seed=3,2,True,12,3,NN,162,150,0.037,1.1
blocks=2|exp=seq|k=12|one_way=True|seed=3,2,True,12,3,NN2opt,156,150,0.492,1.1
blocks=2|exp=seq|k=12|one_way=True|seed=3,2,True,12,3,GA,180,150,428.933,28.1
blocks=2|exp=seq|k=12|one_way=True|seed=3,2,True,12,3,ACO,150,150,110.737,14.8
blocks=2|exp=seq|k=12|one_way=True|seed=3,2,True,12,3,ALO,222,150,352.53,40.7
blocks=2|exp=seq|k=12|one_way=True|seed=3,2,True,12,3,Hybrid,150,150,3.327,1.1
blocks=2|exp=seq|k=12|one_way=True|seed=4,2,True,12,4,HeldKarp,150,150,79.792,1277.3
blocks=2|exp=seq|k=12|one_way=True|seed=4,2,True,12,4,NN,162,150,0.037,1.1
blocks=2|exp=seq|k=12|one_way=True|seed=4,2,True,12,4,NN2opt,162,150,0.259,1.1
blocks=2|exp=seq|k=12|one_way=True|seed=4,2,True,12,4,GA,162,150,431.957,27.6
blocks=2|exp=seq|k=12|one_way=True|seed=4,2,True,12,4,ACO,150,150,111.804,14.8
blocks=2|exp=seq|k=12|one_way=True|seed=4,2,True,12,4,ALO,180,150,353.614,40.7
blocks=2|exp=seq|k=12|one_way=True|seed=4,2,True,12,4,Hybrid,156,150,3.581,1.1
blocks=2|exp=seq|k=12|one_way=True|seed=5,2,True,12,5,HeldKarp,144,144,77.8,1277.3
blocks=2|exp=seq|k=12|one_way=True|seed=5,2,True,12,5,NN,156,144,0.038,1.1
blocks=2|exp=seq|k=12|one_way=True|seed=5,2,True,12,5,NN2opt,150,144,0.482,1.1
blocks=2|exp=seq|k=12|one_way=True|seed=5,2,True,12,5,GA,144,144,424.984,27.7
blocks=2|exp=seq|k=12|one_way=True|seed=5,2,True,12,5,ACO,144,144,112.616,14.8
blocks=2|exp=seq|k=12|one_way=True|seed=5,2,True,12,5,ALO,186,144,349.222,40.6
blocks=2|exp=seq|k=12|one_way=True|seed=5,2,True,12,5,Hybrid,144,144,3.249,1.1
blocks=2|exp=seq|k=12|one_way=True|seed=6,2,True,12,6,HeldKarp,138,138,77.009,1277.3
blocks=2|exp=seq|k=12|one_way=True|seed=6,2,True,12,6,NN,156,138,0.038,1.1
blocks=2|exp=seq|k=12|one_way=True|seed=6,2,True,12,6,NN2opt,156,138,0.265,1.1
blocks=2|exp=seq|k=12|one_way=True|seed=6,2,True,12,6,GA,168,138,429.214,27.5
blocks=2|exp=seq|k=12|one_way=True|seed=6,2,True,12,6,ACO,138,138,114.143,14.7
blocks=2|exp=seq|k=12|one_way=True|seed=6,2,True,12,6,ALO,192,138,351.306,40.7
blocks=2|exp=seq|k=12|one_way=True|seed=6,2,True,12,6,Hybrid,150,138,2.654,1.1
blocks=2|exp=seq|k=12|one_way=True|seed=7,2,True,12,7,HeldKarp,132,132,75.474,1277.3
blocks=2|exp=seq|k=12|one_way=True|seed=7,2,True,12,7,NN,168,132,0.038,1.1
blocks=2|exp=seq|k=12|one_way=True|seed=7,2,True,12,7,NN2opt,150,132,0.712,1.1
blocks=2|exp=seq|k=12|one_way=True|seed=7,2,True,12,7,GA,162,132,467.228,27.9
blocks=2|exp=seq|k=12|one_way=True|seed=7,2,True,12,7,ACO,132,132,112.672,14.7
blocks=2|exp=seq|k=12|one_way=True|seed=7,2,True,12,7,ALO,174,132,349.076,40.7
blocks=2|exp=seq|k=12|one_way=True|seed=7,2,True,12,7,Hybrid,132,132,4.194,1.1
blocks=2|exp=seq|k=12|one_way=True|seed=8,2,True,12,8,HeldKarp,156,156,77.251,1277.3
blocks=2|exp=seq|k=12|one_way=True|seed=8,2,True,12,8,NN,204,156,0.037,1.1
blocks=2|exp=seq|k=12|one_way=True|seed=8,2,True,12,8,NN2opt,204,156,0.261,1.1
blocks=2|exp=seq|k=12|one_way=True|seed=8,2,True,12,8,GA,174,156,430.049,27.9
blocks=2|exp=seq|k=12|one_way=True|seed=8,2,True,12,8,ACO,156,156,116.114,14.8
blocks=2|exp=seq|k=12|one_way=True|seed=8,2,True,12,8,ALO,216,156,350.995,40.6
blocks=2|exp=seq|k=12|one_way=True|seed=8,2,True,12,8,Hybrid,174,156,4.093,1.1
blocks=2|exp=seq|k=12|one_way=True|seed=9,2,True,12,9,HeldKarp,132,132,77.208,1277.3
blocks=2|exp=seq|k=12|one_way=True|seed=9,2,True,12,9,NN,168,132,0.04,1.1
blocks=2|exp=seq|k=12|one_way=True|seed=9,2,True,12,9,NN2opt,168,132,0.263,1.1
blocks=2|exp=seq|k=12|one_way=True|seed=9,2,True,12,9,GA,132,132,427.032,27.3
blocks=2|exp=seq|k=12|one_way=True|seed=9,2,True,12,9,ACO,132,132,111.637,14.8
blocks=2|exp=seq|k=12|one_way=True|seed=9,2,True,12,9,ALO,192,132,347.561,40.7
blocks=2|exp=seq|k=12|one_way=True|seed=9,2,True,12,9,Hybrid,132,132,3.862,1.1
blocks=2|exp=seq|k=12|one_way=True|seed=10,2,True,12,10,HeldKarp,132,132,75.516,1277.3
blocks=2|exp=seq|k=12|one_way=True|seed=10,2,True,12,10,NN,132,132,0.039,1.1
blocks=2|exp=seq|k=12|one_way=True|seed=10,2,True,12,10,NN2opt,132,132,0.261,1.1
blocks=2|exp=seq|k=12|one_way=True|seed=10,2,True,12,10,GA,132,132,431.745,27.7
blocks=2|exp=seq|k=12|one_way=True|seed=10,2,True,12,10,ACO,132,132,112.923,14.7
blocks=2|exp=seq|k=12|one_way=True|seed=10,2,True,12,10,ALO,186,132,359.906,40.7
blocks=2|exp=seq|k=12|one_way=True|seed=10,2,True,12,10,Hybrid,132,132,1.347,1.1
blocks=2|exp=seq|k=12|one_way=True|seed=11,2,True,12,11,HeldKarp,138,138,76.242,1277.3
blocks=2|exp=seq|k=12|one_way=True|seed=11,2,True,12,11,NN,168,138,0.037,1.1
blocks=2|exp=seq|k=12|one_way=True|seed=11,2,True,12,11,NN2opt,138,138,0.703,1.1
blocks=2|exp=seq|k=12|one_way=True|seed=11,2,True,12,11,GA,162,138,426.74,27.7
blocks=2|exp=seq|k=12|one_way=True|seed=11,2,True,12,11,ACO,138,138,110.443,14.7
blocks=2|exp=seq|k=12|one_way=True|seed=11,2,True,12,11,ALO,216,138,360.062,40.8
blocks=2|exp=seq|k=12|one_way=True|seed=11,2,True,12,11,Hybrid,138,138,4.243,1.1
blocks=2|exp=seq|k=12|one_way=True|seed=12,2,True,12,12,HeldKarp,150,150,76.419,1277.3
blocks=2|exp=seq|k=12|one_way=True|seed=12,2,True,12,12,NN,174,150,0.038,1.1
blocks=2|exp=seq|k=12|one_way=True|seed=12,2,True,12,12,NN2opt,174,150,0.261,1.1
blocks=2|exp=seq|k=12|one_way=True|seed=12,2,True,12,12,GA,156,150,423.896,27.7
blocks=2|exp=seq|k=12|one_way=True|seed=12,2,True,12,12,ACO,150,150,118.314,14.7
blocks=2|exp=seq|k=12|one_way=True|seed=12,2,True,12,12,ALO,180,150,374.506,40.6
blocks=2|exp=seq|k=12|one_way=True|seed=12,2,True,12,12,Hybrid,150,150,2.936,1.1
blocks=2|exp=seq|k=12|one_way=True|seed=13,2,True,12,13,HeldKarp,120,120,77.43,1277.3
blocks=2|exp=seq|k=12|one_way=True|seed=13,2,True,12,13,NN,150,120,0.038,1.1
blocks=2|exp=seq|k=12|one_way=True|seed=13,2,True,12,13,NN2opt,150,120,0.272,1.1
blocks=2|exp=seq|k=12|one_way=True|seed=13,2,True,12,13,GA,126,120,431.842,27.6
blocks=2|exp=seq|k=12|one_way=True|seed=13,2,True,12,13,ACO,120,120,112.732,14.7
blocks=2|exp=seq|k=12|one_way=True|seed=13,2,True,12,13,ALO,174,120,360.487,40.6
blocks=2|exp=seq|k=12|one_way=True|seed=13,2,True,12,13,Hybrid,120,120,3.516,1.1
blocks=2|exp=seq|k=12|one_way=True|seed=14,2,True,12,14,HeldKarp,126,126,77.079,1277.3
blocks=2|exp=seq|k=12|one_way=True|seed=14,2,True,12,14,NN,132,126,0.037,1.1
blocks=2|exp=seq|k=12|one_way=True|seed=14,2,True,12,14,NN2opt,132,126,0.26,1.1
blocks=2|exp=seq|k=12|one_way=True|seed=14,2,True,12,14,GA,132,126,423.529,27.5
blocks=2|exp=seq|k=12|one_way=True|seed=14,2,True,12,14,ACO,126,126,118.233,14.7
blocks=2|exp=seq|k=12|one_way=True|seed=14,2,True,12,14,ALO,234,126,354.282,40.7
blocks=2|exp=seq|k=12|one_way=True|seed=14,2,True,12,14,Hybrid,126,126,3.301,1.1
blocks=2|exp=seq|k=12|one_way=True|seed=15,2,True,12,15,HeldKarp,150,150,78.449,1277.3
blocks=2|exp=seq|k=12|one_way=True|seed=15,2,True,12,15,NN,192,150,0.038,1.1
blocks=2|exp=seq|k=12|one_way=True|seed=15,2,True,12,15,NN2opt,162,150,0.724,1.1
blocks=2|exp=seq|k=12|one_way=True|seed=15,2,True,12,15,GA,156,150,459.069,27.5
blocks=2|exp=seq|k=12|one_way=True|seed=15,2,True,12,15,ACO,150,150,111.663,14.8
blocks=2|exp=seq|k=12|one_way=True|seed=15,2,True,12,15,ALO,174,150,347.846,40.7
blocks=2|exp=seq|k=12|one_way=True|seed=15,2,True,12,15,Hybrid,150,150,3.911,1.1
blocks=2|exp=seq|k=12|one_way=True|seed=16,2,True,12,16,HeldKarp,150,150,80.87,1277.3
blocks=2|exp=seq|k=12|one_way=True|seed=16,2,True,12,16,NN,150,150,0.037,1.1
blocks=2|exp=seq|k=12|one_way=True|seed=16,2,True,12,16,NN2opt,150,150,0.266,1.1
blocks=2|exp=seq|k=12|one_way=True|seed=16,2,True,12,16,GA,174,150,452.421,27.8
blocks=2|exp=seq|k=12|one_way=True|seed=16,2,True,12,16,ACO,150,150,112.527,14.7
blocks=2|exp=seq|k=12|one_way=True|seed=16,2,True,12,16,ALO,186,150,346.059,40.7
blocks=2|exp=seq|k=12|one_way=True|seed=16,2,True,12,16,Hybrid,150,150,1.323,1.1
blocks=2|exp=seq|k=12|one_way=True|seed=18,2,True,12,18,HeldKarp,168,168,83.04,1277.3
blocks=2|exp=seq|k=12|one_way=True|seed=18,2,True,12,18,NN,198,168,0.038,1.1
blocks=2|exp=seq|k=12|one_way=True|seed=18,2,True,12,18,NN2opt,186,168,0.487,1.1
blocks=2|exp=seq|k=12|one_way=True|seed=18,2,True,12,18,GA,180,168,445.869,27.7
blocks=2|exp=seq|k=12|one_way=True|seed=18,2,True,12,18,ACO,168,168,115.175,14.8
blocks=2|exp=seq|k=12|one_way=True|seed=18,2,True,12,18,ALO,210,168,347.322,40.7
blocks=2|exp=seq|k=12|one_way=True|seed=18,2,True,12,18,Hybrid,168,168,3.603,1.1
blocks=2|exp=seq|k=12|one_way=True|seed=17,2,True,12,17,HeldKarp,150,150,84.408,1277.3
blocks=2|exp=seq|k=12|one_way=True|seed=17,2,True,12,17,NN,180,150,0.038,1.1
blocks=2|exp=seq|k=12|one_way=True|seed=17,2,True,12,17,NN2opt,174,150,0.486,1.1
blocks=2|exp=seq|k=12|one_way=True|seed=17,2,True,12,17,GA,156,150,445.795,27.5
blocks=2|exp=seq|k=12|one_way=True|seed=17,2,True,12,17,ACO,150,150,113.546,14.8
blocks=2|exp=seq|k=12|one_way=True|seed=17,2,True,12,17,ALO,180,150,352.73,40.8
blocks=2|exp=seq|k=12|one_way=True|seed=17,2,True,12,17,Hybrid,150,150,3.171,1.1
blocks=2|exp=seq|k=12|one_way=True|seed=19,2,True,12,19,HeldKarp,168,168,77.549,1277.3
blocks=2|exp=seq|k=12|one_way=True|seed=19,2,True,12,19,NN,192,168,0.038,1.1
blocks=2|exp=seq|k=12|one_way=True|seed=19,2,True,12,19,NN2opt,186,168,0.485,1.1
blocks=2|exp=seq|k=12|one_way=True|seed=19,2,True,12,19,GA,180,168,423.209,28.0
blocks=2|exp=seq|k=12|one_way=True|seed=19,2,True,12,19,ACO,168,168,112.4,14.7
blocks=2|exp=seq|k=12|one_way=True|seed=19,2,True,12,19,ALO,198,168,348.873,40.7
blocks=2|exp=seq|k=12|one_way=True|seed=19,2,True,12,19,Hybrid,168,168,4.63,1.1
blocks=2|exp=seq|k=12|one_way=True|seed=20,2,True,12,20,HeldKarp,168,168,77.452,1277.3
blocks=2|exp=seq|k=12|one_way=True|seed=20,2,True,12,20,NN,198,168,0.038,1.1
blocks=2|exp=seq|k=12|one_way=True|seed=20,2,True,12,20,NN2opt,198,168,0.278,1.1
blocks=2|exp=seq|k=12|one_way=True|seed=20,2,True,12,20,GA,174,168,424.969,27.6
blocks=2|exp=seq|k=12|one_way=True|seed=20,2,True,12,20,ACO,168,168,118.314,14.7
blocks=2|exp=seq|k=12|one_way=True|seed=20,2,True,12,20,ALO,204,168,347.88,40.7
blocks=2|exp=seq|k=12|one_way=True|seed=20,2,True,12,20,Hybrid,174,168,3.156,1.1
blocks=2|exp=seq|k=12|one_way=True|seed=21,2,True,12,21,HeldKarp,150,150,77.198,1277.3
blocks=2|exp=seq|k=12|one_way=True|seed=21,2,True,12,21,NN,168,150,0.038,1.1
blocks=2|exp=seq|k=12|one_way=True|seed=21,2,True,12,21,NN2opt,162,150,0.479,1.1
blocks=2|exp=seq|k=12|one_way=True|seed=21,2,True,12,21,GA,150,150,437.825,27.5
blocks=2|exp=seq|k=12|one_way=True|seed=21,2,True,12,21,ACO,150,150,108.767,14.7
blocks=2|exp=seq|k=12|one_way=True|seed=21,2,True,12,21,ALO,156,150,345.032,40.7
blocks=2|exp=seq|k=12|one_way=True|seed=21,2,True,12,21,Hybrid,150,150,2.702,1.1
blocks=2|exp=seq|k=12|one_way=True|seed=22,2,True,12,22,HeldKarp,168,168,93.172,1277.6
blocks=2|exp=seq|k=12|one_way=True|seed=22,2,True,12,22,NN,168,168,0.037,1.1
blocks=2|exp=seq|k=12|one_way=True|seed=22,2,True,12,22,NN2opt,168,168,0.324,1.1
blocks=2|exp=seq|k=12|one_way=True|seed=22,2,True,12,22,GA,168,168,426.473,27.4
blocks=2|exp=seq|k=12|one_way=True|seed=22,2,True,12,22,ACO,168,168,112.229,14.8
blocks=2|exp=seq|k=12|one_way=True|seed=22,2,True,12,22,ALO,228,168,348.37,40.6
blocks=2|exp=seq|k=12|one_way=True|seed=22,2,True,12,22,Hybrid,168,168,1.371,1.1
blocks=2|exp=seq|k=12|one_way=True|seed=23,2,True,12,23,HeldKarp,144,144,79.892,1277.3
blocks=2|exp=seq|k=12|one_way=True|seed=23,2,True,12,23,NN,150,144,0.037,1.1
blocks=2|exp=seq|k=12|one_way=True|seed=23,2,True,12,23,NN2opt,150,144,0.264,1.1
blocks=2|exp=seq|k=12|one_way=True|seed=23,2,True,12,23,GA,168,144,429.067,27.4
blocks=2|exp=seq|k=12|one_way=True|seed=23,2,True,12,23,ACO,144,144,112.307,14.8
blocks=2|exp=seq|k=12|one_way=True|seed=23,2,True,12,23,ALO,180,144,350.298,40.7
blocks=2|exp=seq|k=12|one_way=True|seed=23,2,True,12,23,Hybrid,150,144,1.36,1.1
blocks=2|exp=seq|k=12|one_way=True|seed=24,2,True,12,24,HeldKarp,156,156,78.512,1277.3
blocks=2|exp=seq|k=12|one_way=True|seed=24,2,True,12,24,NN,174,156,0.039,1.1
blocks=2|exp=seq|k=12|one_way=True|seed=24,2,True,12,24,NN2opt,174,156,0.258,1.1
blocks=2|exp=seq|k=12|one_way=True|seed=24,2,True,12,24,GA,168,156,422.95,27.6
blocks=2|exp=seq|k=12|one_way=True|seed=24,2,True,12,24,ACO,156,156,113.703,14.8
blocks=2|exp=seq|k=12|one_way=True|seed=24,2,True,12,24,ALO,174,156,363.546,40.7
blocks=2|exp=seq|k=12|one_way=True|seed=24,2,True,12,24,Hybrid,156,156,3.837,1.1
blocks=2|exp=seq|k=12|one_way=True|seed=25,2,True,12,25,HeldKarp,156,156,76.061,1277.6
blocks=2|exp=seq|k=12|one_way=True|seed=25,2,True,12,25,NN,192,156,0.04,1.1
blocks=2|exp=seq|k=12|one_way=True|seed=25,2,True,12,25,NN2opt,186,156,0.487,1.1
blocks=2|exp=seq|k=12|one_way=True|seed=25,2,True,12,25,GA,186,156,421.669,27.5
blocks=2|exp=seq|k=12|one_way=True|seed=25,2,True,12,25,ACO,162,156,117.339,14.8
blocks=2|exp=seq|k=12|one_way=True|seed=25,2,True,12,25,ALO,204,156,380.718,40.7
blocks=2|exp=seq|k=12|one_way=True|seed=25,2,True,12,25,Hybrid,156,156,4.517,1.1
blocks=2|exp=seq|k=12|one_way=True|seed=26,2,True,12,26,HeldKarp,150,150,78.067,1277.3
blocks=2|exp=seq|k=12|one_way=True|seed=26,2,True,12,26,NN,156,150,0.037,1.1
blocks=2|exp=seq|k=12|one_way=True|seed=26,2,True,12,26,NN2opt,156,150,0.257,1.1
blocks=2|exp=seq|k=12|one_way=True|seed=26,2,True,12,26,GA,156,150,420.817,27.4
blocks=2|exp=seq|k=12|one_way=True|seed=26,2,True,12,26,ACO,150,150,153.971,14.7
blocks=2|exp=seq|k=12|one_way=True|seed=26,2,True,12,26,ALO,168,150,380.885,40.7
blocks=2|exp=seq|k=12|one_way=True|seed=26,2,True,12,26,Hybrid,150,150,3.093,1.1
blocks=2|exp=seq|k=12|one_way=True|seed=27,2,True,12,27,HeldKarp,168,168,78.501,1277.6
blocks=2|exp=seq|k=12|one_way=True|seed=27,2,True,12,27,NN,210,168,0.038,1.1
blocks=2|exp=seq|k=12|one_way=True|seed=27,2,True,12,27,NN2opt,192,168,0.503,1.1
blocks=2|exp=seq|k=12|one_way=True|seed=27,2,True,12,27,GA,168,168,424.867,27.8
blocks=2|exp=seq|k=12|one_way=True|seed=27,2,True,12,27,ACO,168,168,118.768,14.8
blocks=2|exp=seq|k=12|one_way=True|seed=27,2,True,12,27,ALO,240,168,366.72,40.6
blocks=2|exp=seq|k=12|one_way=True|seed=27,2,True,12,27,Hybrid,168,168,3.538,1.1
blocks=2|exp=seq|k=12|one_way=True|seed=28,2,True,12,28,HeldKarp,138,138,75.895,1277.6
blocks=2|exp=seq|k=12|one_way=True|seed=28,2,True,12,28,NN,174,138,0.04,1.1
blocks=2|exp=seq|k=12|one_way=True|seed=28,2,True,12,28,NN2opt,174,138,0.259,1.1
blocks=2|exp=seq|k=12|one_way=True|seed=28,2,True,12,28,GA,156,138,425.999,27.2
blocks=2|exp=seq|k=12|one_way=True|seed=28,2,True,12,28,ACO,138,138,111.218,14.7
blocks=2|exp=seq|k=12|one_way=True|seed=28,2,True,12,28,ALO,204,138,366.229,40.8
blocks=2|exp=seq|k=12|one_way=True|seed=28,2,True,12,28,Hybrid,150,138,2.952,1.1
blocks=2|exp=seq|k=12|one_way=True|seed=29,2,True,12,29,HeldKarp,150,150,79.703,1277.3
blocks=2|exp=seq|k=12|one_way=True|seed=29,2,True,12,29,NN,180,150,0.04,1.1
blocks=2|exp=seq|k=12|one_way=True|seed=29,2,True,12,29,NN2opt,180,150,0.273,1.1
blocks=2|exp=seq|k=12|one_way=True|seed=29,2,True,12,29,GA,156,150,452.251,27.6
blocks=2|exp=seq|k=12|one_way=True|seed=29,2,True,12,29,ACO,150,150,114.308,14.8
blocks=2|exp=seq|k=12|one_way=True|seed=29,2,True,12,29,ALO,186,150,350.046,44.7
blocks=2|exp=seq|k=12|one_way=True|seed=29,2,True,12,29,Hybrid,150,150,4.23,1.1
blocks=2|exp=seq|k=20|one_way=True|seed=0,2,True,20,0,NN,168,,0.078,2.9
blocks=2|exp=seq|k=20|one_way=True|seed=0,2,True,20,0,NN2opt,168,,0.94,2.9
blocks=2|exp=seq|k=20|one_way=True|seed=0,2,True,20,0,GA,234,,566.982,36.8
blocks=2|exp=seq|k=20|one_way=True|seed=0,2,True,20,0,ACO,168,,253.766,33.5
blocks=2|exp=seq|k=20|one_way=True|seed=0,2,True,20,0,ALO,342,,395.493,64.6
blocks=2|exp=seq|k=20|one_way=True|seed=0,2,True,20,0,Hybrid,168,,5.13,2.9
blocks=2|exp=seq|k=20|one_way=True|seed=1,2,True,20,1,NN,174,,0.078,2.9
blocks=2|exp=seq|k=20|one_way=True|seed=1,2,True,20,1,NN2opt,174,,0.958,2.9
blocks=2|exp=seq|k=20|one_way=True|seed=1,2,True,20,1,GA,234,,560.957,36.8
blocks=2|exp=seq|k=20|one_way=True|seed=1,2,True,20,1,ACO,168,,244.304,33.5
blocks=2|exp=seq|k=20|one_way=True|seed=1,2,True,20,1,ALO,270,,415.247,64.7
blocks=2|exp=seq|k=20|one_way=True|seed=1,2,True,20,1,Hybrid,168,,12.564,2.9
blocks=2|exp=seq|k=20|one_way=True|seed=2,2,True,20,2,NN,222,,0.076,2.9
blocks=2|exp=seq|k=20|one_way=True|seed=2,2,True,20,2,NN2opt,180,,2.694,2.9
blocks=2|exp=seq|k=20|one_way=True|seed=2,2,True,20,2,GA,198,,552.969,36.3
blocks=2|exp=seq|k=20|one_way=True|seed=2,2,True,20,2,ACO,168,,240.304,33.5
blocks=2|exp=seq|k=20|one_way=True|seed=2,2,True,20,2,ALO,276,,398.473,64.7
blocks=2|exp=seq|k=20|one_way=True|seed=2,2,True,20,2,Hybrid,168,,19.227,2.9
blocks=2|exp=seq|k=20|one_way=True|seed=3,2,True,20,3,NN,186,,0.068,2.9
blocks=2|exp=seq|k=20|one_way=True|seed=3,2,True,20,3,NN2opt,186,,0.897,2.9
blocks=2|exp=seq|k=20|one_way=True|seed=3,2,True,20,3,GA,210,,543.571,36.3
blocks=2|exp=seq|k=20|one_way=True|seed=3,2,True,20,3,ACO,186,,243.065,33.5
blocks=2|exp=seq|k=20|one_way=True|seed=3,2,True,20,3,ALO,342,,405.515,64.7
blocks=2|exp=seq|k=20|one_way=True|seed=3,2,True,20,3,Hybrid,186,,5.189,2.9
blocks=2|exp=seq|k=20|one_way=True|seed=4,2,True,20,4,NN,180,,0.073,2.9
blocks=2|exp=seq|k=20|one_way=True|seed=4,2,True,20,4,NN2opt,180,,0.967,2.9
blocks=2|exp=seq|k=20|one_way=True|seed=4,2,True,20,4,GA,204,,532.288,36.6
blocks=2|exp=seq|k=20|one_way=True|seed=4,2,True,20,4,ACO,168,,248.238,33.5
blocks=2|exp=seq|k=20|one_way=True|seed=4,2,True,20,4,ALO,360,,401.162,64.7
blocks=2|exp=seq|k=20|one_way=True|seed=4,2,True,20,4,Hybrid,168,,11.528,2.9
blocks=2|exp=seq|k=20|one_way=True|seed=5,2,True,20,5,NN,180,,0.069,2.9
blocks=2|exp=seq|k=20|one_way=True|seed=5,2,True,20,5,NN2opt,180,,0.919,2.9
blocks=2|exp=seq|k=20|one_way=True|seed=5,2,True,20,5,GA,210,,525.395,36.9
blocks=2|exp=seq|k=20|one_way=True|seed=5,2,True,20,5,ACO,168,,263.955,33.5
blocks=2|exp=seq|k=20|one_way=True|seed=5,2,True,20,5,ALO,330,,397.849,64.7
blocks=2|exp=seq|k=20|one_way=True|seed=5,2,True,20,5,Hybrid,180,,5.32,2.9
blocks=2|exp=seq|k=20|one_way=True|seed=6,2,True,20,6,NN,222,,0.072,2.9
blocks=2|exp=seq|k=20|one_way=True|seed=6,2,True,20,6,NN2opt,222,,0.912,2.9
blocks=2|exp=seq|k=20|one_way=True|seed=6,2,True,20,6,GA,210,,539.36,36.5
blocks=2|exp=seq|k=20|one_way=True|seed=6,2,True,20,6,ACO,186,,245.416,33.5
blocks=2|exp=seq|k=20|one_way=True|seed=6,2,True,20,6,ALO,336,,414.79,64.7
blocks=2|exp=seq|k=20|one_way=True|seed=6,2,True,20,6,Hybrid,198,,15.095,2.9
blocks=2|exp=seq|k=20|one_way=True|seed=7,2,True,20,7,NN,168,,0.08,2.9
blocks=2|exp=seq|k=20|one_way=True|seed=7,2,True,20,7,NN2opt,168,,0.924,2.9
blocks=2|exp=seq|k=20|one_way=True|seed=7,2,True,20,7,GA,204,,563.066,36.8
blocks=2|exp=seq|k=20|one_way=True|seed=7,2,True,20,7,ACO,168,,246.083,33.5
blocks=2|exp=seq|k=20|one_way=True|seed=7,2,True,20,7,ALO,300,,397.83,64.7
blocks=2|exp=seq|k=20|one_way=True|seed=7,2,True,20,7,Hybrid,168,,5.138,2.9
blocks=2|exp=seq|k=20|one_way=True|seed=8,2,True,20,8,NN,186,,0.075,2.9
blocks=2|exp=seq|k=20|one_way=True|seed=8,2,True,20,8,NN2opt,186,,0.908,2.9
blocks=2|exp=seq|k=20|one_way=True|seed=8,2,True,20,8,GA,246,,528.799,36.8
blocks=2|exp=seq|k=20|one_way=True|seed=8,2,True,20,8,ACO,186,,245.36,33.5
blocks=2|exp=seq|k=20|one_way=True|seed=8,2,True,20,8,ALO,324,,399.723,64.7
blocks=2|exp=seq|k=20|one_way=True|seed=8,2,True,20,8,Hybrid,186,,5.154,2.9
blocks=2|exp=seq|k=20|one_way=True|seed=9,2,True,20,9,NN,192,,0.074,2.9
blocks=2|exp=seq|k=20|one_way=True|seed=9,2,True,20,9,NN2opt,192,,0.941,2.9
blocks=2|exp=seq|k=20|one_way=True|seed=9,2,True,20,9,GA,234,,523.181,37.0
blocks=2|exp=seq|k=20|one_way=True|seed=9,2,True,20,9,ACO,168,,245.753,33.5
blocks=2|exp=seq|k=20|one_way=True|seed=9,2,True,20,9,ALO,378,,400.409,64.6
blocks=2|exp=seq|k=20|one_way=True|seed=9,2,True,20,9,Hybrid,168,,16.008,2.9
blocks=2|exp=seq|k=20|one_way=True|seed=10,2,True,20,10,NN,210,,0.074,2.9
blocks=2|exp=seq|k=20|one_way=True|seed=10,2,True,20,10,NN2opt,210,,0.933,2.9
blocks=2|exp=seq|k=20|one_way=True|seed=10,2,True,20,10,GA,240,,525.758,36.5
blocks=2|exp=seq|k=20|one_way=True|seed=10,2,True,20,10,ACO,174,,243.07,33.5
blocks=2|exp=seq|k=20|one_way=True|seed=10,2,True,20,10,ALO,300,,405.535,64.7
blocks=2|exp=seq|k=20|one_way=True|seed=10,2,True,20,10,Hybrid,168,,16.318,2.9
blocks=2|exp=seq|k=20|one_way=True|seed=11,2,True,20,11,NN,186,,0.07,2.9
blocks=2|exp=seq|k=20|one_way=True|seed=11,2,True,20,11,NN2opt,186,,0.91,2.9
blocks=2|exp=seq|k=20|one_way=True|seed=11,2,True,20,11,GA,234,,524.119,36.8
blocks=2|exp=seq|k=20|one_way=True|seed=11,2,True,20,11,ACO,186,,251.024,33.5
blocks=2|exp=seq|k=20|one_way=True|seed=11,2,True,20,11,ALO,360,,400.265,64.7
blocks=2|exp=seq|k=20|one_way=True|seed=11,2,True,20,11,Hybrid,186,,5.224,2.9
blocks=2|exp=seq|k=20|one_way=True|seed=12,2,True,20,12,NN,210,,0.075,2.9
blocks=2|exp=seq|k=20|one_way=True|seed=12,2,True,20,12,NN2opt,210,,0.913,2.9
blocks=2|exp=seq|k=20|one_way=True|seed=12,2,True,20,12,GA,222,,530.102,36.6
blocks=2|exp=seq|k=20|one_way=True|seed=12,2,True,20,12,ACO,174,,246.651,33.5
blocks=2|exp=seq|k=20|one_way=True|seed=12,2,True,20,12,ALO,396,,401.799,65.8
blocks=2|exp=seq|k=20|one_way=True|seed=12,2,True,20,12,Hybrid,186,,12.633,2.9
blocks=2|exp=seq|k=20|one_way=True|seed=13,2,True,20,13,NN,174,,0.073,2.9
blocks=2|exp=seq|k=20|one_way=True|seed=13,2,True,20,13,NN2opt,174,,0.91,2.9
blocks=2|exp=seq|k=20|one_way=True|seed=13,2,True,20,13,GA,228,,533.626,36.3
blocks=2|exp=seq|k=20|one_way=True|seed=13,2,True,20,13,ACO,150,,253.242,33.5
blocks=2|exp=seq|k=20|one_way=True|seed=13,2,True,20,13,ALO,294,,397.348,64.7
blocks=2|exp=seq|k=20|one_way=True|seed=13,2,True,20,13,Hybrid,150,,15.823,2.9
blocks=2|exp=seq|k=20|one_way=True|seed=14,2,True,20,14,NN,168,,0.083,2.9
blocks=2|exp=seq|k=20|one_way=True|seed=14,2,True,20,14,NN2opt,168,,0.922,2.9
blocks=2|exp=seq|k=20|one_way=True|seed=14,2,True,20,14,GA,210,,524.186,36.5
blocks=2|exp=seq|k=20|one_way=True|seed=14,2,True,20,14,ACO,168,,246.696,33.5
blocks=2|exp=seq|k=20|one_way=True|seed=14,2,True,20,14,ALO,264,,408.322,64.7
blocks=2|exp=seq|k=20|one_way=True|seed=14,2,True,20,14,Hybrid,168,,5.123,2.9
blocks=2|exp=seq|k=20|one_way=True|seed=15,2,True,20,15,NN,186,,0.074,2.9
blocks=2|exp=seq|k=20|one_way=True|seed=15,2,True,20,15,NN2opt,186,,0.913,2.9
blocks=2|exp=seq|k=20|one_way=True|seed=15,2,True,20,15,GA,174,,524.773,36.7
blocks=2|exp=seq|k=20|one_way=True|seed=15,2,True,20,15,ACO,162,,245.209,33.5
blocks=2|exp=seq|k=20|one_way=True|seed=15,2,True,20,15,ALO,354,,402.553,64.7
blocks=2|exp=seq|k=20|one_way=True|seed=15,2,True,20,15,Hybrid,162,,14.352,2.9
blocks=2|exp=seq|k=20|one_way=True|seed=16,2,True,20,16,NN,192,,0.074,2.9
blocks=2|exp=seq|k=20|one_way=True|seed=16,2,True,20,16,NN2opt,192,,0.942,2.9
blocks=2|exp=seq|k=20|one_way=True|seed=16,2,True,20,16,GA,240,,528.529,36.6
blocks=2|exp=seq|k=20|one_way=True|seed=16,2,True,20,16,ACO,162,,243.265,33.5
blocks=2|exp=seq|k=20|one_way=True|seed=16,2,True,20,16,ALO,354,,422.162,64.6
blocks=2|exp=seq|k=20|one_way=True|seed=16,2,True,20,16,Hybrid,162,,14.882,2.9
blocks=2|exp=seq|k=20|one_way=True|seed=17,2,True,20,17,NN,198,,0.08,2.9
blocks=2|exp=seq|k=20|one_way=True|seed=17,2,True,20,17,NN2opt,192,,1.768,2.9
blocks=2|exp=seq|k=20|one_way=True|seed=17,2,True,20,17,GA,192,,542.411,36.4
blocks=2|exp=seq|k=20|one_way=True|seed=17,2,True,20,17,ACO,186,,243.027,33.5
blocks=2|exp=seq|k=20|one_way=True|seed=17,2,True,20,17,ALO,330,,406.42,64.6
blocks=2|exp=seq|k=20|one_way=True|seed=17,2,True,20,17,Hybrid,186,,15.396,2.9
blocks=2|exp=seq|k=20|one_way=True|seed=18,2,True,20,18,NN,204,,0.127,2.9
blocks=2|exp=seq|k=20|one_way=True|seed=18,2,True,20,18,NN2opt,192,,1.936,2.9
blocks=2|exp=seq|k=20|one_way=True|seed=18,2,True,20,18,GA,240,,521.918,36.6
blocks=2|exp=seq|k=20|one_way=True|seed=18,2,True,20,18,ACO,156,,249.409,33.5
blocks=2|exp=seq|k=20|one_way=True|seed=18,2,True,20,18,ALO,306,,403.785,64.7
blocks=2|exp=seq|k=20|one_way=True|seed=18,2,True,20,18,Hybrid,180,,17.218,2.9
blocks=2|exp=seq|k=20|one_way=True|seed=19,2,True,20,19,NN,168,,0.074,2.9
blocks=2|exp=seq|k=20|one_way=True|seed=19,2,True,20,19,NN2opt,168,,0.913,2.9
blocks=2|exp=seq|k=20|one_way=True|seed=19,2,True,20,19,GA,222,,524.451,36.8
blocks=2|exp=seq|k=20|one_way=True|seed=19,2,True,20,19,ACO,168,,246.014,33.5
blocks=2|exp=seq|k=20|one_way=True|seed=19,2,True,20,19,ALO,312,,398.904,64.7
blocks=2|exp=seq|k=20|one_way=True|seed=19,2,True,20,19,Hybrid,168,,5.326,2.9
blocks=2|exp=seq|k=20|one_way=True|seed=20,2,True,20,20,NN,150,,0.076,2.9
blocks=2|exp=seq|k=20|one_way=True|seed=20,2,True,20,20,NN2opt,150,,0.926,2.9
blocks=2|exp=seq|k=20|one_way=True|seed=20,2,True,20,20,GA,174,,554.159,36.4
blocks=2|exp=seq|k=20|one_way=True|seed=20,2,True,20,20,ACO,150,,247.893,33.5
blocks=2|exp=seq|k=20|one_way=True|seed=20,2,True,20,20,ALO,306,,416.088,64.7
blocks=2|exp=seq|k=20|one_way=True|seed=20,2,True,20,20,Hybrid,150,,5.055,2.9
blocks=2|exp=seq|k=20|one_way=True|seed=21,2,True,20,21,NN,204,,0.068,2.9
blocks=2|exp=seq|k=20|one_way=True|seed=21,2,True,20,21,NN2opt,204,,0.929,2.9
blocks=2|exp=seq|k=20|one_way=True|seed=21,2,True,20,21,GA,222,,528.505,36.8
blocks=2|exp=seq|k=20|one_way=True|seed=21,2,True,20,21,ACO,186,,246.373,33.5
blocks=2|exp=seq|k=20|one_way=True|seed=21,2,True,20,21,ALO,336,,397.701,64.7
blocks=2|exp=seq|k=20|one_way=True|seed=21,2,True,20,21,Hybrid,186,,15.608,2.9
blocks=2|exp=seq|k=20|one_way=True|seed=22,2,True,20,22,NN,198,,0.07,2.9
blocks=2|exp=seq|k=20|one_way=True|seed=22,2,True,20,22,NN2opt,198,,0.919,2.9
blocks=2|exp=seq|k=20|one_way=True|seed=22,2,True,20,22,GA,192,,530.24,36.6
blocks=2|exp=seq|k=20|one_way=True|seed=22,2,True,20,22,ACO,156,,294.036,33.5
blocks=2|exp=seq|k=20|one_way=True|seed=22,2,True,20,22,ALO,348,,400.567,64.7
blocks=2|exp=seq|k=20|one_way=True|seed=22,2,True,20,22,Hybrid,162,,19.514,2.9
blocks=2|exp=seq|k=20|one_way=True|seed=23,2,True,20,23,NN,174,,0.08,2.9
blocks=2|exp=seq|k=20|one_way=True|seed=23,2,True,20,23,NN2opt,174,,0.915,2.9
blocks=2|exp=seq|k=20|one_way=True|seed=23,2,True,20,23,GA,234,,541.982,36.9
blocks=2|exp=seq|k=20|one_way=True|seed=23,2,True,20,23,ACO,174,,259.048,33.5
blocks=2|exp=seq|k=20|one_way=True|seed=23,2,True,20,23,ALO,324,,399.719,64.7
blocks=2|exp=seq|k=20|one_way=True|seed=23,2,True,20,23,Hybrid,174,,5.094,2.9
blocks=2|exp=seq|k=20|one_way=True|seed=24,2,True,20,24,NN,204,,0.071,2.9
blocks=2|exp=seq|k=20|one_way=True|seed=24,2,True,20,24,NN2opt,192,,2.591,2.9
blocks=2|exp=seq|k=20|one_way=True|seed=24,2,True,20,24,GA,216,,526.93,36.7
blocks=2|exp=seq|k=20|one_way=True|seed=24,2,True,20,24,ACO,168,,243.461,33.5
blocks=2|exp=seq|k=20|one_way=True|seed=24,2,True,20,24,ALO,300,,400.269,64.6
blocks=2|exp=seq|k=20|one_way=True|seed=24,2,True,20,24,Hybrid,180,,15.748,2.9
blocks=2|exp=seq|k=20|one_way=True|seed=25,2,True,20,25,NN,210,,0.075,2.9
blocks=2|exp=seq|k=20|one_way=True|seed=25,2,True,20,25,NN2opt,210,,0.934,2.9
blocks=2|exp=seq|k=20|one_way=True|seed=25,2,True,20,25,GA,228,,525.945,36.5
blocks=2|exp=seq|k=20|one_way=True|seed=25,2,True,20,25,ACO,186,,243.047,33.5
blocks=2|exp=seq|k=20|one_way=True|seed=25,2,True,20,25,ALO,312,,396.933,64.6
blocks=2|exp=seq|k=20|one_way=True|seed=25,2,True,20,25,Hybrid,186,,17.627,2.9
blocks=2|exp=seq|k=20|one_way=True|seed=26,2,True,20,26,NN,192,,0.075,2.9
blocks=2|exp=seq|k=20|one_way=True|seed=26,2,True,20,26,NN2opt,192,,0.993,2.9
blocks=2|exp=seq|k=20|one_way=True|seed=26,2,True,20,26,GA,234,,652.981,36.6
blocks=2|exp=seq|k=20|one_way=True|seed=26,2,True,20,26,ACO,186,,248.922,33.5
blocks=2|exp=seq|k=20|one_way=True|seed=26,2,True,20,26,ALO,372,,401.442,64.7
blocks=2|exp=seq|k=20|one_way=True|seed=26,2,True,20,26,Hybrid,186,,11.454,2.9
blocks=2|exp=seq|k=20|one_way=True|seed=27,2,True,20,27,NN,210,,0.072,2.9
blocks=2|exp=seq|k=20|one_way=True|seed=27,2,True,20,27,NN2opt,210,,0.898,2.9
blocks=2|exp=seq|k=20|one_way=True|seed=27,2,True,20,27,GA,270,,532.591,35.9
blocks=2|exp=seq|k=20|one_way=True|seed=27,2,True,20,27,ACO,186,,250.747,33.5
blocks=2|exp=seq|k=20|one_way=True|seed=27,2,True,20,27,ALO,354,,404.033,64.7
blocks=2|exp=seq|k=20|one_way=True|seed=27,2,True,20,27,Hybrid,186,,14.588,2.9
blocks=2|exp=seq|k=20|one_way=True|seed=28,2,True,20,28,NN,216,,0.073,2.9
blocks=2|exp=seq|k=20|one_way=True|seed=28,2,True,20,28,NN2opt,216,,0.949,2.9
blocks=2|exp=seq|k=20|one_way=True|seed=28,2,True,20,28,GA,216,,525.788,36.4
blocks=2|exp=seq|k=20|one_way=True|seed=28,2,True,20,28,ACO,174,,246.619,33.5
blocks=2|exp=seq|k=20|one_way=True|seed=28,2,True,20,28,ALO,324,,400.914,64.7
blocks=2|exp=seq|k=20|one_way=True|seed=28,2,True,20,28,Hybrid,174,,19.018,2.9
blocks=2|exp=seq|k=20|one_way=True|seed=29,2,True,20,29,NN,198,,0.075,2.9
blocks=2|exp=seq|k=20|one_way=True|seed=29,2,True,20,29,NN2opt,198,,0.928,2.9
blocks=2|exp=seq|k=20|one_way=True|seed=29,2,True,20,29,GA,210,,532.924,36.6
blocks=2|exp=seq|k=20|one_way=True|seed=29,2,True,20,29,ACO,168,,245.806,33.5
blocks=2|exp=seq|k=20|one_way=True|seed=29,2,True,20,29,ALO,330,,439.88,64.7
blocks=2|exp=seq|k=20|one_way=True|seed=29,2,True,20,29,Hybrid,168,,23.311,2.9
blocks=2|exp=seq|k=30|one_way=True|seed=0,2,True,30,0,NN,210,,0.133,2.9
blocks=2|exp=seq|k=30|one_way=True|seed=0,2,True,30,0,NN2opt,210,,2.576,2.9
blocks=2|exp=seq|k=30|one_way=True|seed=0,2,True,30,0,GA,318,,654.695,39.7
blocks=2|exp=seq|k=30|one_way=True|seed=0,2,True,30,0,ACO,186,,475.551,67.5
blocks=2|exp=seq|k=30|one_way=True|seed=0,2,True,30,0,ALO,498,,466.025,94.7
blocks=2|exp=seq|k=30|one_way=True|seed=0,2,True,30,0,Hybrid,186,,54.248,2.9
blocks=2|exp=seq|k=30|one_way=True|seed=1,2,True,30,1,NN,210,,0.14,2.9
blocks=2|exp=seq|k=30|one_way=True|seed=1,2,True,30,1,NN2opt,210,,2.618,2.9
blocks=2|exp=seq|k=30|one_way=True|seed=1,2,True,30,1,GA,294,,656.107,39.7
blocks=2|exp=seq|k=30|one_way=True|seed=1,2,True,30,1,ACO,186,,479.857,67.6
blocks=2|exp=seq|k=30|one_way=True|seed=1,2,True,30,1,ALO,540,,473.323,94.6
blocks=2|exp=seq|k=30|one_way=True|seed=1,2,True,30,1,Hybrid,192,,43.579,2.9
blocks=2|exp=seq|k=30|one_way=True|seed=2,2,True,30,2,NN,180,,0.135,2.9
blocks=2|exp=seq|k=30|one_way=True|seed=2,2,True,30,2,NN2opt,180,,2.68,2.9
blocks=2|exp=seq|k=30|one_way=True|seed=2,2,True,30,2,GA,324,,650.43,39.7
blocks=2|exp=seq|k=30|one_way=True|seed=2,2,True,30,2,ACO,168,,559.846,67.5
blocks=2|exp=seq|k=30|one_way=True|seed=2,2,True,30,2,ALO,492,,482.401,96.1
blocks=2|exp=seq|k=30|one_way=True|seed=2,2,True,30,2,Hybrid,180,,15.812,2.9
blocks=2|exp=seq|k=30|one_way=True|seed=3,2,True,30,3,NN,186,,0.132,2.9
blocks=2|exp=seq|k=30|one_way=True|seed=3,2,True,30,3,NN2opt,186,,2.572,2.9
blocks=2|exp=seq|k=30|one_way=True|seed=3,2,True,30,3,GA,318,,641.061,39.7
blocks=2|exp=seq|k=30|one_way=True|seed=3,2,True,30,3,ACO,186,,483.205,67.5
blocks=2|exp=seq|k=30|one_way=True|seed=3,2,True,30,3,ALO,564,,469.462,94.7
blocks=2|exp=seq|k=30|one_way=True|seed=3,2,True,30,3,Hybrid,186,,15.732,2.9
blocks=2|exp=seq|k=30|one_way=True|seed=4,2,True,30,4,NN,228,,0.14,2.9
blocks=2|exp=seq|k=30|one_way=True|seed=4,2,True,30,4,NN2opt,228,,2.664,2.9
blocks=2|exp=seq|k=30|one_way=True|seed=4,2,True,30,4,GA,360,,655.637,39.7
blocks=2|exp=seq|k=30|one_way=True|seed=4,2,True,30,4,ACO,174,,482.28,67.6
blocks=2|exp=seq|k=30|one_way=True|seed=4,2,True,30,4,ALO,516,,470.934,94.7
blocks=2|exp=seq|k=30|one_way=True|seed=4,2,True,30,4,Hybrid,198,,55.608,2.9
blocks=2|exp=seq|k=30|one_way=True|seed=5,2,True,30,5,NN,210,,0.134,2.9
blocks=2|exp=seq|k=30|one_way=True|seed=5,2,True,30,5,NN2opt,210,,2.59,2.9
blocks=2|exp=seq|k=30|one_way=True|seed=5,2,True,30,5,GA,282,,641.592,39.7
blocks=2|exp=seq|k=30|one_way=True|seed=5,2,True,30,5,ACO,186,,518.926,67.5
blocks=2|exp=seq|k=30|one_way=True|seed=5,2,True,30,5,ALO,510,,537.732,94.6
blocks=2|exp=seq|k=30|one_way=True|seed=5,2,True,30,5,Hybrid,186,,44.187,2.9
blocks=2|exp=seq|k=30|one_way=True|seed=6,2,True,30,6,NN,234,,0.136,2.9
blocks=2|exp=seq|k=30|one_way=True|seed=6,2,True,30,6,NN2opt,234,,2.691,2.9
blocks=2|exp=seq|k=30|one_way=True|seed=6,2,True,30,6,GA,318,,649.022,39.7
blocks=2|exp=seq|k=30|one_way=True|seed=6,2,True,30,6,ACO,192,,482.569,67.5
blocks=2|exp=seq|k=30|one_way=True|seed=6,2,True,30,6,ALO,456,,486.393,94.7
blocks=2|exp=seq|k=30|one_way=True|seed=6,2,True,30,6,Hybrid,186,,61.847,2.9
blocks=2|exp=seq|k=30|one_way=True|seed=7,2,True,30,7,NN,192,,0.14,2.9
blocks=2|exp=seq|k=30|one_way=True|seed=7,2,True,30,7,NN2opt,192,,2.787,2.9
blocks=2|exp=seq|k=30|one_way=True|seed=7,2,True,30,7,GA,312,,652.249,39.7
blocks=2|exp=seq|k=30|one_way=True|seed=7,2,True,30,7,ACO,186,,478.841,67.5
blocks=2|exp=seq|k=30|one_way=True|seed=7,2,True,30,7,ALO,510,,470.088,94.7
blocks=2|exp=seq|k=30|one_way=True|seed=7,2,True,30,7,Hybrid,186,,43.842,2.9
blocks=2|exp=seq|k=30|one_way=True|seed=8,2,True,30,8,NN,228,,0.134,2.9
blocks=2|exp=seq|k=30|one_way=True|seed=8,2,True,30,8,NN2opt,228,,2.61,2.9
blocks=2|exp=seq|k=30|one_way=True|seed=8,2,True,30,8,GA,306,,646.05,39.7
blocks=2|exp=seq|k=30|one_way=True|seed=8,2,True,30,8,ACO,186,,500.161,67.5
blocks=2|exp=seq|k=30|one_way=True|seed=8,2,True,30,8,ALO,492,,483.831,94.7
blocks=2|exp=seq|k=30|one_way=True|seed=8,2,True,30,8,Hybrid,198,,38.91,2.9
blocks=2|exp=seq|k=30|one_way=True|seed=9,2,True,30,9,NN,234,,0.139,2.9
blocks=2|exp=seq|k=30|one_way=True|seed=9,2,True,30,9,NN2opt,222,,5.105,2.9
blocks=2|exp=seq|k=30|one_way=True|seed=9,2,True,30,9,GA,330,,644.731,39.7
blocks=2|exp=seq|k=30|one_way=True|seed=9,2,True,30,9,ACO,192,,487.752,67.6
blocks=2|exp=seq|k=30|one_way=True|seed=9,2,True,30,9,ALO,468,,466.996,94.7
blocks=2|exp=seq|k=30|one_way=True|seed=9,2,True,30,9,Hybrid,186,,48.939,2.9
blocks=2|exp=seq|k=30|one_way=True|seed=10,2,True,30,10,NN,186,,0.133,2.9
blocks=2|exp=seq|k=30|one_way=True|seed=10,2,True,30,10,NN2opt,186,,2.611,2.9
blocks=2|exp=seq|k=30|one_way=True|seed=10,2,True,30,10,GA,354,,642.015,39.8
blocks=2|exp=seq|k=30|one_way=True|seed=10,2,True,30,10,ACO,186,,480.944,67.6
blocks=2|exp=seq|k=30|one_way=True|seed=10,2,True,30,10,ALO,402,,468.427,94.7
blocks=2|exp=seq|k=30|one_way=True|seed=10,2,True,30,10,Hybrid,186,,15.69,2.9
blocks=2|exp=seq|k=30|one_way=True|seed=11,2,True,30,11,NN,186,,0.137,2.9
blocks=2|exp=seq|k=30|one_way=True|seed=11,2,True,30,11,NN2opt,186,,2.597,2.9
blocks=2|exp=seq|k=30|one_way=True|seed=11,2,True,30,11,GA,324,,652.743,39.7
blocks=2|exp=seq|k=30|one_way=True|seed=11,2,True,30,11,ACO,186,,486.625,67.5
blocks=2|exp=seq|k=30|one_way=True|seed=11,2,True,30,11,ALO,456,,471.61,94.8
blocks=2|exp=seq|k=30|one_way=True|seed=11,2,True,30,11,Hybrid,186,,15.611,2.9
blocks=2|exp=seq|k=30|one_way=True|seed=12,2,True,30,12,NN,180,,0.134,2.9
blocks=2|exp=seq|k=30|one_way=True|seed=12,2,True,30,12,NN2opt,180,,2.649,2.9
blocks=2|exp=seq|k=30|one_way=True|seed=12,2,True,30,12,GA,330,,640.081,39.7
blocks=2|exp=seq|k=30|one_way=True|seed=12,2,True,30,12,ACO,168,,480.354,67.6
blocks=2|exp=seq|k=30|one_way=True|seed=12,2,True,30,12,ALO,474,,474.412,94.7
blocks=2|exp=seq|k=30|one_way=True|seed=12,2,True,30,12,Hybrid,180,,16.021,2.9
blocks=2|exp=seq|k=30|one_way=True|seed=13,2,True,30,13,NN,192,,0.131,2.9
blocks=2|exp=seq|k=30|one_way=True|seed=13,2,True,30,13,NN2opt,192,,2.57,2.9
blocks=2|exp=seq|k=30|one_way=True|seed=13,2,True,30,13,GA,324,,645.761,39.7
blocks=2|exp=seq|k=30|one_way=True|seed=13,2,True,30,13,ACO,168,,478.608,67.5
blocks=2|exp=seq|k=30|one_way=True|seed=13,2,True,30,13,ALO,462,,468.542,94.7
blocks=2|exp=seq|k=30|one_way=True|seed=13,2,True,30,13,Hybrid,186,,34.929,2.9
blocks=2|exp=seq|k=30|one_way=True|seed=14,2,True,30,14,NN,168,,0.137,2.9
blocks=2|exp=seq|k=30|one_way=True|seed=14,2,True,30,14,NN2opt,168,,2.699,2.9
blocks=2|exp=seq|k=30|one_way=True|seed=14,2,True,30,14,GA,306,,648.013,39.7
blocks=2|exp=seq|k=30|one_way=True|seed=14,2,True,30,14,ACO,168,,483.045,67.5
blocks=2|exp=seq|k=30|one_way=True|seed=14,2,True,30,14,ALO,516,,470.742,94.7
blocks=2|exp=seq|k=30|one_way=True|seed=14,2,True,30,14,Hybrid,168,,16.077,2.9
blocks=2|exp=seq|k=30|one_way=True|seed=15,2,True,30,15,NN,252,,0.139,2.9
blocks=2|exp=seq|k=30|one_way=True|seed=15,2,True,30,15,NN2opt,252,,2.54,2.9
blocks=2|exp=seq|k=30|one_way=True|seed=15,2,True,30,15,GA,312,,647.768,39.6
blocks=2|exp=seq|k=30|one_way=True|seed=15,2,True,30,15,ACO,186,,480.173,67.6
blocks=2|exp=seq|k=30|one_way=True|seed=15,2,True,30,15,ALO,444,,472.893,94.6
blocks=2|exp=seq|k=30|one_way=True|seed=15,2,True,30,15,Hybrid,204,,65.58,2.9
blocks=2|exp=seq|k=30|one_way=True|seed=16,2,True,30,16,NN,216,,0.143,2.9
blocks=2|exp=seq|k=30|one_way=True|seed=16,2,True,30,16,NN2opt,216,,2.679,2.9
blocks=2|exp=seq|k=30|one_way=True|seed=16,2,True,30,16,GA,318,,662.233,39.7
blocks=2|exp=seq|k=30|one_way=True|seed=16,2,True,30,16,ACO,186,,479.583,67.6
blocks=2|exp=seq|k=30|one_way=True|seed=16,2,True,30,16,ALO,438,,474.83,94.7
blocks=2|exp=seq|k=30|one_way=True|seed=16,2,True,30,16,Hybrid,192,,72.37,2.9
blocks=2|exp=seq|k=30|one_way=True|seed=17,2,True,30,17,NN,216,,0.137,2.9
blocks=2|exp=seq|k=30|one_way=True|seed=17,2,True,30,17,NN2opt,216,,2.684,2.9
blocks=2|exp=seq|k=30|one_way=True|seed=17,2,True,30,17,GA,312,,667.086,39.7
blocks=2|exp=seq|k=30|one_way=True|seed=17,2,True,30,17,ACO,186,,480.752,67.5
blocks=2|exp=seq|k=30|one_way=True|seed=17,2,True,30,17,ALO,516,,472.348,94.7
blocks=2|exp=seq|k=30|one_way=True|seed=17,2,True,30,17,Hybrid,192,,36.567,2.9
blocks=2|exp=seq|k=30|one_way=True|seed=18,2,True,30,18,NN,186,,0.136,2.9
blocks=2|exp=seq|k=30|one_way=True|seed=18,2,True,30,18,NN2opt,186,,2.62,2.9
blocks=2|exp=seq|k=30|one_way=True|seed=18,2,True,30,18,GA,336,,661.047,39.7
blocks=2|exp=seq|k=30|one_way=True|seed=18,2,True,30,18,ACO,186,,476.966,67.5
blocks=2|exp=seq|k=30|one_way=True|seed=18,2,True,30,18,ALO,492,,492.733,94.7
blocks=2|exp=seq|k=30|one_way=True|seed=18,2,True,30,18,Hybrid,186,,15.92,2.9
blocks=2|exp=seq|k=30|one_way=True|seed=19,2,True,30,19,NN,174,,0.134,2.9
blocks=2|exp=seq|k=30|one_way=True|seed=19,2,True,30,19,NN2opt,174,,2.567,2.9
blocks=2|exp=seq|k=30|one_way=True|seed=19,2,True,30,19,GA,354,,639.423,39.7
blocks=2|exp=seq|k=30|one_way=True|seed=19,2,True,30,19,ACO,174,,490.47,67.5
blocks=2|exp=seq|k=30|one_way=True|seed=19,2,True,30,19,ALO,468,,482.011,94.7
blocks=2|exp=seq|k=30|one_way=True|seed=19,2,True,30,19,Hybrid,174,,15.78,2.9
blocks=2|exp=seq|k=30|one_way=True|seed=20,2,True,30,20,NN,186,,0.133,2.9
blocks=2|exp=seq|k=30|one_way=True|seed=20,2,True,30,20,NN2opt,186,,2.817,2.9
blocks=2|exp=seq|k=30|one_way=True|seed=20,2,True,30,20,GA,372,,651.56,39.7
blocks=2|exp=seq|k=30|one_way=True|seed=20,2,True,30,20,ACO,174,,479.465,67.5
blocks=2|exp=seq|k=30|one_way=True|seed=20,2,True,30,20,ALO,450,,474.749,94.7
blocks=2|exp=seq|k=30|one_way=True|seed=20,2,True,30,20,Hybrid,174,,46.968,2.9
blocks=2|exp=seq|k=30|one_way=True|seed=21,2,True,30,21,NN,216,,0.137,2.9
blocks=2|exp=seq|k=30|one_way=True|seed=21,2,True,30,21,NN2opt,216,,2.641,2.9
blocks=2|exp=seq|k=30|one_way=True|seed=21,2,True,30,21,GA,324,,647.274,39.7
blocks=2|exp=seq|k=30|one_way=True|seed=21,2,True,30,21,ACO,186,,488.705,67.6
blocks=2|exp=seq|k=30|one_way=True|seed=21,2,True,30,21,ALO,438,,497.806,94.7
blocks=2|exp=seq|k=30|one_way=True|seed=21,2,True,30,21,Hybrid,186,,41.585,2.9
blocks=2|exp=seq|k=30|one_way=True|seed=22,2,True,30,22,NN,246,,0.139,2.9
blocks=2|exp=seq|k=30|one_way=True|seed=22,2,True,30,22,NN2opt,246,,2.604,2.9
blocks=2|exp=seq|k=30|one_way=True|seed=22,2,True,30,22,GA,336,,662.458,39.7
blocks=2|exp=seq|k=30|one_way=True|seed=22,2,True,30,22,ACO,186,,479.163,67.5
blocks=2|exp=seq|k=30|one_way=True|seed=22,2,True,30,22,ALO,474,,467.896,94.7
blocks=2|exp=seq|k=30|one_way=True|seed=22,2,True,30,22,Hybrid,192,,66.362,2.9
blocks=2|exp=seq|k=30|one_way=True|seed=23,2,True,30,23,NN,192,,0.138,2.9
blocks=2|exp=seq|k=30|one_way=True|seed=23,2,True,30,23,NN2opt,192,,2.654,2.9
blocks=2|exp=seq|k=30|one_way=True|seed=23,2,True,30,23,GA,330,,652.889,39.6
blocks=2|exp=seq|k=30|one_way=True|seed=23,2,True,30,23,ACO,186,,482.476,67.5
blocks=2|exp=seq|k=30|one_way=True|seed=23,2,True,30,23,ALO,432,,473.375,94.7
blocks=2|exp=seq|k=30|one_way=True|seed=23,2,True,30,23,Hybrid,186,,36.23,2.9
blocks=2|exp=seq|k=30|one_way=True|seed=24,2,True,30,24,NN,186,,0.136,2.9
blocks=2|exp=seq|k=30|one_way=True|seed=24,2,True,30,24,NN2opt,186,,2.639,2.9
blocks=2|exp=seq|k=30|one_way=True|seed=24,2,True,30,24,GA,390,,679.448,39.7
blocks=2|exp=seq|k=30|one_way=True|seed=24,2,True,30,24,ACO,186,,481.912,67.6
blocks=2|exp=seq|k=30|one_way=True|seed=24,2,True,30,24,ALO,540,,483.019,94.7
blocks=2|exp=seq|k=30|one_way=True|seed=24,2,True,30,24,Hybrid,186,,15.715,2.9
blocks=2|exp=seq|k=30|one_way=True|seed=25,2,True,30,25,NN,216,,0.142,2.9
blocks=2|exp=seq|k=30|one_way=True|seed=25,2,True,30,25,NN2opt,216,,2.682,2.9
blocks=2|exp=seq|k=30|one_way=True|seed=25,2,True,30,25,GA,348,,647.622,39.7
blocks=2|exp=seq|k=30|one_way=True|seed=25,2,True,30,25,ACO,186,,474.721,67.6
blocks=2|exp=seq|k=30|one_way=True|seed=25,2,True,30,25,ALO,474,,476.339,94.7
blocks=2|exp=seq|k=30|one_way=True|seed=25,2,True,30,25,Hybrid,192,,45.044,2.9
blocks=2|exp=seq|k=30|one_way=True|seed=26,2,True,30,26,NN,192,,0.139,2.9
blocks=2|exp=seq|k=30|one_way=True|seed=26,2,True,30,26,NN2opt,192,,2.601,2.9
blocks=2|exp=seq|k=30|one_way=True|seed=26,2,True,30,26,GA,306,,652.27,39.7
blocks=2|exp=seq|k=30|one_way=True|seed=26,2,True,30,26,ACO,168,,483.438,67.5
blocks=2|exp=seq|k=30|one_way=True|seed=26,2,True,30,26,ALO,486,,474.162,94.7
blocks=2|exp=seq|k=30|one_way=True|seed=26,2,True,30,26,Hybrid,192,,15.465,2.9
blocks=2|exp=seq|k=5|one_way=False|seed=0,2,False,5,0,HeldKarp,80,80,0.171,3.7
blocks=2|exp=seq|k=5|one_way=False|seed=0,2,False,5,0,NN,84,80,0.014,1.1
blocks=2|exp=seq|k=5|one_way=False|seed=0,2,False,5,0,NN2opt,80,80,0.067,1.1
blocks=2|exp=seq|k=5|one_way=False|seed=0,2,False,5,0,GA,80,80,340.592,19.8
blocks=2|exp=seq|k=5|one_way=False|seed=0,2,False,5,0,ACO,80,80,34.664,5.5
blocks=2|exp=seq|k=5|one_way=False|seed=0,2,False,5,0,ALO,80,80,310.174,19.6
blocks=2|exp=seq|k=5|one_way=False|seed=0,2,False,5,0,Hybrid,80,80,0.36,1.1
blocks=2|exp=seq|k=5|one_way=False|seed=1,2,False,5,1,HeldKarp,90,90,0.165,3.7
blocks=2|exp=seq|k=5|one_way=False|seed=1,2,False,5,1,NN,90,90,0.013,1.1
blocks=2|exp=seq|k=5|one_way=False|seed=1,2,False,5,1,NN2opt,90,90,0.042,1.1
blocks=2|exp=seq|k=5|one_way=False|seed=1,2,False,5,1,GA,90,90,350.242,20.0
blocks=2|exp=seq|k=5|one_way=False|seed=1,2,False,5,1,ACO,90,90,36.237,5.5
blocks=2|exp=seq|k=5|one_way=False|seed=1,2,False,5,1,ALO,90,90,306.206,19.6
blocks=2|exp=seq|k=5|one_way=False|seed=1,2,False,5,1,Hybrid,90,90,0.155,1.1
blocks=2|exp=seq|k=30|one_way=True|seed=27,2,True,30,27,NN,186,,0.132,2.9
blocks=2|exp=seq|k=30|one_way=True|seed=27,2,True,30,27,NN2opt,186,,2.603,2.9
blocks=2|exp=seq|k=30|one_way=True|seed=27,2,True,30,27,GA,336,,656.656,39.7
blocks=2|exp=seq|k=30|one_way=True|seed=27,2,True,30,27,ACO,186,,492.354,67.6
blocks=2|exp=seq|k=30|one_way=True|seed=27,2,True,30,27,ALO,486,,494.289,94.7
blocks=2|exp=seq|k=30|one_way=True|seed=27,2,True,30,27,Hybrid,186,,15.836,2.9
blocks=2|exp=seq|k=5|one_way=False|seed=2,2,False,5,2,HeldKarp,80,80,0.168,3.7
blocks=2|exp=seq|k=5|one_way=False|seed=2,2,False,5,2,NN,80,80,0.015,1.1
blocks=2|exp=seq|k=5|one_way=False|seed=2,2,False,5,2,NN2opt,80,80,0.041,1.1
blocks=2|exp=seq|k=5|one_way=False|seed=2,2,False,5,2,GA,80,80,341.962,20.1
blocks=2|exp=seq|k=5|one_way=False|seed=2,2,False,5,2,ACO,80,80,34.854,5.4
blocks=2|exp=seq|k=5|one_way=False|seed=2,2,False,5,2,ALO,80,80,324.818,19.7
blocks=2|exp=seq|k=5|one_way=False|seed=2,2,False,5,2,Hybrid,80,80,0.154,1.1
blocks=2|exp=seq|k=30|one_way=True|seed=28,2,True,30,28,NN,192,,0.142,2.9
blocks=2|exp=seq|k=30|one_way=True|seed=28,2,True,30,28,NN2opt,192,,2.64,2.9
blocks=2|exp=seq|k=30|one_way=True|seed=28,2,True,30,28,GA,336,,658.597,39.7
blocks=2|exp=seq|k=30|one_way=True|seed=28,2,True,30,28,ACO,186,,477.571,67.5
blocks=2|exp=seq|k=30|one_way=True|seed=28,2,True,30,28,ALO,492,,520.294,94.7
blocks=2|exp=seq|k=30|one_way=True|seed=28,2,True,30,28,Hybrid,192,,15.642,2.9
blocks=2|exp=seq|k=5|one_way=False|seed=3,2,False,5,3,HeldKarp,52,52,0.165,3.7
blocks=2|exp=seq|k=5|one_way=False|seed=3,2,False,5,3,NN,52,52,0.014,1.1
blocks=2|exp=seq|k=5|one_way=False|seed=3,2,False,5,3,NN2opt,52,52,0.041,1.1
blocks=2|exp=seq|k=5|one_way=False|seed=3,2,False,5,3,GA,52,52,340.84,20.0
blocks=2|exp=seq|k=5|one_way=False|seed=3,2,False,5,3,ACO,52,52,36.238,5.4
blocks=2|exp=seq|k=5|one_way=False|seed=3,2,False,5,3,ALO,54,52,304.515,19.6
blocks=2|exp=seq|k=5|one_way=False|seed=3,2,False,5,3,Hybrid,52,52,0.148,1.1
blocks=2|exp=seq|k=5|one_way=False|seed=4,2,False,5,4,HeldKarp,84,84,0.165,3.7
blocks=2|exp=seq|k=5|one_way=False|seed=4,2,False,5,4,NN,92,84,0.013,1.1
blocks=2|exp=seq|k=5|one_way=False|seed=4,2,False,5,4,NN2opt,84,84,0.067,1.1
blocks=2|exp=seq|k=5|one_way=False|seed=4,2,False,5,4,GA,84,84,345.147,19.8
blocks=2|exp=seq|k=5|one_way=False|seed=4,2,False,5,4,ACO,84,84,35.966,5.5
blocks=2|exp=seq|k=5|one_way=False|seed=4,2,False,5,4,ALO,84,84,309.211,19.6
blocks=2|exp=seq|k=5|one_way=False|seed=4,2,False,5,4,Hybrid,84,84,0.297,1.1
blocks=2|exp=seq|k=30|one_way=True|seed=29,2,True,30,29,NN,198,,0.134,2.9
blocks=2|exp=seq|k=30|one_way=True|seed=29,2,True,30,29,NN2opt,198,,2.624,2.9
blocks=2|exp=seq|k=30|one_way=True|seed=29,2,True,30,29,GA,294,,639.481,39.7
blocks=2|exp=seq|k=30|one_way=True|seed=29,2,True,30,29,ACO,168,,488.616,67.5
blocks=2|exp=seq|k=30|one_way=True|seed=29,2,True,30,29,ALO,522,,481.482,94.7
blocks=2|exp=seq|k=30|one_way=True|seed=29,2,True,30,29,Hybrid,168,,46.881,2.9
blocks=2|exp=seq|k=5|one_way=False|seed=6,2,False,5,6,HeldKarp,54,54,0.162,3.7
blocks=2|exp=seq|k=5|one_way=False|seed=6,2,False,5,6,NN,54,54,0.013,1.1
blocks=2|exp=seq|k=5|one_way=False|seed=6,2,False,5,6,NN2opt,54,54,0.041,1.1
blocks=2|exp=seq|k=5|one_way=False|seed=6,2,False,5,6,GA,54,54,343.282,20.1
blocks=2|exp=seq|k=5|one_way=False|seed=6,2,False,5,6,ACO,54,54,35.039,5.4
blocks=2|exp=seq|k=5|one_way=False|seed=6,2,False,5,6,ALO,54,54,308.591,19.7
blocks=2|exp=seq|k=5|one_way=False|seed=6,2,False,5,6,Hybrid,54,54,0.15,1.1
blocks=2|exp=seq|k=5|one_way=False|seed=5,2,False,5,5,HeldKarp,74,74,0.166,3.7
blocks=2|exp=seq|k=5|one_way=False|seed=5,2,False,5,5,NN,80,74,0.014,1.1
blocks=2|exp=seq|k=5|one_way=False|seed=5,2,False,5,5,NN2opt,74,74,0.066,1.1
blocks=2|exp=seq|k=5|one_way=False|seed=5,2,False,5,5,GA,74,74,344.785,20.1
blocks=2|exp=seq|k=5|one_way=False|seed=5,2,False,5,5,ACO,74,74,35.794,5.4
blocks=2|exp=seq|k=5|one_way=False|seed=5,2,False,5,5,ALO,74,74,305.081,19.6
blocks=2|exp=seq|k=5|one_way=False|seed=5,2,False,5,5,Hybrid,74,74,0.301,1.1
blocks=2|exp=seq|k=5|one_way=False|seed=7,2,False,5,7,HeldKarp,76,76,0.171,3.7
blocks=2|exp=seq|k=5|one_way=False|seed=7,2,False,5,7,NN,84,76,0.013,1.1
blocks=2|exp=seq|k=5|one_way=False|seed=7,2,False,5,7,NN2opt,76,76,0.09,1.1
blocks=2|exp=seq|k=5|one_way=False|seed=7,2,False,5,7,GA,76,76,344.538,20.3
blocks=2|exp=seq|k=5|one_way=False|seed=7,2,False,5,7,ACO,76,76,35.128,5.5
blocks=2|exp=seq|k=5|one_way=False|seed=7,2,False,5,7,ALO,76,76,303.13,19.8
blocks=2|exp=seq|k=5|one_way=False|seed=7,2,False,5,7,Hybrid,76,76,0.307,1.1
blocks=2|exp=seq|k=5|one_way=False|seed=8,2,False,5,8,HeldKarp,74,74,0.163,3.7
blocks=2|exp=seq|k=5|one_way=False|seed=8,2,False,5,8,NN,74,74,0.014,1.1
blocks=2|exp=seq|k=5|one_way=False|seed=8,2,False,5,8,NN2opt,74,74,0.041,1.1
blocks=2|exp=seq|k=5|one_way=False|seed=8,2,False,5,8,GA,74,74,335.172,19.8
blocks=2|exp=seq|k=5|one_way=False|seed=8,2,False,5,8,ACO,74,74,34.666,5.4
blocks=2|exp=seq|k=5|one_way=False|seed=8,2,False,5,8,ALO,74,74,307.311,19.8
blocks=2|exp=seq|k=5|one_way=False|seed=8,2,False,5,8,Hybrid,74,74,0.161,1.1
blocks=2|exp=seq|k=5|one_way=False|seed=9,2,False,5,9,HeldKarp,82,82,0.16,3.7
blocks=2|exp=seq|k=5|one_way=False|seed=9,2,False,5,9,NN,82,82,0.013,1.1
blocks=2|exp=seq|k=5|one_way=False|seed=9,2,False,5,9,NN2opt,82,82,0.04,1.1
blocks=2|exp=seq|k=5|one_way=False|seed=9,2,False,5,9,GA,82,82,342.831,20.0
blocks=2|exp=seq|k=5|one_way=False|seed=9,2,False,5,9,ACO,82,82,35.166,5.4
blocks=2|exp=seq|k=5|one_way=False|seed=9,2,False,5,9,ALO,82,82,303.501,19.6
blocks=2|exp=seq|k=5|one_way=False|seed=9,2,False,5,9,Hybrid,82,82,0.16,1.1
blocks=2|exp=seq|k=5|one_way=False|seed=10,2,False,5,10,HeldKarp,90,90,0.167,3.7
blocks=2|exp=seq|k=5|one_way=False|seed=10,2,False,5,10,NN,90,90,0.013,1.1
blocks=2|exp=seq|k=5|one_way=False|seed=10,2,False,5,10,NN2opt,90,90,0.042,1.1
blocks=2|exp=seq|k=5|one_way=False|seed=10,2,False,5,10,GA,90,90,341.583,20.1
blocks=2|exp=seq|k=5|one_way=False|seed=10,2,False,5,10,ACO,90,90,35.034,5.5
blocks=2|exp=seq|k=5|one_way=False|seed=10,2,False,5,10,ALO,90,90,301.91,19.6
blocks=2|exp=seq|k=5|one_way=False|seed=10,2,False,5,10,Hybrid,90,90,0.155,1.1
blocks=2|exp=seq|k=5|one_way=False|seed=11,2,False,5,11,HeldKarp,84,84,0.163,3.7
blocks=2|exp=seq|k=5|one_way=False|seed=11,2,False,5,11,NN,86,84,0.014,1.1
blocks=2|exp=seq|k=5|one_way=False|seed=11,2,False,5,11,NN2opt,84,84,0.066,1.1
blocks=2|exp=seq|k=5|one_way=False|seed=11,2,False,5,11,GA,84,84,336.639,19.8
blocks=2|exp=seq|k=5|one_way=False|seed=11,2,False,5,11,ACO,84,84,35.083,5.5
blocks=2|exp=seq|k=5|one_way=False|seed=11,2,False,5,11,ALO,84,84,308.213,19.7
blocks=2|exp=seq|k=5|one_way=False|seed=11,2,False,5,11,Hybrid,84,84,0.319,1.1
blocks=2|exp=seq|k=5|one_way=False|seed=12,2,False,5,12,HeldKarp,52,52,0.162,3.7
blocks=2|exp=seq|k=5|one_way=False|seed=12,2,False,5,12,NN,54,52,0.014,1.1
blocks=2|exp=seq|k=5|one_way=False|seed=12,2,False,5,12,NN2opt,52,52,0.065,1.1
blocks=2|exp=seq|k=5|one_way=False|seed=12,2,False,5,12,GA,52,52,334.731,19.8
blocks=2|exp=seq|k=5|one_way=False|seed=12,2,False,5,12,ACO,52,52,35.554,5.4
blocks=2|exp=seq|k=5|one_way=False|seed=12,2,False,5,12,ALO,52,52,302.632,19.7
blocks=2|exp=seq|k=5|one_way=False|seed=12,2,False,5,12,Hybrid,52,52,0.316,1.1
blocks=2|exp=seq|k=5|one_way=False|seed=13,2,False,5,13,HeldKarp,80,80,0.16,3.7
blocks=2|exp=seq|k=5|one_way=False|seed=13,2,False,5,13,NN,80,80,0.012,1.1
blocks=2|exp=seq|k=5|one_way=False|seed=13,2,False,5,13,NN2opt,80,80,0.04,1.1
blocks=2|exp=seq|k=5|one_way=False|seed=13,2,False,5,13,GA,80,80,340.117,20.0
blocks=2|exp=seq|k=5|one_way=False|seed=13,2,False,5,13,ACO,80,80,35.498,5.4
blocks=2|exp=seq|k=5|one_way=False|seed=13,2,False,5,13,ALO,80,80,308.074,19.6
blocks=2|exp=seq|k=5|one_way=False|seed=13,2,False,5,13,Hybrid,80,80,0.151,1.1
blocks=2|exp=seq|k=5|one_way=False|seed=15,2,False,5,15,HeldKarp,70,70,0.158,3.7
blocks=2|exp=seq|k=5|one_way=False|seed=15,2,False,5,15,NN,74,70,0.013,1.1
blocks=2|exp=seq|k=5|one_way=False|seed=15,2,False,5,15,NN2opt,70,70,0.065,1.1
blocks=2|exp=seq|k=5|one_way=False|seed=15,2,False,5,15,GA,70,70,335.978,19.9
blocks=2|exp=seq|k=5|one_way=False|seed=15,2,False,5,15,ACO,70,70,36.111,5.5
blocks=2|exp=seq|k=5|one_way=False|seed=15,2,False,5,15,ALO,70,70,304.338,19.7
blocks=2|exp=seq|k=5|one_way=False|seed=15,2,False,5,15,Hybrid,70,70,0.279,1.1
blocks=2|exp=seq|k=5|one_way=False|seed=14,2,False,5,14,HeldKarp,86,86,0.158,3.7
blocks=2|exp=seq|k=5|one_way=False|seed=14,2,False,5,14,NN,86,86,0.013,1.1
blocks=2|exp=seq|k=5|one_way=False|seed=14,2,False,5,14,NN2opt,86,86,0.041,1.1
blocks=2|exp=seq|k=5|one_way=False|seed=14,2,False,5,14,GA,86,86,340.793,19.8
blocks=2|exp=seq|k=5|one_way=False|seed=14,2,False,5,14,ACO,86,86,36.557,5.4
blocks=2|exp=seq|k=5|one_way=False|seed=14,2,False,5,14,ALO,86,86,302.961,19.8
blocks=2|exp=seq|k=5|one_way=False|seed=14,2,False,5,14,Hybrid,86,86,0.152,1.1
blocks=2|exp=seq|k=5|one_way=False|seed=16,2,False,5,16,HeldKarp,56,56,0.163,3.7
blocks=2|exp=seq|k=5|one_way=False|seed=16,2,False,5,16,NN,64,56,0.014,1.1
blocks=2|exp=seq|k=5|one_way=False|seed=16,2,False,5,16,NN2opt,56,56,0.089,1.1
blocks=2|exp=seq|k=5|one_way=False|seed=16,2,False,5,16,GA,56,56,339.779,20.1
blocks=2|exp=seq|k=5|one_way=False|seed=16,2,False,5,16,ACO,56,56,35.518,5.4
blocks=2|exp=seq|k=5|one_way=False|seed=16,2,False,5,16,ALO,56,56,303.232,19.7
blocks=2|exp=seq|k=5|one_way=False|seed=16,2,False,5,16,Hybrid,56,56,0.302,1.1
blocks=2|exp=seq|k=5|one_way=False|seed=17,2,False,5,17,HeldKarp,74,74,0.169,3.7
blocks=2|exp=seq|k=5|one_way=False|seed=17,2,False,5,17,NN,74,74,0.014,1.1
blocks=2|exp=seq|k=5|one_way=False|seed=17,2,False,5,17,NN2opt,74,74,0.041,1.1
blocks=2|exp=seq|k=5|one_way=False|seed=17,2,False,5,17,GA,74,74,341.478,20.0
blocks=2|exp=seq|k=5|one_way=False|seed=17,2,False,5,17,ACO,74,74,35.283,5.4
blocks=2|exp=seq|k=5|one_way=False|seed=17,2,False,5,17,ALO,74,74,304.011,19.6
blocks=2|exp=seq|k=5|one_way=False|seed=17,2,False,5,17,Hybrid,74,74,0.155,1.1
blocks=2|exp=seq|k=5|one_way=False|seed=18,2,False,5,18,HeldKarp,82,82,0.16,3.7
blocks=2|exp=seq|k=5|one_way=False|seed=18,2,False,5,18,NN,98,82,0.013,1.1
blocks=2|exp=seq|k=5|one_way=False|seed=18,2,False,5,18,NN2opt,82,82,0.105,1.1
blocks=2|exp=seq|k=5|one_way=False|seed=18,2,False,5,18,GA,82,82,337.917,20.5
blocks=2|exp=seq|k=5|one_way=False|seed=18,2,False,5,18,ACO,82,82,35.053,5.5
blocks=2|exp=seq|k=5|one_way=False|seed=18,2,False,5,18,ALO,82,82,305.264,19.6
blocks=2|exp=seq|k=5|one_way=False|seed=18,2,False,5,18,Hybrid,82,82,0.307,1.1
blocks=2|exp=seq|k=5|one_way=False|seed=20,2,False,5,20,HeldKarp,66,66,0.161,3.7
blocks=2|exp=seq|k=5|one_way=False|seed=20,2,False,5,20,NN,66,66,0.013,1.1
blocks=2|exp=seq|k=5|one_way=False|seed=20,2,False,5,20,NN2opt,66,66,0.041,1.1
blocks=2|exp=seq|k=5|one_way=False|seed=20,2,False,5,20,GA,66,66,343.165,19.8
blocks=2|exp=seq|k=5|one_way=False|seed=20,2,False,5,20,ACO,66,66,35.651,5.5
blocks=2|exp=seq|k=5|one_way=False|seed=20,2,False,5,20,ALO,66,66,307.304,19.6
blocks=2|exp=seq|k=5|one_way=False|seed=20,2,False,5,20,Hybrid,66,66,0.155,1.1
blocks=2|exp=seq|k=5|one_way=False|seed=19,2,False,5,19,HeldKarp,72,72,0.165,3.7
blocks=2|exp=seq|k=5|one_way=False|seed=19,2,False,5,19,NN,74,72,0.013,1.1
blocks=2|exp=seq|k=5|one_way=False|seed=19,2,False,5,19,NN2opt,72,72,0.067,1.1
blocks=2|exp=seq|k=5|one_way=False|seed=19,2,False,5,19,GA,72,72,333.524,19.8
blocks=2|exp=seq|k=5|one_way=False|seed=19,2,False,5,19,ACO,72,72,35.768,5.4
blocks=2|exp=seq|k=5|one_way=False|seed=19,2,False,5,19,ALO,72,72,309.649,19.7
blocks=2|exp=seq|k=5|one_way=False|seed=19,2,False,5,19,Hybrid,72,72,0.319,1.1
blocks=2|exp=seq|k=5|one_way=False|seed=21,2,False,5,21,HeldKarp,82,82,0.159,3.7
blocks=2|exp=seq|k=5|one_way=False|seed=21,2,False,5,21,NN,82,82,0.013,1.1
blocks=2|exp=seq|k=5|one_way=False|seed=21,2,False,5,21,NN2opt,82,82,0.04,1.1
blocks=2|exp=seq|k=5|one_way=False|seed=21,2,False,5,21,GA,82,82,336.559,19.9
blocks=2|exp=seq|k=5|one_way=False|seed=21,2,False,5,21,ACO,82,82,38.231,5.4
blocks=2|exp=seq|k=5|one_way=False|seed=21,2,False,5,21,ALO,82,82,342.861,19.7
blocks=2|exp=seq|k=5|one_way=False|seed=21,2,False,5,21,Hybrid,82,82,0.149,1.1
blocks=2|exp=seq|k=5|one_way=False|seed=22,2,False,5,22,HeldKarp,76,76,0.158,3.7
blocks=2|exp=seq|k=5|one_way=False|seed=22,2,False,5,22,NN,80,76,0.014,1.1
blocks=2|exp=seq|k=5|one_way=False|seed=22,2,False,5,22,NN2opt,76,76,0.066,1.1
blocks=2|exp=seq|k=5|one_way=False|seed=22,2,False,5,22,GA,76,76,341.232,20.1
blocks=2|exp=seq|k=5|one_way=False|seed=22,2,False,5,22,ACO,76,76,36.158,5.4
blocks=2|exp=seq|k=5|one_way=False|seed=22,2,False,5,22,ALO,76,76,320.076,19.7
blocks=2|exp=seq|k=5|one_way=False|seed=22,2,False,5,22,Hybrid,76,76,0.296,1.1
blocks=2|exp=seq|k=5|one_way=False|seed=23,2,False,5,23,HeldKarp,70,70,0.162,3.7
blocks=2|exp=seq|k=5|one_way=False|seed=23,2,False,5,23,NN,86,70,0.013,1.1
blocks=2|exp=seq|k=5|one_way=False|seed=23,2,False,5,23,NN2opt,70,70,0.115,1.1
blocks=2|exp=seq|k=5|one_way=False|seed=23,2,False,5,23,GA,70,70,344.633,19.9
blocks=2|exp=seq|k=5|one_way=False|seed=23,2,False,5,23,ACO,70,70,36.694,5.4
blocks=2|exp=seq|k=5|one_way=False|seed=23,2,False,5,23,ALO,70,70,302.66,19.6
blocks=2|exp=seq|k=5|one_way=False|seed=23,2,False,5,23,Hybrid,70,70,0.294,1.1
blocks=2|exp=seq|k=5|one_way=False|seed=24,2,False,5,24,HeldKarp,66,66,0.163,3.7
blocks=2|exp=seq|k=5|one_way=False|seed=24,2,False,5,24,NN,66,66,0.012,1.1
blocks=2|exp=seq|k=5|one_way=False|seed=24,2,False,5,24,NN2opt,66,66,0.041,1.1
blocks=2|exp=seq|k=5|one_way=False|seed=24,2,False,5,24,GA,66,66,342.621,19.8
blocks=2|exp=seq|k=5|one_way=False|seed=24,2,False,5,24,ACO,66,66,35.982,5.4
blocks=2|exp=seq|k=5|one_way=False|seed=24,2,False,5,24,ALO,66,66,306.9,19.7
blocks=2|exp=seq|k=5|one_way=False|seed=24,2,False,5,24,Hybrid,66,66,0.152,1.1
blocks=2|exp=seq|k=5|one_way=False|seed=25,2,False,5,25,HeldKarp,82,82,0.177,3.7
blocks=2|exp=seq|k=5|one_way=False|seed=25,2,False,5,25,NN,82,82,0.015,1.1
blocks=2|exp=seq|k=5|one_way=False|seed=25,2,False,5,25,NN2opt,82,82,0.041,1.1
blocks=2|exp=seq|k=5|one_way=False|seed=25,2,False,5,25,GA,82,82,353.708,20.0
blocks=2|exp=seq|k=5|one_way=False|seed=25,2,False,5,25,ACO,82,82,34.335,5.5
blocks=2|exp=seq|k=5|one_way=False|seed=25,2,False,5,25,ALO,82,82,307.432,19.7
blocks=2|exp=seq|k=5|one_way=False|seed=25,2,False,5,25,Hybrid,82,82,0.152,1.1
blocks=2|exp=seq|k=5|one_way=False|seed=27,2,False,5,27,HeldKarp,72,72,0.164,3.7
blocks=2|exp=seq|k=5|one_way=False|seed=27,2,False,5,27,NN,72,72,0.013,1.1
blocks=2|exp=seq|k=5|one_way=False|seed=27,2,False,5,27,NN2opt,72,72,0.041,1.1
blocks=2|exp=seq|k=5|one_way=False|seed=27,2,False,5,27,GA,72,72,362.884,19.6
blocks=2|exp=seq|k=5|one_way=False|seed=27,2,False,5,27,ACO,72,72,35.483,5.4
blocks=2|exp=seq|k=5|one_way=False|seed=27,2,False,5,27,ALO,72,72,304.892,19.7
blocks=2|exp=seq|k=5|one_way=False|seed=27,2,False,5,27,Hybrid,72,72,0.152,1.1
blocks=2|exp=seq|k=5|one_way=False|seed=26,2,False,5,26,HeldKarp,92,92,0.164,3.7
blocks=2|exp=seq|k=5|one_way=False|seed=26,2,False,5,26,NN,92,92,0.013,1.1
blocks=2|exp=seq|k=5|one_way=False|seed=26,2,False,5,26,NN2opt,92,92,0.04,1.1
blocks=2|exp=seq|k=5|one_way=False|seed=26,2,False,5,26,GA,92,92,368.116,19.8
blocks=2|exp=seq|k=5|one_way=False|seed=26,2,False,5,26,ACO,92,92,35.893,5.5
blocks=2|exp=seq|k=5|one_way=False|seed=26,2,False,5,26,ALO,92,92,304.197,19.7
blocks=2|exp=seq|k=5|one_way=False|seed=26,2,False,5,26,Hybrid,92,92,0.15,1.1
blocks=2|exp=seq|k=5|one_way=False|seed=28,2,False,5,28,HeldKarp,76,76,0.17,3.7
blocks=2|exp=seq|k=5|one_way=False|seed=28,2,False,5,28,NN,80,76,0.014,1.1
blocks=2|exp=seq|k=5|one_way=False|seed=28,2,False,5,28,NN2opt,76,76,0.066,1.1
blocks=2|exp=seq|k=5|one_way=False|seed=28,2,False,5,28,GA,76,76,336.21,20.0
blocks=2|exp=seq|k=5|one_way=False|seed=28,2,False,5,28,ACO,76,76,34.447,5.5
blocks=2|exp=seq|k=5|one_way=False|seed=28,2,False,5,28,ALO,76,76,337.762,19.8
blocks=2|exp=seq|k=5|one_way=False|seed=28,2,False,5,28,Hybrid,76,76,0.291,1.1
blocks=2|exp=seq|k=5|one_way=False|seed=29,2,False,5,29,HeldKarp,76,76,0.165,3.7
blocks=2|exp=seq|k=5|one_way=False|seed=29,2,False,5,29,NN,86,76,0.013,1.1
blocks=2|exp=seq|k=5|one_way=False|seed=29,2,False,5,29,NN2opt,76,76,0.066,1.1
blocks=2|exp=seq|k=5|one_way=False|seed=29,2,False,5,29,GA,76,76,343.476,20.2
blocks=2|exp=seq|k=5|one_way=False|seed=29,2,False,5,29,ACO,76,76,35.06,5.4
blocks=2|exp=seq|k=5|one_way=False|seed=29,2,False,5,29,ALO,76,76,333.825,19.7
blocks=2|exp=seq|k=5|one_way=False|seed=29,2,False,5,29,Hybrid,76,76,0.29,1.1
blocks=2|exp=seq|k=8|one_way=False|seed=0,2,False,8,0,HeldKarp,84,84,2.15,60.9
blocks=2|exp=seq|k=8|one_way=False|seed=0,2,False,8,0,NN,92,84,0.023,1.1
blocks=2|exp=seq|k=8|one_way=False|seed=0,2,False,8,0,NN2opt,88,84,0.185,1.1
blocks=2|exp=seq|k=8|one_way=False|seed=0,2,False,8,0,GA,88,84,374.22,20.1
blocks=2|exp=seq|k=8|one_way=False|seed=0,2,False,8,0,ACO,84,84,64.782,8.9
blocks=2|exp=seq|k=8|one_way=False|seed=0,2,False,8,0,ALO,92,84,323.075,28.6
blocks=2|exp=seq|k=8|one_way=False|seed=0,2,False,8,0,Hybrid,84,84,1.114,1.1
blocks=2|exp=seq|k=8|one_way=False|seed=1,2,False,8,1,HeldKarp,94,94,2.217,60.9
blocks=2|exp=seq|k=8|one_way=False|seed=1,2,False,8,1,NN,108,94,0.021,1.1
blocks=2|exp=seq|k=8|one_way=False|seed=1,2,False,8,1,NN2opt,94,94,0.271,1.1
blocks=2|exp=seq|k=8|one_way=False|seed=1,2,False,8,1,GA,94,94,386.101,20.3
blocks=2|exp=seq|k=8|one_way=False|seed=1,2,False,8,1,ACO,94,94,64.617,8.9
blocks=2|exp=seq|k=8|one_way=False|seed=1,2,False,8,1,ALO,100,94,324.424,28.6
blocks=2|exp=seq|k=8|one_way=False|seed=1,2,False,8,1,Hybrid,94,94,1.138,1.1
blocks=2|exp=seq|k=8|one_way=False|seed=2,2,False,8,2,HeldKarp,88,88,2.179,60.9
blocks=2|exp=seq|k=8|one_way=False|seed=2,2,False,8,2,NN,104,88,0.022,1.1
blocks=2|exp=seq|k=8|one_way=False|seed=2,2,False,8,2,NN2opt,88,88,0.183,1.1
blocks=2|exp=seq|k=8|one_way=False|seed=2,2,False,8,2,GA,88,88,374.266,20.2
blocks=2|exp=seq|k=8|one_way=False|seed=2,2,False,8,2,ACO,88,88,63.946,8.9
blocks=2|exp=seq|k=8|one_way=False|seed=2,2,False,8,2,ALO,96,88,326.133,28.6
blocks=2|exp=seq|k=8|one_way=False|seed=2,2,False,8,2,Hybrid,88,88,1.07,1.1
blocks=2|exp=seq|k=8|one_way=False|seed=3,2,False,8,3,HeldKarp,94,94,2.176,60.9
blocks=2|exp=seq|k=8|one_way=False|seed=3,2,False,8,3,NN,110,94,0.021,1.1
blocks=2|exp=seq|k=8|one_way=False|seed=3,2,False,8,3,NN2opt,94,94,0.268,1.1
blocks=2|exp=seq|k=8|one_way=False|seed=3,2,False,8,3,GA,94,94,373.598,20.4
blocks=2|exp=seq|k=8|one_way=False|seed=3,2,False,8,3,ACO,94,94,64.598,8.9
blocks=2|exp=seq|k=8|one_way=False|seed=3,2,False,8,3,ALO,108,94,325.703,28.7
blocks=2|exp=seq|k=8|one_way=False|seed=3,2,False,8,3,Hybrid,94,94,1.047,1.1
blocks=2|exp=seq|k=8|one_way=False|seed=4,2,False,8,4,HeldKarp,84,84,2.164,60.9
blocks=2|exp=seq|k=8|one_way=False|seed=4,2,False,8,4,NN,86,84,0.021,1.1
blocks=2|exp=seq|k=8|one_way=False|seed=4,2,False,8,4,NN2opt,84,84,0.187,1.1
blocks=2|exp=seq|k=8|one_way=False|seed=4,2,False,8,4,GA,84,84,374.554,20.2
blocks=2|exp=seq|k=8|one_way=False|seed=4,2,False,8,4,ACO,84,84,62.848,8.9
blocks=2|exp=seq|k=8|one_way=False|seed=4,2,False,8,4,ALO,88,84,327.68,28.6
blocks=2|exp=seq|k=8|one_way=False|seed=4,2,False,8,4,Hybrid,84,84,0.936,1.1
blocks=2|exp=seq|k=8|one_way=False|seed=5,2,False,8,5,HeldKarp,104,104,2.241,60.9
blocks=2|exp=seq|k=8|one_way=False|seed=5,2,False,8,5,NN,104,104,0.023,1.1
blocks=2|exp=seq|k=8|one_way=False|seed=5,2,False,8,5,NN2opt,104,104,0.107,1.1
blocks=2|exp=seq|k=8|one_way=False|seed=5,2,False,8,5,GA,104,104,373.098,20.5
blocks=2|exp=seq|k=8|one_way=False|seed=5,2,False,8,5,ACO,104,104,62.354,8.9
blocks=2|exp=seq|k=8|one_way=False|seed=5,2,False,8,5,ALO,118,104,344.416,28.7
blocks=2|exp=seq|k=8|one_way=False|seed=5,2,False,8,5,Hybrid,104,104,0.462,1.1
blocks=2|exp=seq|k=8|one_way=False|seed=6,2,False,8,6,HeldKarp,78,78,2.615,60.9
blocks=2|exp=seq|k=8|one_way=False|seed=6,2,False,8,6,NN,80,78,0.028,1.1
blocks=2|exp=seq|k=8|one_way=False|seed=6,2,False,8,6,NN2opt,80,78,0.105,1.1
blocks=2|exp=seq|k=8|one_way=False|seed=6,2,False,8,6,GA,78,78,382.356,20.3
blocks=2|exp=seq|k=8|one_way=False|seed=6,2,False,8,6,ACO,78,78,63.309,8.9
blocks=2|exp=seq|k=8|one_way=False|seed=6,2,False,8,6,ALO,78,78,338.615,28.7
blocks=2|exp=seq|k=8|one_way=False|seed=6,2,False,8,6,Hybrid,78,78,0.956,1.1
blocks=2|exp=seq|k=8|one_way=False|seed=7,2,False,8,7,HeldKarp,100,100,2.132,60.9
blocks=2|exp=seq|k=8|one_way=False|seed=7,2,False,8,7,NN,116,100,0.022,1.1
blocks=2|exp=seq|k=8|one_way=False|seed=7,2,False,8,7,NN2opt,104,100,0.185,1.1
blocks=2|exp=seq|k=8|one_way=False|seed=7,2,False,8,7,GA,100,100,377.482,20.3
blocks=2|exp=seq|k=8|one_way=False|seed=7,2,False,8,7,ACO,100,100,63.187,8.9
blocks=2|exp=seq|k=8|one_way=False|seed=7,2,False,8,7,ALO,104,100,322.441,28.6
blocks=2|exp=seq|k=8|one_way=False|seed=7,2,False,8,7,Hybrid,104,100,1.012,1.1
blocks=2|exp=seq|k=8|one_way=False|seed=8,2,False,8,8,HeldKarp,90,90,2.202,60.9
blocks=2|exp=seq|k=8|one_way=False|seed=8,2,False,8,8,NN,94,90,0.021,1.1
blocks=2|exp=seq|k=8|one_way=False|seed=8,2,False,8,8,NN2opt,94,90,0.104,1.1
blocks=2|exp=seq|k=8|one_way=False|seed=8,2,False,8,8,GA,90,90,376.414,20.3
blocks=2|exp=seq|k=8|one_way=False|seed=8,2,False,8,8,ACO,90,90,64.876,8.9
blocks=2|exp=seq|k=8|one_way=False|seed=8,2,False,8,8,ALO,92,90,328.261,28.7
blocks=2|exp=seq|k=8|one_way=False|seed=8,2,False,8,8,Hybrid,90,90,1.102,1.1
blocks=2|exp=seq|k=8|one_way=False|seed=9,2,False,8,9,HeldKarp,90,90,2.127,60.9
blocks=2|exp=seq|k=8|one_way=False|seed=9,2,False,8,9,NN,90,90,0.022,1.1
blocks=2|exp=seq|k=8|one_way=False|seed=9,2,False,8,9,NN2opt,90,90,0.103,1.1
blocks=2|exp=seq|k=8|one_way=False|seed=9,2,False,8,9,GA,90,90,373.217,20.2
blocks=2|exp=seq|k=8|one_way=False|seed=9,2,False,8,9,ACO,90,90,63.224,8.9
blocks=2|exp=seq|k=8|one_way=False|seed=9,2,False,8,9,ALO,90,90,369.46,28.6
blocks=2|exp=seq|k=8|one_way=False|seed=9,2,False,8,9,Hybrid,90,90,0.467,1.1
blocks=2|exp=seq|k=8|one_way=False|seed=10,2,False,8,10,HeldKarp,96,96,2.144,60.9
blocks=2|exp=seq|k=8|one_way=False|seed=10,2,False,8,10,NN,96,96,0.021,1.1
blocks=2|exp=seq|k=8|one_way=False|seed=10,2,False,8,10,NN2opt,96,96,0.106,1.1
blocks=2|exp=seq|k=8|one_way=False|seed=10,2,False,8,10,GA,96,96,371.889,20.2
blocks=2|exp=seq|k=8|one_way=False|seed=10,2,False,8,10,ACO,96,96,63.348,8.9
blocks=2|exp=seq|k=8|one_way=False|seed=10,2,False,8,10,ALO,96,96,390.943,28.7
blocks=2|exp=seq|k=8|one_way=False|seed=10,2,False,8,10,Hybrid,96,96,0.488,1.1
blocks=2|exp=seq|k=8|one_way=False|seed=11,2,False,8,11,HeldKarp,94,94,2.165,60.9
blocks=2|exp=seq|k=8|one_way=False|seed=11,2,False,8,11,NN,100,94,0.021,1.1
blocks=2|exp=seq|k=8|one_way=False|seed=11,2,False,8,11,NN2opt,94,94,0.184,1.1
blocks=2|exp=seq|k=8|one_way=False|seed=11,2,False,8,11,GA,94,94,376.114,20.3
blocks=2|exp=seq|k=8|one_way=False|seed=11,2,False,8,11,ACO,94,94,64.103,8.9
blocks=2|exp=seq|k=8|one_way=False|seed=11,2,False,8,11,ALO,96,94,353.053,28.6
blocks=2|exp=seq|k=8|one_way=False|seed=11,2,False,8,11,Hybrid,94,94,1.016,1.1
blocks=2|exp=seq|k=8|one_way=False|seed=12,2,False,8,12,HeldKarp,102,102,2.477,60.9
blocks=2|exp=seq|k=8|one_way=False|seed=12,2,False,8,12,NN,102,102,0.023,1.1
blocks=2|exp=seq|k=8|one_way=False|seed=12,2,False,8,12,NN2opt,102,102,0.105,1.1
blocks=2|exp=seq|k=8|one_way=False|seed=12,2,False,8,12,GA,102,102,384.012,20.2
blocks=2|exp=seq|k=8|one_way=False|seed=12,2,False,8,12,ACO,102,102,64.375,8.9
blocks=2|exp=seq|k=8|one_way=False|seed=12,2,False,8,12,ALO,110,102,339.685,28.7
blocks=2|exp=seq|k=8|one_way=False|seed=12,2,False,8,12,Hybrid,102,102,0.457,1.1
blocks=2|exp=seq|k=8|one_way=False|seed=13,2,False,8,13,HeldKarp,80,80,2.215,60.9
blocks=2|exp=seq|k=8|one_way=False|seed=13,2,False,8,13,NN,80,80,0.02,1.1
blocks=2|exp=seq|k=8|one_way=False|seed=13,2,False,8,13,NN2opt,80,80,0.106,1.1
blocks=2|exp=seq|k=8|one_way=False|seed=13,2,False,8,13,GA,80,80,384.375,20.3
blocks=2|exp=seq|k=8|one_way=False|seed=13,2,False,8,13,ACO,80,80,66.645,8.9
blocks=2|exp=seq|k=8|one_way=False|seed=13,2,False,8,13,ALO,80,80,327.365,28.7
blocks=2|exp=seq|k=8|one_way=False|seed=13,2,False,8,13,Hybrid,80,80,0.461,1.1
blocks=2|exp=seq|k=8|one_way=False|seed=14,2,False,8,14,HeldKarp,90,90,2.214,60.9
blocks=2|exp=seq|k=8|one_way=False|seed=14,2,False,8,14,NN,96,90,0.022,1.1
blocks=2|exp=seq|k=8|one_way=False|seed=14,2,False,8,14,NN2opt,90,90,0.186,1.1
blocks=2|exp=seq|k=8|one_way=False|seed=14,2,False,8,14,GA,90,90,373.152,20.2
blocks=2|exp=seq|k=8|one_way=False|seed=14,2,False,8,14,ACO,90,90,66.274,8.9
blocks=2|exp=seq|k=8|one_way=False|seed=14,2,False,8,14,ALO,92,90,322.927,28.6
blocks=2|exp=seq|k=8|one_way=False|seed=14,2,False,8,14,Hybrid,90,90,1.011,1.1
blocks=2|exp=seq|k=8|one_way=False|seed=15,2,False,8,15,HeldKarp,78,78,2.179,60.9
blocks=2|exp=seq|k=8|one_way=False|seed=15,2,False,8,15,NN,96,78,0.021,1.1
blocks=2|exp=seq|k=8|one_way=False|seed=15,2,False,8,15,NN2opt,78,78,0.267,1.1
blocks=2|exp=seq|k=8|one_way=False|seed=15,2,False,8,15,GA,78,78,375.436,20.4
blocks=2|exp=seq|k=8|one_way=False|seed=15,2,False,8,15,ACO,78,78,63.861,8.9
blocks=2|exp=seq|k=8|one_way=False|seed=15,2,False,8,15,ALO,90,78,323.538,28.6
blocks=2|exp=seq|k=8|one_way=False|seed=15,2,False,8,15,Hybrid,78,78,1.232,1.1
blocks=2|exp=seq|k=8|one_way=False|seed=16,2,False,8,16,HeldKarp,88,88,2.209,60.9
blocks=2|exp=seq|k=8|one_way=False|seed=16,2,False,8,16,NN,96,88,0.024,1.1
blocks=2|exp=seq|k=8|one_way=False|seed=16,2,False,8,16,NN2opt,88,88,0.189,1.1
blocks=2|exp=seq|k=8|one_way=False|seed=16,2,False,8,16,GA,88,88,390.211,20.6
blocks=2|exp=seq|k=8|one_way=False|seed=16,2,False,8,16,ACO,88,88,64.884,8.9
blocks=2|exp=seq|k=8|one_way=False|seed=16,2,False,8,16,ALO,92,88,323.284,28.6
blocks=2|exp=seq|k=8|one_way=False|seed=16,2,False,8,16,Hybrid,88,88,0.954,1.1
blocks=2|exp=seq|k=8|one_way=False|seed=17,2,False,8,17,HeldKarp,86,86,2.263,60.9
blocks=2|exp=seq|k=8|one_way=False|seed=17,2,False,8,17,NN,100,86,0.022,1.1
blocks=2|exp=seq|k=8|one_way=False|seed=17,2,False,8,17,NN2opt,88,86,0.195,1.1
blocks=2|exp=seq|k=8|one_way=False|seed=17,2,False,8,17,GA,86,86,376.967,20.2
blocks=2|exp=seq|k=8|one_way=False|seed=17,2,False,8,17,ACO,86,86,64.975,8.8
blocks=2|exp=seq|k=8|one_way=False|seed=17,2,False,8,17,ALO,98,86,326.886,28.7
blocks=2|exp=seq|k=8|one_way=False|seed=17,2,False,8,17,Hybrid,88,86,0.952,1.1
blocks=2|exp=seq|k=8|one_way=False|seed=18,2,False,8,18,HeldKarp,92,92,2.264,60.9
blocks=2|exp=seq|k=8|one_way=False|seed=18,2,False,8,18,NN,92,92,0.025,1.1
blocks=2|exp=seq|k=8|one_way=False|seed=18,2,False,8,18,NN2opt,92,92,0.106,1.1
blocks=2|exp=seq|k=8|one_way=False|seed=18,2,False,8,18,GA,92,92,376.528,20.1
blocks=2|exp=seq|k=8|one_way=False|seed=18,2,False,8,18,ACO,92,92,63.541,8.8
blocks=2|exp=seq|k=8|one_way=False|seed=18,2,False,8,18,ALO,110,92,323.477,28.6
blocks=2|exp=seq|k=8|one_way=False|seed=18,2,False,8,18,Hybrid,92,92,0.458,1.1
blocks=2|exp=seq|k=8|one_way=False|seed=19,2,False,8,19,HeldKarp,94,94,2.161,60.9
blocks=2|exp=seq|k=8|one_way=False|seed=19,2,False,8,19,NN,120,94,0.021,1.1
blocks=2|exp=seq|k=8|one_way=False|seed=19,2,False,8,19,NN2opt,94,94,0.338,1.1
blocks=2|exp=seq|k=8|one_way=False|seed=19,2,False,8,19,GA,94,94,372.043,20.6
blocks=2|exp=seq|k=8|one_way=False|seed=19,2,False,8,19,ACO,94,94,62.961,8.9
blocks=2|exp=seq|k=8|one_way=False|seed=19,2,False,8,19,ALO,94,94,325.858,28.7
blocks=2|exp=seq|k=8|one_way=False|seed=19,2,False,8,19,Hybrid,94,94,1.278,1.1
blocks=2|exp=seq|k=8|one_way=False|seed=20,2,False,8,20,HeldKarp,92,92,2.178,60.9
blocks=2|exp=seq|k=8|one_way=False|seed=20,2,False,8,20,NN,98,92,0.022,1.1
blocks=2|exp=seq|k=8|one_way=False|seed=20,2,False,8,20,NN2opt,92,92,0.184,1.1
blocks=2|exp=seq|k=8|one_way=False|seed=20,2,False,8,20,GA,92,92,380.715,20.5
blocks=2|exp=seq|k=8|one_way=False|seed=20,2,False,8,20,ACO,92,92,65.444,8.9
blocks=2|exp=seq|k=8|one_way=False|seed=20,2,False,8,20,ALO,96,92,327.373,28.7
blocks=2|exp=seq|k=8|one_way=False|seed=20,2,False,8,20,Hybrid,92,92,1.043,1.1
blocks=2|exp=seq|k=8|one_way=False|seed=21,2,False,8,21,HeldKarp,90,90,2.168,60.9
blocks=2|exp=seq|k=8|one_way=False|seed=21,2,False,8,21,NN,102,90,0.022,1.1
blocks=2|exp=seq|k=8|one_way=False|seed=21,2,False,8,21,NN2opt,90,90,0.263,1.1
blocks=2|exp=seq|k=8|one_way=False|seed=21,2,False,8,21,GA,90,90,376.758,20.5
blocks=2|exp=seq|k=8|one_way=False|seed=21,2,False,8,21,ACO,90,90,63.039,8.9
blocks=2|exp=seq|k=8|one_way=False|seed=21,2,False,8,21,ALO,90,90,326.284,28.7
blocks=2|exp=seq|k=8|one_way=False|seed=21,2,False,8,21,Hybrid,90,90,1.23,1.1
blocks=2|exp=seq|k=8|one_way=False|seed=22,2,False,8,22,HeldKarp,90,90,2.197,60.9
blocks=2|exp=seq|k=8|one_way=False|seed=22,2,False,8,22,NN,90,90,0.022,1.1
blocks=2|exp=seq|k=8|one_way=False|seed=22,2,False,8,22,NN2opt,90,90,0.104,1.1
blocks=2|exp=seq|k=8|one_way=False|seed=22,2,False,8,22,GA,90,90,379.083,20.2
blocks=2|exp=seq|k=8|one_way=False|seed=22,2,False,8,22,ACO,90,90,62.818,8.9
blocks=2|exp=seq|k=8|one_way=False|seed=22,2,False,8,22,ALO,104,90,324.913,28.7
blocks=2|exp=seq|k=8|one_way=False|seed=22,2,False,8,22,Hybrid,90,90,0.465,1.1
blocks=2|exp=seq|k=8|one_way=False|seed=23,2,False,8,23,HeldKarp,82,82,2.234,60.9
blocks=2|exp=seq|k=8|one_way=False|seed=23,2,False,8,23,NN,94,82,0.021,1.1
blocks=2|exp=seq|k=8|one_way=False|seed=23,2,False,8,23,NN2opt,82,82,0.184,1.1
blocks=2|exp=seq|k=8|one_way=False|seed=23,2,False,8,23,GA,82,82,374.199,20.4
blocks=2|exp=seq|k=8|one_way=False|seed=23,2,False,8,23,ACO,82,82,63.137,8.9
blocks=2|exp=seq|k=8|one_way=False|seed=23,2,False,8,23,ALO,86,82,324.219,28.6
blocks=2|exp=seq|k=8|one_way=False|seed=23,2,False,8,23,Hybrid,82,82,1.418,1.1
blocks=2|exp=seq|k=8|one_way=False|seed=24,2,False,8,24,HeldKarp,86,86,2.188,60.9
blocks=2|exp=seq|k=8|one_way=False|seed=24,2,False,8,24,NN,94,86,0.022,1.1
blocks=2|exp=seq|k=8|one_way=False|seed=24,2,False,8,24,NN2opt,86,86,0.19,1.1
blocks=2|exp=seq|k=8|one_way=False|seed=24,2,False,8,24,GA,86,86,378.184,20.4
blocks=2|exp=seq|k=8|one_way=False|seed=24,2,False,8,24,ACO,86,86,64.435,8.9
blocks=2|exp=seq|k=8|one_way=False|seed=24,2,False,8,24,ALO,86,86,322.998,28.7
blocks=2|exp=seq|k=8|one_way=False|seed=24,2,False,8,24,Hybrid,86,86,1.052,1.1
blocks=2|exp=seq|k=8|one_way=False|seed=25,2,False,8,25,HeldKarp,110,110,2.197,60.9
blocks=2|exp=seq|k=8|one_way=False|seed=25,2,False,8,25,NN,120,110,0.022,1.1
blocks=2|exp=seq|k=8|one_way=False|seed=25,2,False,8,25,NN2opt,110,110,0.184,1.1
blocks=2|exp=seq|k=8|one_way=False|seed=25,2,False,8,25,GA,110,110,379.606,20.0
blocks=2|exp=seq|k=8|one_way=False|seed=25,2,False,8,25,ACO,110,110,65.808,8.9
blocks=2|exp=seq|k=8|one_way=False|seed=25,2,False,8,25,ALO,112,110,322.104,28.7
blocks=2|exp=seq|k=8|one_way=False|seed=25,2,False,8,25,Hybrid,110,110,1.043,1.1
blocks=2|exp=seq|k=8|one_way=False|seed=26,2,False,8,26,HeldKarp,92,92,2.138,60.9
blocks=2|exp=seq|k=8|one_way=False|seed=26,2,False,8,26,NN,92,92,0.024,1.1
blocks=2|exp=seq|k=8|one_way=False|seed=26,2,False,8,26,NN2opt,92,92,0.103,1.1
blocks=2|exp=seq|k=8|one_way=False|seed=26,2,False,8,26,GA,98,92,373.04,19.9
blocks=2|exp=seq|k=8|one_way=False|seed=26,2,False,8,26,ACO,92,92,64.319,8.9
blocks=2|exp=seq|k=8|one_way=False|seed=26,2,False,8,26,ALO,98,92,322.977,28.7
blocks=2|exp=seq|k=8|one_way=False|seed=26,2,False,8,26,Hybrid,92,92,0.462,1.1
blocks=2|exp=seq|k=8|one_way=False|seed=27,2,False,8,27,HeldKarp,64,64,2.162,60.9
blocks=2|exp=seq|k=8|one_way=False|seed=27,2,False,8,27,NN,68,64,0.02,1.1
blocks=2|exp=seq|k=8|one_way=False|seed=27,2,False,8,27,NN2opt,64,64,0.185,1.1
blocks=2|exp=seq|k=8|one_way=False|seed=27,2,False,8,27,GA,64,64,384.002,20.6
blocks=2|exp=seq|k=8|one_way=False|seed=27,2,False,8,27,ACO,64,64,64.099,8.9
blocks=2|exp=seq|k=8|one_way=False|seed=27,2,False,8,27,ALO,74,64,323.679,28.7
blocks=2|exp=seq|k=8|one_way=False|seed=27,2,False,8,27,Hybrid,64,64,0.944,1.1
blocks=2|exp=seq|k=8|one_way=False|seed=28,2,False,8,28,HeldKarp,100,100,2.248,60.9
blocks=2|exp=seq|k=8|one_way=False|seed=28,2,False,8,28,NN,100,100,0.023,1.1
blocks=2|exp=seq|k=8|one_way=False|seed=28,2,False,8,28,NN2opt,100,100,0.105,1.1
blocks=2|exp=seq|k=8|one_way=False|seed=28,2,False,8,28,GA,100,100,379.112,20.3
blocks=2|exp=seq|k=8|one_way=False|seed=28,2,False,8,28,ACO,100,100,64.535,8.8
blocks=2|exp=seq|k=8|one_way=False|seed=28,2,False,8,28,ALO,100,100,318.752,28.7
blocks=2|exp=seq|k=8|one_way=False|seed=28,2,False,8,28,Hybrid,100,100,0.506,1.1
blocks=2|exp=seq|k=8|one_way=False|seed=29,2,False,8,29,HeldKarp,100,100,2.171,60.9
blocks=2|exp=seq|k=8|one_way=False|seed=29,2,False,8,29,NN,124,100,0.021,1.1
blocks=2|exp=seq|k=8|one_way=False|seed=29,2,False,8,29,NN2opt,100,100,0.187,1.1
blocks=2|exp=seq|k=8|one_way=False|seed=29,2,False,8,29,GA,100,100,379.416,20.3
blocks=2|exp=seq|k=8|one_way=False|seed=29,2,False,8,29,ACO,100,100,64.256,8.9
blocks=2|exp=seq|k=8|one_way=False|seed=29,2,False,8,29,ALO,110,100,320.112,28.6
blocks=2|exp=seq|k=8|one_way=False|seed=29,2,False,8,29,Hybrid,100,100,1.274,1.1
blocks=2|exp=seq|k=10|one_way=False|seed=0,2,False,10,0,HeldKarp,116,116,13.844,286.0
blocks=2|exp=seq|k=10|one_way=False|seed=0,2,False,10,0,NN,116,116,0.029,1.1
blocks=2|exp=seq|k=10|one_way=False|seed=0,2,False,10,0,NN2opt,116,116,0.181,1.1
blocks=2|exp=seq|k=10|one_way=False|seed=0,2,False,10,0,GA,116,116,396.747,27.2
blocks=2|exp=seq|k=10|one_way=False|seed=0,2,False,10,0,ACO,116,116,84.95,11.6
blocks=2|exp=seq|k=10|one_way=False|seed=0,2,False,10,0,ALO,130,116,340.02,34.6
blocks=2|exp=seq|k=10|one_way=False|seed=0,2,False,10,0,Hybrid,116,116,0.814,1.1
blocks=2|exp=seq|k=10|one_way=False|seed=1,2,False,10,1,HeldKarp,104,104,13.764,286.0
blocks=2|exp=seq|k=10|one_way=False|seed=1,2,False,10,1,NN,104,104,0.029,1.1
blocks=2|exp=seq|k=10|one_way=False|seed=1,2,False,10,1,NN2opt,104,104,0.173,1.1
blocks=2|exp=seq|k=10|one_way=False|seed=1,2,False,10,1,GA,108,104,399.844,27.6
blocks=2|exp=seq|k=10|one_way=False|seed=1,2,False,10,1,ACO,104,104,87.274,11.6
blocks=2|exp=seq|k=10|one_way=False|seed=1,2,False,10,1,ALO,126,104,347.879,34.7
blocks=2|exp=seq|k=10|one_way=False|seed=1,2,False,10,1,Hybrid,104,104,0.819,1.1
blocks=2|exp=seq|k=10|one_way=False|seed=2,2,False,10,2,HeldKarp,90,90,13.479,286.0
blocks=2|exp=seq|k=10|one_way=False|seed=2,2,False,10,2,NN,106,90,0.028,1.1
blocks=2|exp=seq|k=10|one_way=False|seed=2,2,False,10,2,NN2opt,90,90,0.452,1.1
blocks=2|exp=seq|k=10|one_way=False|seed=2,2,False,10,2,GA,90,90,400.008,27.4
blocks=2|exp=seq|k=10|one_way=False|seed=2,2,False,10,2,ACO,90,90,86.194,11.6
blocks=2|exp=seq|k=10|one_way=False|seed=2,2,False,10,2,ALO,112,90,337.94,34.6
blocks=2|exp=seq|k=10|one_way=False|seed=2,2,False,10,2,Hybrid,90,90,2.011,1.1
blocks=2|exp=seq|k=10|one_way=False|seed=3,2,False,10,3,HeldKarp,104,104,13.865,286.0
blocks=2|exp=seq|k=10|one_way=False|seed=3,2,False,10,3,NN,110,104,0.028,1.1
blocks=2|exp=seq|k=10|one_way=False|seed=3,2,False,10,3,NN2opt,110,104,0.167,1.1
blocks=2|exp=seq|k=10|one_way=False|seed=3,2,False,10,3,GA,104,104,412.25,27.4
blocks=2|exp=seq|k=10|one_way=False|seed=3,2,False,10,3,ACO,104,104,86.463,11.6
blocks=2|exp=seq|k=10|one_way=False|seed=3,2,False,10,3,ALO,106,104,338.586,34.6
blocks=2|exp=seq|k=10|one_way=False|seed=3,2,False,10,3,Hybrid,104,104,1.727,1.1
blocks=2|exp=seq|k=10|one_way=False|seed=4,2,False,10,4,HeldKarp,100,100,13.53,286.0
blocks=2|exp=seq|k=10|one_way=False|seed=4,2,False,10,4,NN,100,100,0.028,1.1
blocks=2|exp=seq|k=10|one_way=False|seed=4,2,False,10,4,NN2opt,100,100,0.173,1.1
blocks=2|exp=seq|k=10|one_way=False|seed=4,2,False,10,4,GA,100,100,396.268,27.3
blocks=2|exp=seq|k=10|one_way=False|seed=4,2,False,10,4,ACO,100,100,86.648,11.6
blocks=2|exp=seq|k=10|one_way=False|seed=4,2,False,10,4,ALO,134,100,336.021,34.7
blocks=2|exp=seq|k=10|one_way=False|seed=4,2,False,10,4,Hybrid,100,100,0.847,1.1
blocks=2|exp=seq|k=10|one_way=False|seed=5,2,False,10,5,HeldKarp,90,90,14.516,286.4
blocks=2|exp=seq|k=10|one_way=False|seed=5,2,False,10,5,NN,102,90,0.03,1.1
blocks=2|exp=seq|k=10|one_way=False|seed=5,2,False,10,5,NN2opt,90,90,0.318,1.1
blocks=2|exp=seq|k=10|one_way=False|seed=5,2,False,10,5,GA,90,90,408.106,27.5
blocks=2|exp=seq|k=10|one_way=False|seed=5,2,False,10,5,ACO,90,90,87.596,11.6
blocks=2|exp=seq|k=10|one_way=False|seed=5,2,False,10,5,ALO,106,90,356.898,34.6
blocks=2|exp=seq|k=10|one_way=False|seed=5,2,False,10,5,Hybrid,90,90,1.912,1.1
blocks=2|exp=seq|k=10|one_way=False|seed=6,2,False,10,6,HeldKarp,92,92,13.844,286.0
blocks=2|exp=seq|k=10|one_way=False|seed=6,2,False,10,6,NN,104,92,0.029,1.1
blocks=2|exp=seq|k=10|one_way=False|seed=6,2,False,10,6,NN2opt,92,92,0.33,1.1
blocks=2|exp=seq|k=10|one_way=False|seed=6,2,False,10,6,GA,92,92,400.622,27.4
blocks=2|exp=seq|k=10|one_way=False|seed=6,2,False,10,6,ACO,92,92,87.049,11.6
blocks=2|exp=seq|k=10|one_way=False|seed=6,2,False,10,6,ALO,98,92,355.339,34.6
blocks=2|exp=seq|k=10|one_way=False|seed=6,2,False,10,6,Hybrid,102,92,1.637,1.1
blocks=2|exp=seq|k=10|one_way=False|seed=7,2,False,10,7,HeldKarp,110,110,14.411,286.0
blocks=2|exp=seq|k=10|one_way=False|seed=7,2,False,10,7,NN,128,110,0.029,1.1
blocks=2|exp=seq|k=10|one_way=False|seed=7,2,False,10,7,NN2opt,114,110,0.452,1.1
blocks=2|exp=seq|k=10|one_way=False|seed=7,2,False,10,7,GA,114,110,447.647,27.7
blocks=2|exp=seq|k=10|one_way=False|seed=7,2,False,10,7,ACO,110,110,90.665,11.6
blocks=2|exp=seq|k=10|one_way=False|seed=7,2,False,10,7,ALO,124,110,338.537,34.7
blocks=2|exp=seq|k=10|one_way=False|seed=7,2,False,10,7,Hybrid,114,110,2.006,1.1
blocks=2|exp=seq|k=10|one_way=False|seed=8,2,False,10,8,HeldKarp,94,94,14.573,286.0
blocks=2|exp=seq|k=10|one_way=False|seed=8,2,False,10,8,NN,110,94,0.03,1.1
blocks=2|exp=seq|k=10|one_way=False|seed=8,2,False,10,8,NN2opt,94,94,0.602,1.1
blocks=2|exp=seq|k=10|one_way=False|seed=8,2,False,10,8,GA,94,94,407.038,27.5
blocks=2|exp=seq|k=10|one_way=False|seed=8,2,False,10,8,ACO,94,94,88.035,11.6
blocks=2|exp=seq|k=10|one_way=False|seed=8,2,False,10,8,ALO,102,94,335.863,34.7
blocks=2|exp=seq|k=10|one_way=False|seed=8,2,False,10,8,Hybrid,94,94,1.775,1.1
blocks=2|exp=seq|k=10|one_way=False|seed=9,2,False,10,9,HeldKarp,112,112,14.837,286.0
blocks=2|exp=seq|k=10|one_way=False|seed=9,2,False,10,9,NN,130,112,0.029,1.1
blocks=2|exp=seq|k=10|one_way=False|seed=9,2,False,10,9,NN2opt,112,112,0.452,1.1
blocks=2|exp=seq|k=10|one_way=False|seed=9,2,False,10,9,GA,112,112,410.244,27.2
blocks=2|exp=seq|k=10|one_way=False|seed=9,2,False,10,9,ACO,112,112,86.53,11.6
blocks=2|exp=seq|k=10|one_way=False|seed=9,2,False,10,9,ALO,136,112,336.084,34.6
blocks=2|exp=seq|k=10|one_way=False|seed=9,2,False,10,9,Hybrid,112,112,2.469,1.1
blocks=2|exp=seq|k=10|one_way=False|seed=10,2,False,10,10,HeldKarp,96,96,14.173,286.0
blocks=2|exp=seq|k=10|one_way=False|seed=10,2,False,10,10,NN,104,96,0.029,1.1
blocks=2|exp=seq|k=10|one_way=False|seed=10,2,False,10,10,NN2opt,98,96,0.453,1.1
blocks=2|exp=seq|k=10|one_way=False|seed=10,2,False,10,10,GA,98,96,396.937,27.7
blocks=2|exp=seq|k=10|one_way=False|seed=10,2,False,10,10,ACO,98,96,88.411,11.6
blocks=2|exp=seq|k=10|one_way=False|seed=10,2,False,10,10,ALO,100,96,333.172,34.7
blocks=2|exp=seq|k=10|one_way=False|seed=10,2,False,10,10,Hybrid,96,96,1.745,1.1
blocks=2|exp=seq|k=10|one_way=False|seed=11,2,False,10,11,HeldKarp,92,92,13.958,286.0
blocks=2|exp=seq|k=10|one_way=False|seed=11,2,False,10,11,NN,98,92,0.03,1.1
blocks=2|exp=seq|k=10|one_way=False|seed=11,2,False,10,11,NN2opt,92,92,0.313,1.1
blocks=2|exp=seq|k=10|one_way=False|seed=11,2,False,10,11,GA,98,92,402.559,27.3
blocks=2|exp=seq|k=10|one_way=False|seed=11,2,False,10,11,ACO,92,92,94.275,11.6
blocks=2|exp=seq|k=10|one_way=False|seed=11,2,False,10,11,ALO,104,92,337.149,34.8
blocks=2|exp=seq|k=10|one_way=False|seed=11,2,False,10,11,Hybrid,92,92,1.631,1.1
blocks=2|exp=seq|k=10|one_way=False|seed=12,2,False,10,12,HeldKarp,90,90,13.51,286.0
blocks=2|exp=seq|k=10|one_way=False|seed=12,2,False,10,12,NN,94,90,0.029,1.1
blocks=2|exp=seq|k=10|one_way=False|seed=12,2,False,10,12,NN2opt,90,90,0.323,1.1
blocks=2|exp=seq|k=10|one_way=False|seed=12,2,False,10,12,GA,90,90,404.793,27.5
blocks=2|exp=seq|k=10|one_way=False|seed=12,2,False,10,12,ACO,90,90,83.209,11.6
blocks=2|exp=seq|k=10|one_way=False|seed=12,2,False,10,12,ALO,106,90,337.28,34.6
blocks=2|exp=seq|k=10|one_way=False|seed=12,2,False,10,12,Hybrid,90,90,1.692,1.1
blocks=2|exp=seq|k=10|one_way=False|seed=13,2,False,10,13,HeldKarp,102,102,13.509,286.0
blocks=2|exp=seq|k=10|one_way=False|seed=13,2,False,10,13,NN,116,102,0.03,1.1
blocks=2|exp=seq|k=10|one_way=False|seed=13,2,False,10,13,NN2opt,106,102,0.311,1.1
blocks=2|exp=seq|k=10|one_way=False|seed=13,2,False,10,13,GA,102,102,402.464,27.7
blocks=2|exp=seq|k=10|one_way=False|seed=13,2,False,10,13,ACO,102,102,86.827,11.6
blocks=2|exp=seq|k=10|one_way=False|seed=13,2,False,10,13,ALO,108,102,332.348,34.7
blocks=2|exp=seq|k=10|one_way=False|seed=13,2,False,10,13,Hybrid,102,102,1.765,1.1
blocks=2|exp=seq|k=10|one_way=False|seed=14,2,False,10,14,HeldKarp,102,102,13.835,286.0
blocks=2|exp=seq|k=10|one_way=False|seed=14,2,False,10,14,NN,130,102,0.031,1.1
blocks=2|exp=seq|k=10|one_way=False|seed=14,2,False,10,14,NN2opt,102,102,0.32,1.1
blocks=2|exp=seq|k=10|one_way=False|seed=14,2,False,10,14,GA,102,102,424.972,27.2
blocks=2|exp=seq|k=10|one_way=False|seed=14,2,False,10,14,ACO,102,102,85.351,11.6
blocks=2|exp=seq|k=10|one_way=False|seed=14,2,False,10,14,ALO,116,102,350.844,34.6
blocks=2|exp=seq|k=10|one_way=False|seed=14,2,False,10,14,Hybrid,102,102,2.692,1.1
blocks=2|exp=seq|k=10|one_way=False|seed=16,2,False,10,16,HeldKarp,96,96,13.948,286.0
blocks=2|exp=seq|k=10|one_way=False|seed=16,2,False,10,16,NN,96,96,0.03,1.1
blocks=2|exp=seq|k=10|one_way=False|seed=16,2,False,10,16,NN2opt,96,96,0.173,1.1
blocks=2|exp=seq|k=10|one_way=False|seed=16,2,False,10,16,GA,96,96,418.56,27.8
blocks=2|exp=seq|k=10|one_way=False|seed=16,2,False,10,16,ACO,96,96,84.574,11.6
blocks=2|exp=seq|k=10|one_way=False|seed=16,2,False,10,16,ALO,110,96,352.747,34.6
blocks=2|exp=seq|k=10|one_way=False|seed=16,2,False,10,16,Hybrid,96,96,0.812,1.1
blocks=2|exp=seq|k=10|one_way=False|seed=15,2,False,10,15,HeldKarp,116,116,14.287,286.0
blocks=2|exp=seq|k=10|one_way=False|seed=15,2,False,10,15,NN,140,116,0.03,1.1
blocks=2|exp=seq|k=10|one_way=False|seed=15,2,False,10,15,NN2opt,116,116,0.745,1.1
blocks=2|exp=seq|k=10|one_way=False|seed=15,2,False,10,15,GA,116,116,415.495,27.5
blocks=2|exp=seq|k=10|one_way=False|seed=15,2,False,10,15,ACO,116,116,87.143,11.6
blocks=2|exp=seq|k=10|one_way=False|seed=15,2,False,10,15,ALO,134,116,381.135,34.7
blocks=2|exp=seq|k=10|one_way=False|seed=15,2,False,10,15,Hybrid,116,116,2.331,1.1
blocks=2|exp=seq|k=10|one_way=False|seed=17,2,False,10,17,HeldKarp,96,96,13.388,286.0
blocks=2|exp=seq|k=10|one_way=False|seed=17,2,False,10,17,NN,98,96,0.029,1.1
blocks=2|exp=seq|k=10|one_way=False|seed=17,2,False,10,17,NN2opt,96,96,0.308,1.1
blocks=2|exp=seq|k=10|one_way=False|seed=17,2,False,10,17,GA,96,96,395.277,27.4
blocks=2|exp=seq|k=10|one_way=False|seed=17,2,False,10,17,ACO,96,96,85.751,11.6
blocks=2|exp=seq|k=10|one_way=False|seed=17,2,False,10,17,ALO,96,96,334.821,34.7
blocks=2|exp=seq|k=10|one_way=False|seed=17,2,False,10,17,Hybrid,96,96,1.641,1.1
blocks=2|exp=seq|k=10|one_way=False|seed=18,2,False,10,18,HeldKarp,88,88,13.392,286.0
blocks=2|exp=seq|k=10|one_way=False|seed=18,2,False,10,18,NN,106,88,0.029,1.1
blocks=2|exp=seq|k=10|one_way=False|seed=18,2,False,10,18,NN2opt,98,88,0.31,1.1
blocks=2|exp=seq|k=10|one_way=False|seed=18,2,False,10,18,GA,88,88,395.564,27.8
blocks=2|exp=seq|k=10|one_way=False|seed=18,2,False,10,18,ACO,88,88,87.555,11.6
blocks=2|exp=seq|k=10|one_way=False|seed=18,2,False,10,18,ALO,98,88,339.043,34.7
blocks=2|exp=seq|k=10|one_way=False|seed=18,2,False,10,18,Hybrid,98,88,1.972,1.1
blocks=2|exp=seq|k=10|one_way=False|seed=19,2,False,10,19,HeldKarp,94,94,13.601,286.0
blocks=2|exp=seq|k=10|one_way=False|seed=19,2,False,10,19,NN,94,94,0.029,1.1
blocks=2|exp=seq|k=10|one_way=False|seed=19,2,False,10,19,NN2opt,94,94,0.174,1.1
blocks=2|exp=seq|k=10|one_way=False|seed=19,2,False,10,19,GA,94,94,406.627,27.3
blocks=2|exp=seq|k=10|one_way=False|seed=19,2,False,10,19,ACO,94,94,86.725,11.6
blocks=2|exp=seq|k=10|one_way=False|seed=19,2,False,10,19,ALO,94,94,334.643,34.6
blocks=2|exp=seq|k=10|one_way=False|seed=19,2,False,10,19,Hybrid,94,94,0.813,1.1
blocks=2|exp=seq|k=10|one_way=False|seed=20,2,False,10,20,HeldKarp,98,98,13.881,286.0
blocks=2|exp=seq|k=10|one_way=False|seed=20,2,False,10,20,NN,108,98,0.031,1.1
blocks=2|exp=seq|k=10|one_way=False|seed=20,2,False,10,20,NN2opt,98,98,0.323,1.1
blocks=2|exp=seq|k=10|one_way=False|seed=20,2,False,10,20,GA,102,98,406.975,27.8
blocks=2|exp=seq|k=10|one_way=False|seed=20,2,False,10,20,ACO,98,98,85.976,11.6
blocks=2|exp=seq|k=10|one_way=False|seed=20,2,False,10,20,ALO,114,98,336.777,36.9
blocks=2|exp=seq|k=10|one_way=False|seed=20,2,False,10,20,Hybrid,104,98,2.505,1.1
blocks=2|exp=seq|k=10|one_way=False|seed=21,2,False,10,21,HeldKarp,112,112,13.487,286.0
blocks=2|exp=seq|k=10|one_way=False|seed=21,2,False,10,21,NN,118,112,0.029,1.1
blocks=2|exp=seq|k=10|one_way=False|seed=21,2,False,10,21,NN2opt,112,112,0.31,1.1
blocks=2|exp=seq|k=10|one_way=False|seed=21,2,False,10,21,GA,118,112,410.358,27.5
blocks=2|exp=seq|k=10|one_way=False|seed=21,2,False,10,21,ACO,112,112,86.751,11.6
blocks=2|exp=seq|k=10|one_way=False|seed=21,2,False,10,21,ALO,118,112,350.263,34.6
blocks=2|exp=seq|k=10|one_way=False|seed=21,2,False,10,21,Hybrid,112,112,1.726,1.1
blocks=2|exp=seq|k=10|one_way=False|seed=23,2,False,10,23,HeldKarp,98,98,13.455,286.0
blocks=2|exp=seq|k=10|one_way=False|seed=23,2,False,10,23,NN,116,98,0.029,1.1
blocks=2|exp=seq|k=10|one_way=False|seed=23,2,False,10,23,NN2opt,98,98,0.45,1.1
blocks=2|exp=seq|k=10|one_way=False|seed=23,2,False,10,23,GA,98,98,412.223,27.5
blocks=2|exp=seq|k=10|one_way=False|seed=23,2,False,10,23,ACO,98,98,87.538,11.6
blocks=2|exp=seq|k=10|one_way=False|seed=23,2,False,10,23,ALO,114,98,342.862,34.7
blocks=2|exp=seq|k=10|one_way=False|seed=23,2,False,10,23,Hybrid,104,98,1.908,1.1
blocks=2|exp=seq|k=10|one_way=False|seed=22,2,False,10,22,HeldKarp,92,92,13.391,286.0
blocks=2|exp=seq|k=10|one_way=False|seed=22,2,False,10,22,NN,94,92,0.028,1.1
blocks=2|exp=seq|k=10|one_way=False|seed=22,2,False,10,22,NN2opt,92,92,0.322,1.1
blocks=2|exp=seq|k=10|one_way=False|seed=22,2,False,10,22,GA,92,92,417.582,27.2
blocks=2|exp=seq|k=10|one_way=False|seed=22,2,False,10,22,ACO,92,92,86.026,11.6
blocks=2|exp=seq|k=10|one_way=False|seed=22,2,False,10,22,ALO,108,92,346.681,34.6
blocks=2|exp=seq|k=10|one_way=False|seed=22,2,False,10,22,Hybrid,92,92,1.577,1.1
blocks=2|exp=seq|k=10|one_way=False|seed=24,2,False,10,24,HeldKarp,96,96,14.324,286.0
blocks=2|exp=seq|k=10|one_way=False|seed=24,2,False,10,24,NN,110,96,0.029,1.1
blocks=2|exp=seq|k=10|one_way=False|seed=24,2,False,10,24,NN2opt,96,96,0.32,1.1
blocks=2|exp=seq|k=10|one_way=False|seed=24,2,False,10,24,GA,102,96,411.172,27.2
blocks=2|exp=seq|k=10|one_way=False|seed=24,2,False,10,24,ACO,96,96,88.424,11.6
blocks=2|exp=seq|k=10|one_way=False|seed=24,2,False,10,24,ALO,100,96,339.076,37.6
blocks=2|exp=seq|k=10|one_way=False|seed=24,2,False,10,24,Hybrid,96,96,1.878,1.1
blocks=2|exp=seq|k=10|one_way=False|seed=25,2,False,10,25,HeldKarp,116,116,13.386,286.0
blocks=2|exp=seq|k=10|one_way=False|seed=25,2,False,10,25,NN,136,116,0.028,1.1
blocks=2|exp=seq|k=10|one_way=False|seed=25,2,False,10,25,NN2opt,116,116,0.728,1.1
blocks=2|exp=seq|k=10|one_way=False|seed=25,2,False,10,25,GA,116,116,405.673,27.3
blocks=2|exp=seq|k=10|one_way=False|seed=25,2,False,10,25,ACO,116,116,88.002,11.6
blocks=2|exp=seq|k=10|one_way=False|seed=25,2,False,10,25,ALO,130,116,339.798,34.7
blocks=2|exp=seq|k=10|one_way=False|seed=25,2,False,10,25,Hybrid,116,116,2.579,1.1
blocks=2|exp=seq|k=10|one_way=False|seed=26,2,False,10,26,HeldKarp,96,96,16.431,286.0
blocks=2|exp=seq|k=10|one_way=False|seed=26,2,False,10,26,NN,114,96,0.031,1.1
blocks=2|exp=seq|k=10|one_way=False|seed=26,2,False,10,26,NN2opt,100,96,0.448,1.1
blocks=2|exp=seq|k=10|one_way=False|seed=26,2,False,10,26,GA,96,96,411.511,27.4
blocks=2|exp=seq|k=10|one_way=False|seed=26,2,False,10,26,ACO,96,96,86.751,11.6
blocks=2|exp=seq|k=10|one_way=False|seed=26,2,False,10,26,ALO,118,96,337.21,34.7
blocks=2|exp=seq|k=10|one_way=False|seed=26,2,False,10,26,Hybrid,96,96,2.027,1.1
blocks=2|exp=seq|k=10|one_way=False|seed=27,2,False,10,27,HeldKarp,94,94,13.731,286.0
blocks=2|exp=seq|k=10|one_way=False|seed=27,2,False,10,27,NN,94,94,0.03,1.1
blocks=2|exp=seq|k=10|one_way=False|seed=27,2,False,10,27,NN2opt,94,94,0.175,1.1
blocks=2|exp=seq|k=10|one_way=False|seed=27,2,False,10,27,GA,94,94,409.442,27.2
blocks=2|exp=seq|k=10|one_way=False|seed=27,2,False,10,27,ACO,94,94,85.368,11.6
blocks=2|exp=seq|k=10|one_way=False|seed=27,2,False,10,27,ALO,96,94,340.632,34.7
blocks=2|exp=seq|k=10|one_way=False|seed=27,2,False,10,27,Hybrid,94,94,0.83,1.1
blocks=2|exp=seq|k=10|one_way=False|seed=28,2,False,10,28,HeldKarp,94,94,13.391,286.0
blocks=2|exp=seq|k=10|one_way=False|seed=28,2,False,10,28,NN,96,94,0.03,1.1
blocks=2|exp=seq|k=10|one_way=False|seed=28,2,False,10,28,NN2opt,94,94,0.318,1.1
blocks=2|exp=seq|k=10|one_way=False|seed=28,2,False,10,28,GA,94,94,401.142,27.5
blocks=2|exp=seq|k=10|one_way=False|seed=28,2,False,10,28,ACO,94,94,86.182,11.6
blocks=2|exp=seq|k=10|one_way=False|seed=28,2,False,10,28,ALO,116,94,351.933,34.6
blocks=2|exp=seq|k=10|one_way=False|seed=28,2,False,10,28,Hybrid,94,94,1.715,1.1
blocks=2|exp=seq|k=10|one_way=False|seed=29,2,False,10,29,HeldKarp,96,96,13.394,286.0
blocks=2|exp=seq|k=10|one_way=False|seed=29,2,False,10,29,NN,108,96,0.027,1.1
blocks=2|exp=seq|k=10|one_way=False|seed=29,2,False,10,29,NN2opt,96,96,0.313,1.1
blocks=2|exp=seq|k=10|one_way=False|seed=29,2,False,10,29,GA,102,96,401.858,27.2
blocks=2|exp=seq|k=10|one_way=False|seed=29,2,False,10,29,ACO,96,96,86.813,11.6
blocks=2|exp=seq|k=10|one_way=False|seed=29,2,False,10,29,ALO,100,96,343.726,34.7
blocks=2|exp=seq|k=10|one_way=False|seed=29,2,False,10,29,Hybrid,96,96,1.878,1.1
blocks=2|exp=seq|k=12|one_way=False|seed=0,2,False,12,0,HeldKarp,90,90,76.807,1277.3
blocks=2|exp=seq|k=12|one_way=False|seed=0,2,False,12,0,NN,100,90,0.038,1.1
blocks=2|exp=seq|k=12|one_way=False|seed=0,2,False,12,0,NN2opt,100,90,0.258,1.1
blocks=2|exp=seq|k=12|one_way=False|seed=0,2,False,12,0,GA,98,90,426.646,27.4
blocks=2|exp=seq|k=12|one_way=False|seed=0,2,False,12,0,ACO,90,90,117.271,14.7
blocks=2|exp=seq|k=12|one_way=False|seed=0,2,False,12,0,ALO,108,90,350.682,40.9
blocks=2|exp=seq|k=12|one_way=False|seed=0,2,False,12,0,Hybrid,90,90,3.565,1.1
blocks=2|exp=seq|k=12|one_way=False|seed=1,2,False,12,1,HeldKarp,84,84,78.211,1277.3
blocks=2|exp=seq|k=12|one_way=False|seed=1,2,False,12,1,NN,106,84,0.037,1.1
blocks=2|exp=seq|k=12|one_way=False|seed=1,2,False,12,1,NN2opt,88,84,0.696,1.1
blocks=2|exp=seq|k=12|one_way=False|seed=1,2,False,12,1,GA,84,84,435.285,27.3
blocks=2|exp=seq|k=12|one_way=False|seed=1,2,False,12,1,ACO,84,84,113.895,14.7
blocks=2|exp=seq|k=12|one_way=False|seed=1,2,False,12,1,ALO,90,84,352.38,41.2
blocks=2|exp=seq|k=12|one_way=False|seed=1,2,False,12,1,Hybrid,86,84,4.847,1.1
blocks=2|exp=seq|k=12|one_way=False|seed=2,2,False,12,2,HeldKarp,112,112,76.309,1277.3
blocks=2|exp=seq|k=12|one_way=False|seed=2,2,False,12,2,NN,114,112,0.038,1.1
blocks=2|exp=seq|k=12|one_way=False|seed=2,2,False,12,2,NN2opt,112,112,0.493,1.1
blocks=2|exp=seq|k=12|one_way=False|seed=2,2,False,12,2,GA,120,112,444.874,27.7
blocks=2|exp=seq|k=12|one_way=False|seed=2,2,False,12,2,ACO,114,112,111.773,14.8
blocks=2|exp=seq|k=12|one_way=False|seed=2,2,False,12,2,ALO,132,112,347.891,40.7
blocks=2|exp=seq|k=12|one_way=False|seed=2,2,False,12,2,Hybrid,112,112,2.673,1.1
blocks=2|exp=seq|k=12|one_way=False|seed=3,2,False,12,3,HeldKarp,116,116,78.104,1277.3
blocks=2|exp=seq|k=12|one_way=False|seed=3,2,False,12,3,NN,120,116,0.038,1.1
blocks=2|exp=seq|k=12|one_way=False|seed=3,2,False,12,3,NN2opt,120,116,0.258,1.1
blocks=2|exp=seq|k=12|one_way=False|seed=3,2,False,12,3,GA,116,116,439.068,28.1
blocks=2|exp=seq|k=12|one_way=False|seed=3,2,False,12,3,ACO,116,116,113.049,14.7
blocks=2|exp=seq|k=12|one_way=False|seed=3,2,False,12,3,ALO,152,116,348.189,40.6
blocks=2|exp=seq|k=12|one_way=False|seed=3,2,False,12,3,Hybrid,116,116,3.136,1.1
blocks=2|exp=seq|k=12|one_way=False|seed=4,2,False,12,4,HeldKarp,110,110,90.668,1277.3
blocks=2|exp=seq|k=12|one_way=False|seed=4,2,False,12,4,NN,110,110,0.036,1.1
blocks=2|exp=seq|k=12|one_way=False|seed=4,2,False,12,4,NN2opt,110,110,0.265,1.1
blocks=2|exp=seq|k=12|one_way=False|seed=4,2,False,12,4,GA,116,110,430.73,27.6
blocks=2|exp=seq|k=12|one_way=False|seed=4,2,False,12,4,ACO,110,110,113.853,14.7
blocks=2|exp=seq|k=12|one_way=False|seed=4,2,False,12,4,ALO,136,110,348.07,40.7
blocks=2|exp=seq|k=12|one_way=False|seed=4,2,False,12,4,Hybrid,110,110,1.301,1.1
blocks=2|exp=seq|k=12|one_way=False|seed=5,2,False,12,5,HeldKarp,104,104,86.171,1277.3
blocks=2|exp=seq|k=12|one_way=False|seed=5,2,False,12,5,NN,114,104,0.039,1.1
blocks=2|exp=seq|k=12|one_way=False|seed=5,2,False,12,5,NN2opt,106,104,0.477,1.1
blocks=2|exp=seq|k=12|one_way=False|seed=5,2,False,12,5,GA,104,104,421.24,27.7
blocks=2|exp=seq|k=12|one_way=False|seed=5,2,False,12,5,ACO,106,104,113.01,14.8
blocks=2|exp=seq|k=12|one_way=False|seed=5,2,False,12,5,ALO,128,104,351.409,40.7
blocks=2|exp=seq|k=12|one_way=False|seed=5,2,False,12,5,Hybrid,106,104,2.86,1.1
blocks=2|exp=seq|k=12|one_way=False|seed=6,2,False,12,6,HeldKarp,108,108,86.11,1277.3
blocks=2|exp=seq|k=12|one_way=False|seed=6,2,False,12,6,NN,116,108,0.039,1.1
blocks=2|exp=seq|k=12|one_way=False|seed=6,2,False,12,6,NN2opt,108,108,0.969,1.1
blocks=2|exp=seq|k=12|one_way=False|seed=6,2,False,12,6,GA,108,108,422.12,27.5
blocks=2|exp=seq|k=12|one_way=False|seed=6,2,False,12,6,ACO,108,108,113.987,14.8
blocks=2|exp=seq|k=12|one_way=False|seed=6,2,False,12,6,ALO,148,108,350.737,40.7
blocks=2|exp=seq|k=12|one_way=False|seed=6,2,False,12,6,Hybrid,108,108,3.65,1.1
blocks=2|exp=seq|k=12|one_way=False|seed=7,2,False,12,7,HeldKarp,112,112,76.959,1277.3
blocks=2|exp=seq|k=12|one_way=False|seed=7,2,False,12,7,NN,116,112,0.039,1.1
blocks=2|exp=seq|k=12|one_way=False|seed=7,2,False,12,7,NN2opt,116,112,0.269,1.1
blocks=2|exp=seq|k=12|one_way=False|seed=7,2,False,12,7,GA,112,112,427.352,27.9
blocks=2|exp=seq|k=12|one_way=False|seed=7,2,False,12,7,ACO,112,112,112.995,14.7
blocks=2|exp=seq|k=12|one_way=False|seed=7,2,False,12,7,ALO,116,112,350.378,40.6
blocks=2|exp=seq|k=12|one_way=False|seed=7,2,False,12,7,Hybrid,116,112,1.31,1.1
blocks=2|exp=seq|k=12|one_way=False|seed=8,2,False,12,8,HeldKarp,116,116,78.786,1277.3
blocks=2|exp=seq|k=12|one_way=False|seed=8,2,False,12,8,NN,122,116,0.038,1.1
blocks=2|exp=seq|k=12|one_way=False|seed=8,2,False,12,8,NN2opt,122,116,0.256,1.1
blocks=2|exp=seq|k=12|one_way=False|seed=8,2,False,12,8,GA,116,116,426.669,27.9
blocks=2|exp=seq|k=12|one_way=False|seed=8,2,False,12,8,ACO,116,116,110.392,14.8
blocks=2|exp=seq|k=12|one_way=False|seed=8,2,False,12,8,ALO,126,116,346.354,40.7
blocks=2|exp=seq|k=12|one_way=False|seed=8,2,False,12,8,Hybrid,122,116,1.338,1.1
blocks=2|exp=seq|k=12|one_way=False|seed=9,2,False,12,9,HeldKarp,110,110,78.945,1277.3
blocks=2|exp=seq|k=12|one_way=False|seed=9,2,False,12,9,NN,112,110,0.039,1.1
blocks=2|exp=seq|k=12|one_way=False|seed=9,2,False,12,9,NN2opt,110,110,0.487,1.1
blocks=2|exp=seq|k=12|one_way=False|seed=9,2,False,12,9,GA,112,110,428.717,27.3
blocks=2|exp=seq|k=12|one_way=False|seed=9,2,False,12,9,ACO,110,110,110.832,14.7
blocks=2|exp=seq|k=12|one_way=False|seed=9,2,False,12,9,ALO,118,110,346.503,40.7
blocks=2|exp=seq|k=12|one_way=False|seed=9,2,False,12,9,Hybrid,110,110,3.701,1.1
blocks=2|exp=seq|k=12|one_way=False|seed=10,2,False,12,10,HeldKarp,110,110,75.751,1277.3
blocks=2|exp=seq|k=12|one_way=False|seed=10,2,False,12,10,NN,120,110,0.038,1.1
blocks=2|exp=seq|k=12|one_way=False|seed=10,2,False,12,10,NN2opt,120,110,0.256,1.1
blocks=2|exp=seq|k=12|one_way=False|seed=10,2,False,12,10,GA,110,110,431.52,27.7
blocks=2|exp=seq|k=12|one_way=False|seed=10,2,False,12,10,ACO,110,110,111.862,14.7
blocks=2|exp=seq|k=12|one_way=False|seed=10,2,False,12,10,ALO,122,110,344.455,40.7
blocks=2|exp=seq|k=12|one_way=False|seed=10,2,False,12,10,Hybrid,110,110,2.835,1.1
blocks=2|exp=seq|k=12|one_way=False|seed=11,2,False,12,11,HeldKarp,106,106,76.578,1277.3
blocks=2|exp=seq|k=12|one_way=False|seed=11,2,False,12,11,NN,118,106,0.039,1.1
blocks=2|exp=seq|k=12|one_way=False|seed=11,2,False,12,11,NN2opt,106,106,0.72,1.1
blocks=2|exp=seq|k=12|one_way=False|seed=11,2,False,12,11,GA,110,106,428.217,27.7
blocks=2|exp=seq|k=12|one_way=False|seed=11,2,False,12,11,ACO,106,106,112.651,14.8
blocks=2|exp=seq|k=12|one_way=False|seed=11,2,False,12,11,ALO,146,106,345.735,40.7
blocks=2|exp=seq|k=12|one_way=False|seed=11,2,False,12,11,Hybrid,106,106,3.167,1.1
blocks=2|exp=seq|k=12|one_way=False|seed=13,2,False,12,13,HeldKarp,82,82,79.761,1277.3
blocks=2|exp=seq|k=12|one_way=False|seed=13,2,False,12,13,NN,84,82,0.037,1.1
blocks=2|exp=seq|k=12|one_way=False|seed=13,2,False,12,13,NN2opt,84,82,0.27,1.1
blocks=2|exp=seq|k=12|one_way=False|seed=13,2,False,12,13,GA,82,82,424.641,27.6
blocks=2|exp=seq|k=12|one_way=False|seed=13,2,False,12,13,ACO,82,82,112.661,14.7
blocks=2|exp=seq|k=12|one_way=False|seed=13,2,False,12,13,ALO,86,82,367.862,40.7
blocks=2|exp=seq|k=12|one_way=False|seed=13,2,False,12,13,Hybrid,84,82,1.31,1.1
blocks=2|exp=seq|k=12|one_way=False|seed=12,2,False,12,12,HeldKarp,110,110,81.101,1277.3
blocks=2|exp=seq|k=12|one_way=False|seed=12,2,False,12,12,NN,126,110,0.037,1.1
blocks=2|exp=seq|k=12|one_way=False|seed=12,2,False,12,12,NN2opt,110,110,0.921,1.1
blocks=2|exp=seq|k=12|one_way=False|seed=12,2,False,12,12,GA,116,110,429.252,27.7
blocks=2|exp=seq|k=12|one_way=False|seed=12,2,False,12,12,ACO,110,110,111.626,14.7
blocks=2|exp=seq|k=12|one_way=False|seed=12,2,False,12,12,ALO,152,110,385.414,40.6
blocks=2|exp=seq|k=12|one_way=False|seed=12,2,False,12,12,Hybrid,118,110,2.843,1.1
blocks=2|exp=seq|k=12|one_way=False|seed=14,2,False,12,14,HeldKarp,102,102,78.996,1277.3
blocks=2|exp=seq|k=12|one_way=False|seed=14,2,False,12,14,NN,102,102,0.038,1.1
blocks=2|exp=seq|k=12|one_way=False|seed=14,2,False,12,14,NN2opt,102,102,0.28,1.1
blocks=2|exp=seq|k=12|one_way=False|seed=14,2,False,12,14,GA,102,102,428.166,27.5
blocks=2|exp=seq|k=12|one_way=False|seed=14,2,False,12,14,ACO,102,102,118.076,14.7
blocks=2|exp=seq|k=12|one_way=False|seed=14,2,False,12,14,ALO,132,102,355.125,40.6
blocks=2|exp=seq|k=12|one_way=False|seed=14,2,False,12,14,Hybrid,102,102,1.307,1.1
blocks=2|exp=seq|k=12|one_way=False|seed=15,2,False,12,15,HeldKarp,114,114,76.983,1277.3
blocks=2|exp=seq|k=12|one_way=False|seed=15,2,False,12,15,NN,114,114,0.039,1.1
blocks=2|exp=seq|k=12|one_way=False|seed=15,2,False,12,15,NN2opt,114,114,0.265,1.1
blocks=2|exp=seq|k=12|one_way=False|seed=15,2,False,12,15,GA,114,114,457.008,27.5
blocks=2|exp=seq|k=12|one_way=False|seed=15,2,False,12,15,ACO,114,114,111.95,14.8
blocks=2|exp=seq|k=12|one_way=False|seed=15,2,False,12,15,ALO,140,114,354.754,40.7
blocks=2|exp=seq|k=12|one_way=False|seed=15,2,False,12,15,Hybrid,114,114,1.319,1.1
blocks=2|exp=seq|k=12|one_way=False|seed=16,2,False,12,16,HeldKarp,110,110,86.7,1277.3
blocks=2|exp=seq|k=12|one_way=False|seed=16,2,False,12,16,NN,118,110,0.038,1.1
blocks=2|exp=seq|k=12|one_way=False|seed=16,2,False,12,16,NN2opt,110,110,0.514,1.1
blocks=2|exp=seq|k=12|one_way=False|seed=16,2,False,12,16,GA,110,110,449.546,27.8
blocks=2|exp=seq|k=12|one_way=False|seed=16,2,False,12,16,ACO,110,110,110.804,14.7
blocks=2|exp=seq|k=12|one_way=False|seed=16,2,False,12,16,ALO,130,110,371.619,40.9
blocks=2|exp=seq|k=12|one_way=False|seed=16,2,False,12,16,Hybrid,110,110,2.695,1.1
blocks=2|exp=seq|k=12|one_way=False|seed=17,2,False,12,17,HeldKarp,104,104,81.767,1277.3
blocks=2|exp=seq|k=12|one_way=False|seed=17,2,False,12,17,NN,116,104,0.037,1.1
blocks=2|exp=seq|k=12|one_way=False|seed=17,2,False,12,17,NN2opt,110,104,0.704,1.1
blocks=2|exp=seq|k=12|one_way=False|seed=17,2,False,12,17,GA,104,104,432.258,27.5
blocks=2|exp=seq|k=12|one_way=False|seed=17,2,False,12,17,ACO,104,104,113.293,14.7
blocks=2|exp=seq|k=12|one_way=False|seed=17,2,False,12,17,ALO,146,104,347.262,40.7
blocks=2|exp=seq|k=12|one_way=False|seed=17,2,False,12,17,Hybrid,104,104,3.987,1.1
blocks=2|exp=seq|k=12|one_way=False|seed=18,2,False,12,18,HeldKarp,122,122,83.259,1277.3
blocks=2|exp=seq|k=12|one_way=False|seed=18,2,False,12,18,NN,142,122,0.037,1.1
blocks=2|exp=seq|k=12|one_way=False|seed=18,2,False,12,18,NN2opt,124,122,0.911,1.1
blocks=2|exp=seq|k=12|one_way=False|seed=18,2,False,12,18,GA,124,122,430.025,27.7
blocks=2|exp=seq|k=12|one_way=False|seed=18,2,False,12,18,ACO,122,122,109.367,14.7
blocks=2|exp=seq|k=12|one_way=False|seed=18,2,False,12,18,ALO,124,122,347.041,41.0
blocks=2|exp=seq|k=12|one_way=False|seed=18,2,False,12,18,Hybrid,122,122,3.632,1.1
blocks=2|exp=seq|k=12|one_way=False|seed=19,2,False,12,19,HeldKarp,102,102,78.339,1277.3
blocks=2|exp=seq|k=12|one_way=False|seed=19,2,False,12,19,NN,102,102,0.037,1.1
blocks=2|exp=seq|k=12|one_way=False|seed=19,2,False,12,19,NN2opt,102,102,0.253,1.1
blocks=2|exp=seq|k=12|one_way=False|seed=19,2,False,12,19,GA,102,102,424.547,28.0
blocks=2|exp=seq|k=12|one_way=False|seed=19,2,False,12,19,ACO,102,102,111.108,14.8
blocks=2|exp=seq|k=12|one_way=False|seed=19,2,False,12,19,ALO,118,102,360.768,40.7
blocks=2|exp=seq|k=12|one_way=False|seed=19,2,False,12,19,Hybrid,102,102,1.355,1.1
blocks=2|exp=seq|k=12|one_way=False|seed=20,2,False,12,20,HeldKarp,110,110,78.029,1277.3
blocks=2|exp=seq|k=12|one_way=False|seed=20,2,False,12,20,NN,138,110,0.036,1.1
blocks=2|exp=seq|k=12|one_way=False|seed=20,2,False,12,20,NN2opt,110,110,0.945,1.1
blocks=2|exp=seq|k=12|one_way=False|seed=20,2,False,12,20,GA,116,110,424.44,27.6
blocks=2|exp=seq|k=12|one_way=False|seed=20,2,False,12,20,ACO,110,110,112.402,14.8
blocks=2|exp=seq|k=12|one_way=False|seed=20,2,False,12,20,ALO,134,110,359.326,40.6
blocks=2|exp=seq|k=12|one_way=False|seed=20,2,False,12,20,Hybrid,116,110,3.361,1.1
blocks=2|exp=seq|k=12|one_way=False|seed=21,2,False,12,21,HeldKarp,102,102,77.25,1277.3
blocks=2|exp=seq|k=12|one_way=False|seed=21,2,False,12,21,NN,106,102,0.036,1.1
blocks=2|exp=seq|k=12|one_way=False|seed=21,2,False,12,21,NN2opt,104,102,0.491,1.1
blocks=2|exp=seq|k=12|one_way=False|seed=21,2,False,12,21,GA,104,102,422.358,27.5
blocks=2|exp=seq|k=12|one_way=False|seed=21,2,False,12,21,ACO,102,102,115.876,14.7
blocks=2|exp=seq|k=12|one_way=False|seed=21,2,False,12,21,ALO,114,102,357.787,40.7
blocks=2|exp=seq|k=12|one_way=False|seed=21,2,False,12,21,Hybrid,102,102,2.9,1.1
blocks=2|exp=seq|k=12|one_way=False|seed=22,2,False,12,22,HeldKarp,108,108,77.115,1277.3
blocks=2|exp=seq|k=12|one_way=False|seed=22,2,False,12,22,NN,122,108,0.039,1.1
blocks=2|exp=seq|k=12|one_way=False|seed=22,2,False,12,22,NN2opt,108,108,0.501,1.1
blocks=2|exp=seq|k=12|one_way=False|seed=22,2,False,12,22,GA,108,108,436.578,27.4
blocks=2|exp=seq|k=12|one_way=False|seed=22,2,False,12,22,ACO,108,108,141.852,14.8
blocks=2|exp=seq|k=12|one_way=False|seed=22,2,False,12,22,ALO,152,108,348.841,40.7
blocks=2|exp=seq|k=12|one_way=False|seed=22,2,False,12,22,Hybrid,110,108,3.054,1.1
blocks=2|exp=seq|k=12|one_way=False|seed=23,2,False,12,23,HeldKarp,108,108,78.335,1277.3
blocks=2|exp=seq|k=12|one_way=False|seed=23,2,False,12,23,NN,126,108,0.037,1.1
blocks=2|exp=seq|k=12|one_way=False|seed=23,2,False,12,23,NN2opt,108,108,0.491,1.1
blocks=2|exp=seq|k=12|one_way=False|seed=23,2,False,12,23,GA,114,108,437.245,27.4
blocks=2|exp=seq|k=12|one_way=False|seed=23,2,False,12,23,ACO,108,108,111.457,14.8
blocks=2|exp=seq|k=12|one_way=False|seed=23,2,False,12,23,ALO,140,108,348.277,40.7
blocks=2|exp=seq|k=12|one_way=False|seed=23,2,False,12,23,Hybrid,114,108,3.378,1.1
blocks=2|exp=seq|k=12|one_way=False|seed=24,2,False,12,24,HeldKarp,108,108,81.221,1277.3
blocks=2|exp=seq|k=12|one_way=False|seed=24,2,False,12,24,NN,114,108,0.04,1.1
blocks=2|exp=seq|k=12|one_way=False|seed=24,2,False,12,24,NN2opt,108,108,0.503,1.1
blocks=2|exp=seq|k=12|one_way=False|seed=24,2,False,12,24,GA,108,108,435.101,27.6
blocks=2|exp=seq|k=12|one_way=False|seed=24,2,False,12,24,ACO,108,108,110.835,14.8
blocks=2|exp=seq|k=12|one_way=False|seed=24,2,False,12,24,ALO,134,108,349.405,40.7
blocks=2|exp=seq|k=12|one_way=False|seed=24,2,False,12,24,Hybrid,108,108,2.617,1.1
blocks=2|exp=seq|k=12|one_way=False|seed=25,2,False,12,25,HeldKarp,98,98,79.704,1277.3
blocks=2|exp=seq|k=12|one_way=False|seed=25,2,False,12,25,NN,106,98,0.037,1.1
blocks=2|exp=seq|k=12|one_way=False|seed=25,2,False,12,25,NN2opt,98,98,0.5,1.1
blocks=2|exp=seq|k=12|one_way=False|seed=25,2,False,12,25,GA,100,98,431.29,27.5
blocks=2|exp=seq|k=12|one_way=False|seed=25,2,False,12,25,ACO,98,98,112.078,14.7
blocks=2|exp=seq|k=12|one_way=False|seed=25,2,False,12,25,ALO,116,98,346.989,40.6
blocks=2|exp=seq|k=12|one_way=False|seed=25,2,False,12,25,Hybrid,98,98,3.115,1.1
blocks=2|exp=seq|k=12|one_way=False|seed=26,2,False,12,26,HeldKarp,108,108,78.851,1277.3
blocks=2|exp=seq|k=12|one_way=False|seed=26,2,False,12,26,NN,124,108,0.037,1.1
blocks=2|exp=seq|k=12|one_way=False|seed=26,2,False,12,26,NN2opt,112,108,0.7,1.1
blocks=2|exp=seq|k=12|one_way=False|seed=26,2,False,12,26,GA,108,108,433.1,27.4
blocks=2|exp=seq|k=12|one_way=False|seed=26,2,False,12,26,ACO,110,108,112.7,14.7
blocks=2|exp=seq|k=12|one_way=False|seed=26,2,False,12,26,ALO,112,108,347.437,41.0
blocks=2|exp=seq|k=12|one_way=False|seed=26,2,False,12,26,Hybrid,112,108,3.819,1.1
blocks=2|exp=seq|k=12|one_way=False|seed=27,2,False,12,27,HeldKarp,112,112,78.302,1277.3
blocks=2|exp=seq|k=12|one_way=False|seed=27,2,False,12,27,NN,118,112,0.038,1.1
blocks=2|exp=seq|k=12|one_way=False|seed=27,2,False,12,27,NN2opt,112,112,0.51,1.1
blocks=2|exp=seq|k=12|one_way=False|seed=27,2,False,12,27,GA,112,112,437.999,27.8
blocks=2|exp=seq|k=12|one_way=False|seed=27,2,False,12,27,ACO,112,112,114.319,14.7
blocks=2|exp=seq|k=12|one_way=False|seed=27,2,False,12,27,ALO,142,112,352.179,40.9
blocks=2|exp=seq|k=12|one_way=False|seed=27,2,False,12,27,Hybrid,112,112,2.98,1.1
blocks=2|exp=seq|k=12|one_way=False|seed=28,2,False,12,28,HeldKarp,104,104,84.708,1277.3
blocks=2|exp=seq|k=12|one_way=False|seed=28,2,False,12,28,NN,118,104,0.037,1.1
blocks=2|exp=seq|k=12|one_way=False|seed=28,2,False,12,28,NN2opt,104,104,0.725,1.1
blocks=2|exp=seq|k=12|one_way=False|seed=28,2,False,12,28,GA,104,104,422.307,27.2
blocks=2|exp=seq|k=12|one_way=False|seed=28,2,False,12,28,ACO,104,104,111.931,14.7
blocks=2|exp=seq|k=12|one_way=False|seed=28,2,False,12,28,ALO,132,104,352.379,40.6
blocks=2|exp=seq|k=12|one_way=False|seed=28,2,False,12,28,Hybrid,104,104,3.13,1.1
blocks=2|exp=seq|k=12|one_way=False|seed=29,2,False,12,29,HeldKarp,114,114,77.945,1277.3
blocks=2|exp=seq|k=12|one_way=False|seed=29,2,False,12,29,NN,116,114,0.037,1.1
blocks=2|exp=seq|k=12|one_way=False|seed=29,2,False,12,29,NN2opt,116,114,0.261,1.1
blocks=2|exp=seq|k=12|one_way=False|seed=29,2,False,12,29,GA,116,114,421.513,27.6
blocks=2|exp=seq|k=12|one_way=False|seed=29,2,False,12,29,ACO,116,114,113.31,14.7
blocks=2|exp=seq|k=12|one_way=False|seed=29,2,False,12,29,ALO,146,114,355.928,40.7
blocks=2|exp=seq|k=12|one_way=False|seed=29,2,False,12,29,Hybrid,116,114,1.32,1.1
blocks=2|exp=seq|k=20|one_way=False|seed=0,2,False,20,0,NN,128,,0.076,2.9
blocks=2|exp=seq|k=20|one_way=False|seed=0,2,False,20,0,NN2opt,122,,1.742,2.9
blocks=2|exp=seq|k=20|one_way=False|seed=0,2,False,20,0,GA,136,,526.114,36.8
blocks=2|exp=seq|k=20|one_way=False|seed=0,2,False,20,0,ACO,124,,248.49,33.4
blocks=2|exp=seq|k=20|one_way=False|seed=0,2,False,20,0,ALO,172,,399.182,64.7
blocks=2|exp=seq|k=20|one_way=False|seed=0,2,False,20,0,Hybrid,122,,13.917,2.9
blocks=2|exp=seq|k=20|one_way=False|seed=2,2,False,20,2,NN,158,,0.074,2.9
blocks=2|exp=seq|k=20|one_way=False|seed=2,2,False,20,2,NN2opt,144,,3.478,2.9
blocks=2|exp=seq|k=20|one_way=False|seed=2,2,False,20,2,GA,138,,526.998,36.3
blocks=2|exp=seq|k=20|one_way=False|seed=2,2,False,20,2,ACO,134,,247.189,33.5
blocks=2|exp=seq|k=20|one_way=False|seed=2,2,False,20,2,ALO,192,,431.561,64.7
blocks=2|exp=seq|k=20|one_way=False|seed=2,2,False,20,2,Hybrid,142,,14.396,2.9
blocks=2|exp=seq|k=20|one_way=False|seed=1,2,False,20,1,NN,156,,0.079,2.9
blocks=2|exp=seq|k=20|one_way=False|seed=1,2,False,20,1,NN2opt,148,,3.369,2.9
blocks=2|exp=seq|k=20|one_way=False|seed=1,2,False,20,1,GA,140,,526.075,36.8
blocks=2|exp=seq|k=20|one_way=False|seed=1,2,False,20,1,ACO,140,,245.911,33.4
blocks=2|exp=seq|k=20|one_way=False|seed=1,2,False,20,1,ALO,240,,420.249,64.6
blocks=2|exp=seq|k=20|one_way=False|seed=1,2,False,20,1,Hybrid,144,,18.544,2.9
blocks=2|exp=seq|k=20|one_way=False|seed=4,2,False,20,4,NN,156,,0.073,2.9
blocks=2|exp=seq|k=20|one_way=False|seed=4,2,False,20,4,NN2opt,134,,2.522,2.9
blocks=2|exp=seq|k=20|one_way=False|seed=4,2,False,20,4,GA,140,,522.55,36.6
blocks=2|exp=seq|k=20|one_way=False|seed=4,2,False,20,4,ACO,134,,246.342,33.4
blocks=2|exp=seq|k=20|one_way=False|seed=4,2,False,20,4,ALO,196,,400.796,64.6
blocks=2|exp=seq|k=20|one_way=False|seed=4,2,False,20,4,Hybrid,134,,12.409,2.9
blocks=2|exp=seq|k=20|one_way=False|seed=3,2,False,20,3,NN,146,,0.075,2.9
blocks=2|exp=seq|k=20|one_way=False|seed=3,2,False,20,3,NN2opt,130,,3.405,2.9
blocks=2|exp=seq|k=20|one_way=False|seed=3,2,False,20,3,GA,132,,520.225,36.3
blocks=2|exp=seq|k=20|one_way=False|seed=3,2,False,20,3,ACO,134,,245.961,33.5
blocks=2|exp=seq|k=20|one_way=False|seed=3,2,False,20,3,ALO,196,,401.89,64.9
blocks=2|exp=seq|k=20|one_way=False|seed=3,2,False,20,3,Hybrid,130,,24.14,2.9
blocks=2|exp=seq|k=20|one_way=False|seed=5,2,False,20,5,NN,150,,0.071,2.9
blocks=2|exp=seq|k=20|one_way=False|seed=5,2,False,20,5,NN2opt,138,,4.303,2.9
blocks=2|exp=seq|k=20|one_way=False|seed=5,2,False,20,5,GA,148,,528.264,36.9
blocks=2|exp=seq|k=20|one_way=False|seed=5,2,False,20,5,ACO,138,,258.115,33.5
blocks=2|exp=seq|k=20|one_way=False|seed=5,2,False,20,5,ALO,208,,397.24,64.7
blocks=2|exp=seq|k=20|one_way=False|seed=5,2,False,20,5,Hybrid,142,,12.284,2.9
blocks=2|exp=seq|k=20|one_way=False|seed=6,2,False,20,6,NN,154,,0.08,2.9
blocks=2|exp=seq|k=20|one_way=False|seed=6,2,False,20,6,NN2opt,146,,4.023,2.9
blocks=2|exp=seq|k=20|one_way=False|seed=6,2,False,20,6,GA,144,,546.866,36.5
blocks=2|exp=seq|k=20|one_way=False|seed=6,2,False,20,6,ACO,144,,241.727,33.5
blocks=2|exp=seq|k=20|one_way=False|seed=6,2,False,20,6,ALO,190,,393.216,64.7
blocks=2|exp=seq|k=20|one_way=False|seed=6,2,False,20,6,Hybrid,144,,20.629,2.9
blocks=2|exp=seq|k=20|one_way=False|seed=7,2,False,20,7,NN,154,,0.083,2.9
blocks=2|exp=seq|k=20|one_way=False|seed=7,2,False,20,7,NN2opt,128,,6.14,2.9
blocks=2|exp=seq|k=20|one_way=False|seed=7,2,False,20,7,GA,136,,535.187,36.8
blocks=2|exp=seq|k=20|one_way=False|seed=7,2,False,20,7,ACO,126,,259.335,33.5
blocks=2|exp=seq|k=20|one_way=False|seed=7,2,False,20,7,ALO,190,,396.821,64.7
blocks=2|exp=seq|k=20|one_way=False|seed=7,2,False,20,7,Hybrid,140,,10.559,2.9
blocks=2|exp=seq|k=20|one_way=False|seed=8,2,False,20,8,NN,160,,0.071,2.9
blocks=2|exp=seq|k=20|one_way=False|seed=8,2,False,20,8,NN2opt,130,,5.071,2.9
blocks=2|exp=seq|k=20|one_way=False|seed=8,2,False,20,8,GA,128,,524.864,36.8
blocks=2|exp=seq|k=20|one_way=False|seed=8,2,False,20,8,ACO,132,,245.112,33.4
blocks=2|exp=seq|k=20|one_way=False|seed=8,2,False,20,8,ALO,228,,399.786,64.7
blocks=2|exp=seq|k=20|one_way=False|seed=8,2,False,20,8,Hybrid,130,,16.138,2.9
blocks=2|exp=seq|k=20|one_way=False|seed=9,2,False,20,9,NN,162,,0.072,2.9
blocks=2|exp=seq|k=20|one_way=False|seed=9,2,False,20,9,NN2opt,152,,1.918,2.9
blocks=2|exp=seq|k=20|one_way=False|seed=9,2,False,20,9,GA,142,,522.439,37.0
blocks=2|exp=seq|k=20|one_way=False|seed=9,2,False,20,9,ACO,142,,243.053,33.5
blocks=2|exp=seq|k=20|one_way=False|seed=9,2,False,20,9,ALO,216,,400.972,64.7
blocks=2|exp=seq|k=20|one_way=False|seed=9,2,False,20,9,Hybrid,140,,14.705,2.9
blocks=2|exp=seq|k=20|one_way=False|seed=10,2,False,20,10,NN,144,,0.075,2.9
blocks=2|exp=seq|k=20|one_way=False|seed=10,2,False,20,10,NN2opt,138,,2.546,2.9
blocks=2|exp=seq|k=20|one_way=False|seed=10,2,False,20,10,GA,140,,561.148,36.5
blocks=2|exp=seq|k=20|one_way=False|seed=10,2,False,20,10,ACO,140,,240.894,33.4
blocks=2|exp=seq|k=20|one_way=False|seed=10,2,False,20,10,ALO,246,,398.194,64.7
blocks=2|exp=seq|k=20|one_way=False|seed=10,2,False,20,10,Hybrid,134,,11.859,2.9
blocks=2|exp=seq|k=20|one_way=False|seed=11,2,False,20,11,NN,170,,0.075,2.9
blocks=2|exp=seq|k=20|one_way=False|seed=11,2,False,20,11,NN2opt,136,,5.78,2.9
blocks=2|exp=seq|k=20|one_way=False|seed=11,2,False,20,11,GA,134,,578.743,36.8
blocks=2|exp=seq|k=20|one_way=False|seed=11,2,False,20,11,ACO,134,,243.553,33.4
blocks=2|exp=seq|k=20|one_way=False|seed=11,2,False,20,11,ALO,186,,399.773,64.7
blocks=2|exp=seq|k=20|one_way=False|seed=11,2,False,20,11,Hybrid,134,,20.835,2.9
blocks=2|exp=seq|k=20|one_way=False|seed=12,2,False,20,12,NN,150,,0.071,2.9
blocks=2|exp=seq|k=20|one_way=False|seed=12,2,False,20,12,NN2opt,146,,2.576,2.9
blocks=2|exp=seq|k=20|one_way=False|seed=12,2,False,20,12,GA,134,,555.199,36.6
blocks=2|exp=seq|k=20|one_way=False|seed=12,2,False,20,12,ACO,134,,253.665,33.4
blocks=2|exp=seq|k=20|one_way=False|seed=12,2,False,20,12,ALO,158,,400.458,64.7
blocks=2|exp=seq|k=20|one_way=False|seed=12,2,False,20,12,Hybrid,144,,12.108,2.9
blocks=2|exp=seq|k=20|one_way=False|seed=13,2,False,20,13,NN,138,,0.07,2.9
blocks=2|exp=seq|k=20|one_way=False|seed=13,2,False,20,13,NN2opt,126,,2.526,2.9
blocks=2|exp=seq|k=20|one_way=False|seed=13,2,False,20,13,GA,130,,522.509,36.3
blocks=2|exp=seq|k=20|one_way=False|seed=13,2,False,20,13,ACO,114,,245.182,33.4
blocks=2|exp=seq|k=20|one_way=False|seed=13,2,False,20,13,ALO,190,,394.196,64.7
blocks=2|exp=seq|k=20|one_way=False|seed=13,2,False,20,13,Hybrid,122,,16.56,2.9
blocks=2|exp=seq|k=20|one_way=False|seed=14,2,False,20,14,NN,156,,0.074,2.9
blocks=2|exp=seq|k=20|one_way=False|seed=14,2,False,20,14,NN2opt,130,,4.977,2.9
blocks=2|exp=seq|k=20|one_way=False|seed=14,2,False,20,14,GA,134,,521.499,36.5
blocks=2|exp=seq|k=20|one_way=False|seed=14,2,False,20,14,ACO,130,,245.821,33.4
blocks=2|exp=seq|k=20|one_way=False|seed=14,2,False,20,14,ALO,192,,412.768,64.7
blocks=2|exp=seq|k=20|one_way=False|seed=14,2,False,20,14,Hybrid,130,,26.773,2.9
blocks=2|exp=seq|k=20|one_way=False|seed=15,2,False,20,15,NN,132,,0.076,2.9
blocks=2|exp=seq|k=20|one_way=False|seed=15,2,False,20,15,NN2opt,128,,1.783,2.9
blocks=2|exp=seq|k=20|one_way=False|seed=15,2,False,20,15,GA,120,,537.696,36.7
blocks=2|exp=seq|k=20|one_way=False|seed=15,2,False,20,15,ACO,122,,250.946,33.5
blocks=2|exp=seq|k=20|one_way=False|seed=15,2,False,20,15,ALO,162,,404.468,64.7
blocks=2|exp=seq|k=20|one_way=False|seed=15,2,False,20,15,Hybrid,118,,14.719,2.9
blocks=2|exp=seq|k=20|one_way=False|seed=16,2,False,20,16,NN,134,,0.07,2.9
blocks=2|exp=seq|k=20|one_way=False|seed=16,2,False,20,16,NN2opt,128,,2.554,2.9
blocks=2|exp=seq|k=20|one_way=False|seed=16,2,False,20,16,GA,126,,563.828,36.6
blocks=2|exp=seq|k=20|one_way=False|seed=16,2,False,20,16,ACO,124,,242.871,33.4
blocks=2|exp=seq|k=20|one_way=False|seed=16,2,False,20,16,ALO,220,,399.716,64.6
blocks=2|exp=seq|k=20|one_way=False|seed=16,2,False,20,16,Hybrid,126,,11.671,2.9
blocks=2|exp=seq|k=20|one_way=False|seed=17,2,False,20,17,NN,168,,0.071,2.9
blocks=2|exp=seq|k=20|one_way=False|seed=17,2,False,20,17,NN2opt,144,,3.371,2.9
blocks=2|exp=seq|k=20|one_way=False|seed=17,2,False,20,17,GA,150,,518.044,36.4
blocks=2|exp=seq|k=20|one_way=False|seed=17,2,False,20,17,ACO,138,,264.281,33.4
blocks=2|exp=seq|k=20|one_way=False|seed=17,2,False,20,17,ALO,218,,399.648,64.8
blocks=2|exp=seq|k=20|one_way=False|seed=17,2,False,20,17,Hybrid,138,,20.621,2.9
blocks=2|exp=seq|k=20|one_way=False|seed=18,2,False,20,18,NN,146,,0.074,2.9
blocks=2|exp=seq|k=20|one_way=False|seed=18,2,False,20,18,NN2opt,136,,2.611,2.9
blocks=2|exp=seq|k=20|one_way=False|seed=18,2,False,20,18,GA,130,,517.801,36.6
blocks=2|exp=seq|k=20|one_way=False|seed=18,2,False,20,18,ACO,126,,265.215,33.4
blocks=2|exp=seq|k=20|one_way=False|seed=18,2,False,20,18,ALO,188,,399.024,64.8
blocks=2|exp=seq|k=20|one_way=False|seed=18,2,False,20,18,Hybrid,138,,12.676,2.9
blocks=2|exp=seq|k=20|one_way=False|seed=19,2,False,20,19,NN,138,,0.071,2.9
blocks=2|exp=seq|k=20|one_way=False|seed=19,2,False,20,19,NN2opt,126,,3.39,2.9
blocks=2|exp=seq|k=20|one_way=False|seed=19,2,False,20,19,GA,120,,523.615,36.8
blocks=2|exp=seq|k=20|one_way=False|seed=19,2,False,20,19,ACO,120,,247.251,33.4
blocks=2|exp=seq|k=20|one_way=False|seed=19,2,False,20,19,ALO,214,,394.952,64.7
blocks=2|exp=seq|k=20|one_way=False|seed=19,2,False,20,19,Hybrid,120,,14.834,2.9
blocks=2|exp=seq|k=20|one_way=False|seed=20,2,False,20,20,NN,128,,0.071,2.9
blocks=2|exp=seq|k=20|one_way=False|seed=20,2,False,20,20,NN2opt,120,,1.744,2.9
blocks=2|exp=seq|k=20|one_way=False|seed=20,2,False,20,20,GA,120,,525.293,36.4
blocks=2|exp=seq|k=20|one_way=False|seed=20,2,False,20,20,ACO,120,,245.014,33.4
blocks=2|exp=seq|k=20|one_way=False|seed=20,2,False,20,20,ALO,188,,412.187,64.7
blocks=2|exp=seq|k=20|one_way=False|seed=20,2,False,20,20,Hybrid,120,,10.726,2.9
blocks=2|exp=seq|k=20|one_way=False|seed=21,2,False,20,21,NN,158,,0.069,2.9
blocks=2|exp=seq|k=20|one_way=False|seed=21,2,False,20,21,NN2opt,134,,3.386,2.9
blocks=2|exp=seq|k=20|one_way=False|seed=21,2,False,20,21,GA,140,,523.897,36.8
blocks=2|exp=seq|k=20|one_way=False|seed=21,2,False,20,21,ACO,140,,251.447,33.5
blocks=2|exp=seq|k=20|one_way=False|seed=21,2,False,20,21,ALO,206,,397.121,64.7
blocks=2|exp=seq|k=20|one_way=False|seed=21,2,False,20,21,Hybrid,134,,14.235,2.9
blocks=2|exp=seq|k=20|one_way=False|seed=22,2,False,20,22,NN,160,,0.072,2.9
blocks=2|exp=seq|k=20|one_way=False|seed=22,2,False,20,22,NN2opt,124,,4.185,2.9
blocks=2|exp=seq|k=20|one_way=False|seed=22,2,False,20,22,GA,124,,522.871,36.6
blocks=2|exp=seq|k=20|one_way=False|seed=22,2,False,20,22,ACO,124,,253.17,33.4
blocks=2|exp=seq|k=20|one_way=False|seed=22,2,False,20,22,ALO,196,,397.288,64.8
blocks=2|exp=seq|k=20|one_way=False|seed=22,2,False,20,22,Hybrid,128,,18.287,2.9
blocks=2|exp=seq|k=20|one_way=False|seed=23,2,False,20,23,NN,162,,0.073,2.9
blocks=2|exp=seq|k=20|one_way=False|seed=23,2,False,20,23,NN2opt,144,,4.215,2.9
blocks=2|exp=seq|k=20|one_way=False|seed=23,2,False,20,23,GA,144,,525.339,36.9
blocks=2|exp=seq|k=20|one_way=False|seed=23,2,False,20,23,ACO,144,,254.23,33.4
blocks=2|exp=seq|k=20|one_way=False|seed=23,2,False,20,23,ALO,220,,401.166,64.7
blocks=2|exp=seq|k=20|one_way=False|seed=23,2,False,20,23,Hybrid,144,,15.097,2.9
blocks=2|exp=seq|k=20|one_way=False|seed=24,2,False,20,24,NN,146,,0.071,2.9
blocks=2|exp=seq|k=20|one_way=False|seed=24,2,False,20,24,NN2opt,138,,1.74,2.9
blocks=2|exp=seq|k=20|one_way=False|seed=24,2,False,20,24,GA,142,,521.875,36.7
blocks=2|exp=seq|k=20|one_way=False|seed=24,2,False,20,24,ACO,138,,246.468,33.4
blocks=2|exp=seq|k=20|one_way=False|seed=24,2,False,20,24,ALO,214,,414.523,64.7
blocks=2|exp=seq|k=20|one_way=False|seed=24,2,False,20,24,Hybrid,138,,13.214,2.9
blocks=2|exp=seq|k=20|one_way=False|seed=25,2,False,20,25,NN,162,,0.074,2.9
blocks=2|exp=seq|k=20|one_way=False|seed=25,2,False,20,25,NN2opt,138,,4.311,2.9
blocks=2|exp=seq|k=20|one_way=False|seed=25,2,False,20,25,GA,142,,522.094,36.5
blocks=2|exp=seq|k=20|one_way=False|seed=25,2,False,20,25,ACO,138,,243.64,33.4
blocks=2|exp=seq|k=20|one_way=False|seed=25,2,False,20,25,ALO,202,,413.864,64.6
blocks=2|exp=seq|k=20|one_way=False|seed=25,2,False,20,25,Hybrid,150,,15.854,2.9
blocks=2|exp=seq|k=20|one_way=False|seed=26,2,False,20,26,NN,148,,0.072,2.9
blocks=2|exp=seq|k=20|one_way=False|seed=26,2,False,20,26,NN2opt,146,,1.746,2.9
blocks=2|exp=seq|k=20|one_way=False|seed=26,2,False,20,26,GA,146,,530.73,36.6
blocks=2|exp=seq|k=20|one_way=False|seed=26,2,False,20,26,ACO,148,,249.96,33.5
blocks=2|exp=seq|k=20|one_way=False|seed=26,2,False,20,26,ALO,188,,395.508,64.7
blocks=2|exp=seq|k=20|one_way=False|seed=26,2,False,20,26,Hybrid,146,,10.079,2.9
blocks=2|exp=seq|k=20|one_way=False|seed=27,2,False,20,27,NN,140,,0.07,2.9
blocks=2|exp=seq|k=20|one_way=False|seed=27,2,False,20,27,NN2opt,134,,1.721,2.9
blocks=2|exp=seq|k=20|one_way=False|seed=27,2,False,20,27,GA,134,,519.723,35.9
blocks=2|exp=seq|k=20|one_way=False|seed=27,2,False,20,27,ACO,134,,244.149,33.4
blocks=2|exp=seq|k=20|one_way=False|seed=27,2,False,20,27,ALO,218,,397.247,64.7
blocks=2|exp=seq|k=20|one_way=False|seed=27,2,False,20,27,Hybrid,134,,10.825,2.9
blocks=2|exp=seq|k=20|one_way=False|seed=28,2,False,20,28,NN,156,,0.07,2.9
blocks=2|exp=seq|k=20|one_way=False|seed=28,2,False,20,28,NN2opt,140,,5.005,2.9
blocks=2|exp=seq|k=20|one_way=False|seed=28,2,False,20,28,GA,146,,535.961,36.4
blocks=2|exp=seq|k=20|one_way=False|seed=28,2,False,20,28,ACO,140,,242.737,33.4
blocks=2|exp=seq|k=20|one_way=False|seed=28,2,False,20,28,ALO,250,,407.965,64.7
blocks=2|exp=seq|k=20|one_way=False|seed=28,2,False,20,28,Hybrid,140,,13.684,2.9
blocks=2|exp=seq|k=20|one_way=False|seed=29,2,False,20,29,NN,176,,0.086,2.9
blocks=2|exp=seq|k=20|one_way=False|seed=29,2,False,20,29,NN2opt,146,,4.304,2.9
blocks=2|exp=seq|k=20|one_way=False|seed=29,2,False,20,29,GA,144,,524.806,36.6
blocks=2|exp=seq|k=20|one_way=False|seed=29,2,False,20,29,ACO,142,,244.592,33.5
blocks=2|exp=seq|k=20|one_way=False|seed=29,2,False,20,29,ALO,198,,393.432,64.7
blocks=2|exp=seq|k=20|one_way=False|seed=29,2,False,20,29,Hybrid,146,,24.052,2.9
blocks=2|exp=seq|k=30|one_way=False|seed=0,2,False,30,0,NN,166,,0.132,2.9
blocks=2|exp=seq|k=30|one_way=False|seed=0,2,False,30,0,NN2opt,164,,5.074,2.9
blocks=2|exp=seq|k=30|one_way=False|seed=0,2,False,30,0,GA,168,,645.422,39.7
blocks=2|exp=seq|k=30|one_way=False|seed=0,2,False,30,0,ACO,154,,478.381,67.5
blocks=2|exp=seq|k=30|one_way=False|seed=0,2,False,30,0,ALO,300,,469.235,94.7
blocks=2|exp=seq|k=30|one_way=False|seed=0,2,False,30,0,Hybrid,164,,41.869,2.9
blocks=2|exp=seq|k=30|one_way=False|seed=1,2,False,30,1,NN,144,,0.139,2.9
blocks=2|exp=seq|k=30|one_way=False|seed=1,2,False,30,1,NN2opt,144,,2.608,2.9
blocks=2|exp=seq|k=30|one_way=False|seed=1,2,False,30,1,GA,146,,638.203,39.7
blocks=2|exp=seq|k=30|one_way=False|seed=1,2,False,30,1,ACO,144,,486.729,67.5
blocks=2|exp=seq|k=30|one_way=False|seed=1,2,False,30,1,ALO,314,,469.466,94.7
blocks=2|exp=seq|k=30|one_way=False|seed=1,2,False,30,1,Hybrid,144,,15.883,2.9
blocks=2|exp=seq|k=30|one_way=False|seed=2,2,False,30,2,NN,156,,0.132,2.9
blocks=2|exp=seq|k=30|one_way=False|seed=2,2,False,30,2,NN2opt,150,,4.99,2.9
blocks=2|exp=seq|k=30|one_way=False|seed=2,2,False,30,2,GA,162,,641.535,39.7
blocks=2|exp=seq|k=30|one_way=False|seed=2,2,False,30,2,ACO,150,,487.105,67.5
blocks=2|exp=seq|k=30|one_way=False|seed=2,2,False,30,2,ALO,310,,470.828,94.7
blocks=2|exp=seq|k=30|one_way=False|seed=2,2,False,30,2,Hybrid,150,,40.769,2.9
blocks=2|exp=seq|k=30|one_way=False|seed=3,2,False,30,3,NN,162,,0.139,2.9
blocks=2|exp=seq|k=30|one_way=False|seed=3,2,False,30,3,NN2opt,140,,10.139,2.9
blocks=2|exp=seq|k=30|one_way=False|seed=3,2,False,30,3,GA,150,,655.822,39.7
blocks=2|exp=seq|k=30|one_way=False|seed=3,2,False,30,3,ACO,142,,479.416,67.5
blocks=2|exp=seq|k=30|one_way=False|seed=3,2,False,30,3,ALO,362,,473.019,94.7
blocks=2|exp=seq|k=30|one_way=False|seed=3,2,False,30,3,Hybrid,140,,59.763,2.9
blocks=2|exp=seq|k=30|one_way=False|seed=4,2,False,30,4,NN,186,,0.13,2.9
blocks=2|exp=seq|k=30|one_way=False|seed=4,2,False,30,4,NN2opt,160,,12.674,2.9
blocks=2|exp=seq|k=30|one_way=False|seed=4,2,False,30,4,GA,160,,642.003,39.7
blocks=2|exp=seq|k=30|one_way=False|seed=4,2,False,30,4,ACO,160,,499.16,67.5
blocks=2|exp=seq|k=30|one_way=False|seed=4,2,False,30,4,ALO,300,,498.331,94.7
blocks=2|exp=seq|k=30|one_way=False|seed=4,2,False,30,4,Hybrid,174,,41.225,2.9
blocks=2|exp=seq|k=30|one_way=False|seed=5,2,False,30,5,NN,178,,0.131,2.9
blocks=2|exp=seq|k=30|one_way=False|seed=5,2,False,30,5,NN2opt,170,,7.537,2.9
blocks=2|exp=seq|k=30|one_way=False|seed=5,2,False,30,5,GA,176,,646.844,39.7
blocks=2|exp=seq|k=30|one_way=False|seed=5,2,False,30,5,ACO,172,,479.272,67.5
blocks=2|exp=seq|k=30|one_way=False|seed=5,2,False,30,5,ALO,274,,485.149,94.7
blocks=2|exp=seq|k=30|one_way=False|seed=5,2,False,30,5,Hybrid,170,,43.401,2.9
blocks=2|exp=seq|k=30|one_way=False|seed=6,2,False,30,6,NN,170,,0.139,2.9
blocks=2|exp=seq|k=30|one_way=False|seed=6,2,False,30,6,NN2opt,156,,10.202,2.9
blocks=2|exp=seq|k=30|one_way=False|seed=6,2,False,30,6,GA,156,,640.093,39.7
blocks=2|exp=seq|k=30|one_way=False|seed=6,2,False,30,6,ACO,154,,476.047,67.5
blocks=2|exp=seq|k=30|one_way=False|seed=6,2,False,30,6,ALO,292,,469.643,94.7
blocks=2|exp=seq|k=30|one_way=False|seed=6,2,False,30,6,Hybrid,156,,53.933,2.9
blocks=2|exp=seq|k=30|one_way=False|seed=7,2,False,30,7,NN,176,,0.131,2.9
blocks=2|exp=seq|k=30|one_way=False|seed=7,2,False,30,7,NN2opt,154,,7.733,2.9
blocks=2|exp=seq|k=30|one_way=False|seed=7,2,False,30,7,GA,160,,649.005,39.7
blocks=2|exp=seq|k=30|one_way=False|seed=7,2,False,30,7,ACO,158,,485.326,67.5
blocks=2|exp=seq|k=30|one_way=False|seed=7,2,False,30,7,ALO,314,,466.198,95.2
blocks=2|exp=seq|k=30|one_way=False|seed=7,2,False,30,7,Hybrid,164,,38.735,2.9
blocks=2|exp=seq|k=30|one_way=False|seed=9,2,False,30,9,NN,154,,0.133,2.9
blocks=2|exp=seq|k=30|one_way=False|seed=9,2,False,30,9,NN2opt,146,,8.197,2.9
blocks=2|exp=seq|k=30|one_way=False|seed=9,2,False,30,9,GA,158,,641.119,39.7
blocks=2|exp=seq|k=30|one_way=False|seed=9,2,False,30,9,ACO,146,,479.841,67.5
blocks=2|exp=seq|k=30|one_way=False|seed=9,2,False,30,9,ALO,290,,467.679,94.7
blocks=2|exp=seq|k=30|one_way=False|seed=9,2,False,30,9,Hybrid,146,,36.201,2.9
blocks=2|exp=seq|k=30|one_way=False|seed=8,2,False,30,8,NN,194,,0.129,2.9
blocks=2|exp=seq|k=30|one_way=False|seed=8,2,False,30,8,NN2opt,164,,14.474,2.9
blocks=2|exp=seq|k=30|one_way=False|seed=8,2,False,30,8,GA,172,,642.114,39.7
blocks=2|exp=seq|k=30|one_way=False|seed=8,2,False,30,8,ACO,156,,476.26,67.5
blocks=2|exp=seq|k=30|one_way=False|seed=8,2,False,30,8,ALO,302,,470.68,95.3
blocks=2|exp=seq|k=30|one_way=False|seed=8,2,False,30,8,Hybrid,154,,87.718,2.9
blocks=2|exp=seq|k=30|one_way=False|seed=10,2,False,30,10,NN,172,,0.133,2.9
blocks=2|exp=seq|k=30|one_way=False|seed=10,2,False,30,10,NN2opt,168,,5.236,2.9
blocks=2|exp=seq|k=30|one_way=False|seed=10,2,False,30,10,GA,162,,643.916,39.8
blocks=2|exp=seq|k=30|one_way=False|seed=10,2,False,30,10,ACO,158,,488.483,67.5
blocks=2|exp=seq|k=30|one_way=False|seed=10,2,False,30,10,ALO,322,,471.26,94.7
blocks=2|exp=seq|k=30|one_way=False|seed=10,2,False,30,10,Hybrid,168,,35.629,2.9
blocks=2|exp=seq|k=30|one_way=False|seed=11,2,False,30,11,NN,164,,0.14,2.9
blocks=2|exp=seq|k=30|one_way=False|seed=11,2,False,30,11,NN2opt,162,,5.166,2.9
blocks=2|exp=seq|k=30|one_way=False|seed=11,2,False,30,11,GA,172,,645.679,39.7
blocks=2|exp=seq|k=30|one_way=False|seed=11,2,False,30,11,ACO,156,,468.901,67.5
blocks=2|exp=seq|k=30|one_way=False|seed=11,2,False,30,11,ALO,322,,471.142,94.7
blocks=2|exp=seq|k=30|one_way=False|seed=11,2,False,30,11,Hybrid,162,,33.151,2.9
blocks=2|exp=seq|k=30|one_way=False|seed=12,2,False,30,12,NN,160,,0.139,2.9
blocks=2|exp=seq|k=30|one_way=False|seed=12,2,False,30,12,NN2opt,154,,5.375,2.9
blocks=2|exp=seq|k=30|one_way=False|seed=12,2,False,30,12,GA,152,,677.096,39.7
blocks=2|exp=seq|k=30|one_way=False|seed=12,2,False,30,12,ACO,152,,482.227,67.5
blocks=2|exp=seq|k=30|one_way=False|seed=12,2,False,30,12,ALO,298,,468.132,94.7
blocks=2|exp=seq|k=30|one_way=False|seed=12,2,False,30,12,Hybrid,150,,59.164,2.9
blocks=2|exp=seq|k=30|one_way=False|seed=13,2,False,30,13,NN,154,,0.136,2.9
blocks=2|exp=seq|k=30|one_way=False|seed=13,2,False,30,13,NN2opt,154,,2.675,2.9
blocks=2|exp=seq|k=30|one_way=False|seed=13,2,False,30,13,GA,154,,650.692,39.7
blocks=2|exp=seq|k=30|one_way=False|seed=13,2,False,30,13,ACO,154,,476.805,67.5
blocks=2|exp=seq|k=30|one_way=False|seed=13,2,False,30,13,ALO,298,,471.018,94.7
blocks=2|exp=seq|k=30|one_way=False|seed=13,2,False,30,13,Hybrid,154,,15.912,2.9
blocks=2|exp=seq|k=30|one_way=False|seed=14,2,False,30,14,NN,154,,0.136,2.9
blocks=2|exp=seq|k=30|one_way=False|seed=14,2,False,30,14,NN2opt,154,,2.689,2.9
blocks=2|exp=seq|k=30|one_way=False|seed=14,2,False,30,14,GA,152,,648.319,39.7
blocks=2|exp=seq|k=30|one_way=False|seed=14,2,False,30,14,ACO,152,,479.004,67.5
blocks=2|exp=seq|k=30|one_way=False|seed=14,2,False,30,14,ALO,362,,478.964,94.8
blocks=2|exp=seq|k=30|one_way=False|seed=14,2,False,30,14,Hybrid,144,,43.335,2.9
blocks=2|exp=seq|k=30|one_way=False|seed=15,2,False,30,15,NN,174,,0.129,2.9
blocks=2|exp=seq|k=30|one_way=False|seed=15,2,False,30,15,NN2opt,154,,13.277,2.9
blocks=2|exp=seq|k=30|one_way=False|seed=15,2,False,30,15,GA,184,,654.789,39.6
blocks=2|exp=seq|k=30|one_way=False|seed=15,2,False,30,15,ACO,158,,476.866,67.5
blocks=2|exp=seq|k=30|one_way=False|seed=15,2,False,30,15,ALO,262,,467.803,94.7
blocks=2|exp=seq|k=30|one_way=False|seed=15,2,False,30,15,Hybrid,158,,56.187,2.9
blocks=2|exp=seq|k=30|one_way=False|seed=16,2,False,30,16,NN,150,,0.135,2.9
blocks=2|exp=seq|k=30|one_way=False|seed=16,2,False,30,16,NN2opt,150,,2.649,2.9
blocks=2|exp=seq|k=30|one_way=False|seed=16,2,False,30,16,GA,170,,653.174,39.7
blocks=2|exp=seq|k=30|one_way=False|seed=16,2,False,30,16,ACO,150,,480.148,67.5
blocks=2|exp=seq|k=30|one_way=False|seed=16,2,False,30,16,ALO,322,,466.403,94.7
blocks=2|exp=seq|k=30|one_way=False|seed=16,2,False,30,16,Hybrid,150,,15.652,2.9
blocks=2|exp=seq|k=30|one_way=False|seed=17,2,False,30,17,NN,162,,0.141,2.9
blocks=2|exp=seq|k=30|one_way=False|seed=17,2,False,30,17,NN2opt,152,,7.613,2.9
blocks=2|exp=seq|k=30|one_way=False|seed=17,2,False,30,17,GA,176,,658.502,39.7
blocks=2|exp=seq|k=30|one_way=False|seed=17,2,False,30,17,ACO,152,,475.332,67.5
blocks=2|exp=seq|k=30|one_way=False|seed=17,2,False,30,17,ALO,330,,468.551,94.7
blocks=2|exp=seq|k=30|one_way=False|seed=17,2,False,30,17,Hybrid,152,,44.695,2.9
blocks=2|exp=seq|k=30|one_way=False|seed=18,2,False,30,18,NN,172,,0.139,2.9
blocks=2|exp=seq|k=30|one_way=False|seed=18,2,False,30,18,NN2opt,168,,5.131,2.9
blocks=2|exp=seq|k=30|one_way=False|seed=18,2,False,30,18,GA,170,,646.158,39.7
blocks=2|exp=seq|k=30|one_way=False|seed=18,2,False,30,18,ACO,166,,480.596,67.5
blocks=2|exp=seq|k=30|one_way=False|seed=18,2,False,30,18,ALO,284,,467.372,94.9
blocks=2|exp=seq|k=30|one_way=False|seed=18,2,False,30,18,Hybrid,168,,31.634,2.9
blocks=2|exp=seq|k=30|one_way=False|seed=19,2,False,30,19,NN,164,,0.131,2.9
blocks=2|exp=seq|k=30|one_way=False|seed=19,2,False,30,19,NN2opt,158,,5.045,2.9
blocks=2|exp=seq|k=30|one_way=False|seed=19,2,False,30,19,GA,160,,641.221,39.7
blocks=2|exp=seq|k=30|one_way=False|seed=19,2,False,30,19,ACO,154,,480.686,67.5
blocks=2|exp=seq|k=30|one_way=False|seed=19,2,False,30,19,ALO,302,,473.448,94.7
blocks=2|exp=seq|k=30|one_way=False|seed=19,2,False,30,19,Hybrid,154,,47.985,2.9
blocks=2|exp=seq|k=30|one_way=False|seed=20,2,False,30,20,NN,164,,0.131,2.9
blocks=2|exp=seq|k=30|one_way=False|seed=20,2,False,30,20,NN2opt,152,,10.166,2.9
blocks=2|exp=seq|k=30|one_way=False|seed=20,2,False,30,20,GA,166,,648.302,39.7
blocks=2|exp=seq|k=30|one_way=False|seed=20,2,False,30,20,ACO,152,,479.006,67.5
blocks=2|exp=seq|k=30|one_way=False|seed=20,2,False,30,20,ALO,334,,466.552,94.7
blocks=2|exp=seq|k=30|one_way=False|seed=20,2,False,30,20,Hybrid,152,,43.228,2.9
blocks=2|exp=seq|k=30|one_way=False|seed=21,2,False,30,21,NN,176,,0.14,2.9
blocks=2|exp=seq|k=30|one_way=False|seed=21,2,False,30,21,NN2opt,158,,9.818,2.9
blocks=2|exp=seq|k=30|one_way=False|seed=21,2,False,30,21,GA,168,,641.879,39.7
blocks=2|exp=seq|k=30|one_way=False|seed=21,2,False,30,21,ACO,158,,476.348,67.5
blocks=2|exp=seq|k=30|one_way=False|seed=21,2,False,30,21,ALO,302,,471.045,95.1
blocks=2|exp=seq|k=30|one_way=False|seed=21,2,False,30,21,Hybrid,158,,47.716,2.9
blocks=2|exp=seq|k=30|one_way=False|seed=22,2,False,30,22,NN,176,,0.14,2.9
blocks=2|exp=seq|k=30|one_way=False|seed=22,2,False,30,22,NN2opt,166,,8.062,2.9
blocks=2|exp=seq|k=30|one_way=False|seed=22,2,False,30,22,GA,176,,643.269,39.7
blocks=2|exp=seq|k=30|one_way=False|seed=22,2,False,30,22,ACO,166,,476.008,67.5
blocks=2|exp=seq|k=30|one_way=False|seed=22,2,False,30,22,ALO,320,,471.658,94.8
blocks=2|exp=seq|k=30|one_way=False|seed=22,2,False,30,22,Hybrid,166,,36.179,2.9
blocks=2|exp=seq|k=30|one_way=False|seed=23,2,False,30,23,NN,154,,0.129,2.9
blocks=2|exp=seq|k=30|one_way=False|seed=23,2,False,30,23,NN2opt,146,,7.44,2.9
blocks=2|exp=seq|k=30|one_way=False|seed=23,2,False,30,23,GA,166,,642.219,39.6
blocks=2|exp=seq|k=30|one_way=False|seed=23,2,False,30,23,ACO,146,,479.384,67.5
blocks=2|exp=seq|k=30|one_way=False|seed=23,2,False,30,23,ALO,294,,471.835,95.0
blocks=2|exp=seq|k=30|one_way=False|seed=23,2,False,30,23,Hybrid,146,,41.488,2.9
blocks=2|exp=seq|k=30|one_way=False|seed=24,2,False,30,24,NN,194,,0.133,2.9
blocks=2|exp=seq|k=30|one_way=False|seed=24,2,False,30,24,NN2opt,162,,15.01,2.9
blocks=2|exp=seq|k=30|one_way=False|seed=24,2,False,30,24,GA,166,,645.585,39.7
blocks=2|exp=seq|k=30|one_way=False|seed=24,2,False,30,24,ACO,164,,480.278,67.5
blocks=2|exp=seq|k=30|one_way=False|seed=24,2,False,30,24,ALO,308,,472.561,94.7
blocks=2|exp=seq|k=30|one_way=False|seed=24,2,False,30,24,Hybrid,164,,67.022,2.9
blocks=2|exp=seq|k=30|one_way=False|seed=25,2,False,30,25,NN,152,,0.134,2.9
blocks=2|exp=seq|k=30|one_way=False|seed=25,2,False,30,25,NN2opt,146,,6.399,2.9
blocks=2|exp=seq|k=30|one_way=False|seed=25,2,False,30,25,GA,146,,636.277,39.7
blocks=2|exp=seq|k=30|one_way=False|seed=25,2,False,30,25,ACO,146,,477.349,67.5
blocks=2|exp=seq|k=30|one_way=False|seed=25,2,False,30,25,ALO,302,,463.335,94.7
blocks=2|exp=seq|k=30|one_way=False|seed=25,2,False,30,25,Hybrid,146,,32.457,2.9
blocks=3|exp=seq|k=5|one_way=True|seed=0,3,True,5,0,HeldKarp,108,108,0.161,3.7
blocks=3|exp=seq|k=5|one_way=True|seed=0,3,True,5,0,NN,108,108,0.013,1.1
blocks=3|exp=seq|k=5|one_way=True|seed=0,3,True,5,0,NN2opt,108,108,0.042,1.1
blocks=3|exp=seq|k=5|one_way=True|seed=0,3,True,5,0,GA,108,108,339.77,19.8
blocks=3|exp=seq|k=5|one_way=True|seed=0,3,True,5,0,ACO,108,108,34.948,5.4
blocks=3|exp=seq|k=5|one_way=True|seed=0,3,True,5,0,ALO,108,108,313.781,20.0
blocks=3|exp=seq|k=5|one_way=True|seed=0,3,True,5,0,Hybrid,108,108,0.158,1.1
blocks=2|exp=seq|k=30|one_way=False|seed=26,2,False,30,26,NN,176,,0.141,2.9
blocks=2|exp=seq|k=30|one_way=False|seed=26,2,False,30,26,NN2opt,160,,7.843,2.9
blocks=2|exp=seq|k=30|one_way=False|seed=26,2,False,30,26,GA,164,,656.645,39.7
blocks=2|exp=seq|k=30|one_way=False|seed=26,2,False,30,26,ACO,154,,479.702,67.5
blocks=2|exp=seq|k=30|one_way=False|seed=26,2,False,30,26,ALO,306,,474.277,94.7
blocks=2|exp=seq|k=30|one_way=False|seed=26,2,False,30,26,Hybrid,160,,50.409,2.9
blocks=2|exp=seq|k=30|one_way=False|seed=27,2,False,30,27,NN,176,,0.138,2.9
blocks=2|exp=seq|k=30|one_way=False|seed=27,2,False,30,27,NN2opt,176,,2.68,2.9
blocks=2|exp=seq|k=30|one_way=False|seed=27,2,False,30,27,GA,188,,652.832,39.7
blocks=2|exp=seq|k=30|one_way=False|seed=27,2,False,30,27,ACO,176,,479.738,67.5
blocks=2|exp=seq|k=30|one_way=False|seed=27,2,False,30,27,ALO,344,,465.261,94.7
blocks=2|exp=seq|k=30|one_way=False|seed=27,2,False,30,27,Hybrid,176,,16.655,2.9
blocks=3|exp=seq|k=5|one_way=True|seed=1,3,True,5,1,HeldKarp,132,132,0.166,3.7
blocks=3|exp=seq|k=5|one_way=True|seed=1,3,True,5,1,NN,186,132,0.014,1.1
blocks=3|exp=seq|k=5|one_way=True|seed=1,3,True,5,1,NN2opt,132,132,0.09,1.1
blocks=3|exp=seq|k=5|one_way=True|seed=1,3,True,5,1,GA,132,132,337.653,20.0
blocks=3|exp=seq|k=5|one_way=True|seed=1,3,True,5,1,ACO,132,132,35.183,5.5
blocks=3|exp=seq|k=5|one_way=True|seed=1,3,True,5,1,ALO,132,132,304.101,19.6
blocks=3|exp=seq|k=5|one_way=True|seed=1,3,True,5,1,Hybrid,132,132,0.389,1.1
blocks=3|exp=seq|k=5|one_way=True|seed=2,3,True,5,2,HeldKarp,114,114,0.166,3.7
blocks=3|exp=seq|k=5|one_way=True|seed=2,3,True,5,2,NN,150,114,0.014,1.1
blocks=3|exp=seq|k=5|one_way=True|seed=2,3,True,5,2,NN2opt,114,114,0.066,1.1
blocks=3|exp=seq|k=5|one_way=True|seed=2,3,True,5,2,GA,114,114,333.879,20.1
blocks=3|exp=seq|k=5|one_way=True|seed=2,3,True,5,2,ACO,114,114,35.374,5.5
blocks=3|exp=seq|k=5|one_way=True|seed=2,3,True,5,2,ALO,114,114,313.645,19.7
blocks=3|exp=seq|k=5|one_way=True|seed=2,3,True,5,2,Hybrid,114,114,0.328,1.1
blocks=2|exp=seq|k=30|one_way=False|seed=28,2,False,30,28,NN,226,,0.132,2.9
blocks=2|exp=seq|k=30|one_way=False|seed=28,2,False,30,28,NN2opt,172,,19.792,2.9
blocks=2|exp=seq|k=30|one_way=False|seed=28,2,False,30,28,GA,190,,638.359,39.7
blocks=2|exp=seq|k=30|one_way=False|seed=28,2,False,30,28,ACO,172,,475.032,67.5
blocks=2|exp=seq|k=30|one_way=False|seed=28,2,False,30,28,ALO,336,,491.035,94.7
blocks=2|exp=seq|k=30|one_way=False|seed=28,2,False,30,28,Hybrid,176,,87.312,2.9
blocks=3|exp=seq|k=5|one_way=True|seed=3,3,True,5,3,HeldKarp,114,114,0.284,3.7
blocks=3|exp=seq|k=5|one_way=True|seed=3,3,True,5,3,NN,120,114,0.014,1.1
blocks=3|exp=seq|k=5|one_way=True|seed=3,3,True,5,3,NN2opt,114,114,0.066,1.1
blocks=3|exp=seq|k=5|one_way=True|seed=3,3,True,5,3,GA,114,114,333.916,20.0
blocks=3|exp=seq|k=5|one_way=True|seed=3,3,True,5,3,ACO,114,114,35.331,5.5
blocks=3|exp=seq|k=5|one_way=True|seed=3,3,True,5,3,ALO,114,114,304.586,19.6
blocks=3|exp=seq|k=5|one_way=True|seed=3,3,True,5,3,Hybrid,114,114,0.301,1.1
blocks=3|exp=seq|k=5|one_way=True|seed=4,3,True,5,4,HeldKarp,84,84,0.184,3.7
blocks=3|exp=seq|k=5|one_way=True|seed=4,3,True,5,4,NN,84,84,0.015,1.1
blocks=3|exp=seq|k=5|one_way=True|seed=4,3,True,5,4,NN2opt,84,84,0.041,1.1
blocks=3|exp=seq|k=5|one_way=True|seed=4,3,True,5,4,GA,84,84,351.175,19.8
blocks=3|exp=seq|k=5|one_way=True|seed=4,3,True,5,4,ACO,84,84,34.787,5.4
blocks=3|exp=seq|k=5|one_way=True|seed=4,3,True,5,4,ALO,84,84,303.056,19.7
blocks=3|exp=seq|k=5|one_way=True|seed=4,3,True,5,4,Hybrid,84,84,0.151,1.1
blocks=3|exp=seq|k=5|one_way=True|seed=5,3,True,5,5,HeldKarp,102,102,0.174,3.7
blocks=3|exp=seq|k=5|one_way=True|seed=5,3,True,5,5,NN,144,102,0.014,1.1
blocks=3|exp=seq|k=5|one_way=True|seed=5,3,True,5,5,NN2opt,108,102,0.071,1.1
blocks=3|exp=seq|k=5|one_way=True|seed=5,3,True,5,5,GA,102,102,344.541,20.1
blocks=3|exp=seq|k=5|one_way=True|seed=5,3,True,5,5,ACO,108,102,35.84,5.5
blocks=3|exp=seq|k=5|one_way=True|seed=5,3,True,5,5,ALO,102,102,301.978,19.9
blocks=3|exp=seq|k=5|one_way=True|seed=5,3,True,5,5,Hybrid,102,102,0.349,1.1
blocks=2|exp=seq|k=30|one_way=False|seed=29,2,False,30,29,NN,138,,0.13,2.9
blocks=2|exp=seq|k=30|one_way=False|seed=29,2,False,30,29,NN2opt,138,,2.571,2.9
blocks=2|exp=seq|k=30|one_way=False|seed=29,2,False,30,29,GA,156,,662.016,39.7
blocks=2|exp=seq|k=30|one_way=False|seed=29,2,False,30,29,ACO,138,,479.523,67.5
blocks=2|exp=seq|k=30|one_way=False|seed=29,2,False,30,29,ALO,368,,465.429,94.6
blocks=2|exp=seq|k=30|one_way=False|seed=29,2,False,30,29,Hybrid,138,,15.966,2.9
blocks=3|exp=seq|k=5|one_way=True|seed=6,3,True,5,6,HeldKarp,138,138,0.597,3.7
blocks=3|exp=seq|k=5|one_way=True|seed=6,3,True,5,6,NN,138,138,0.018,1.1
blocks=3|exp=seq|k=5|one_way=True|seed=6,3,True,5,6,NN2opt,138,138,0.042,1.1
blocks=3|exp=seq|k=5|one_way=True|seed=6,3,True,5,6,GA,138,138,339.831,20.1
blocks=3|exp=seq|k=5|one_way=True|seed=6,3,True,5,6,ACO,138,138,34.949,5.5
blocks=3|exp=seq|k=5|one_way=True|seed=6,3,True,5,6,ALO,144,138,340.831,19.7
blocks=3|exp=seq|k=5|one_way=True|seed=6,3,True,5,6,Hybrid,138,138,0.149,1.1
blocks=3|exp=seq|k=5|one_way=True|seed=7,3,True,5,7,HeldKarp,138,138,0.16,3.7
blocks=3|exp=seq|k=5|one_way=True|seed=7,3,True,5,7,NN,156,138,0.014,1.1
blocks=3|exp=seq|k=5|one_way=True|seed=7,3,True,5,7,NN2opt,138,138,0.066,1.1
blocks=3|exp=seq|k=5|one_way=True|seed=7,3,True,5,7,GA,138,138,336.292,20.3
blocks=3|exp=seq|k=5|one_way=True|seed=7,3,True,5,7,ACO,138,138,36.733,5.5
blocks=3|exp=seq|k=5|one_way=True|seed=7,3,True,5,7,ALO,138,138,300.395,19.7
blocks=3|exp=seq|k=5|one_way=True|seed=7,3,True,5,7,Hybrid,150,138,0.296,1.1
blocks=3|exp=seq|k=5|one_way=True|seed=9,3,True,5,9,HeldKarp,96,96,0.176,3.7
blocks=3|exp=seq|k=5|one_way=True|seed=9,3,True,5,9,NN,114,96,0.015,1.1
blocks=3|exp=seq|k=5|one_way=True|seed=9,3,True,5,9,NN2opt,96,96,0.065,1.1
blocks=3|exp=seq|k=5|one_way=True|seed=9,3,True,5,9,GA,96,96,341.992,20.0
blocks=3|exp=seq|k=5|one_way=True|seed=9,3,True,5,9,ACO,96,96,34.649,5.4
blocks=3|exp=seq|k=5|one_way=True|seed=9,3,True,5,9,ALO,96,96,304.702,19.7
blocks=3|exp=seq|k=5|one_way=True|seed=9,3,True,5,9,Hybrid,96,96,0.323,1.1
blocks=3|exp=seq|k=5|one_way=True|seed=8,3,True,5,8,HeldKarp,114,114,0.166,3.7
blocks=3|exp=seq|k=5|one_way=True|seed=8,3,True,5,8,NN,114,114,0.014,1.1
blocks=3|exp=seq|k=5|one_way=True|seed=8,3,True,5,8,NN2opt,114,114,0.04,1.1
blocks=3|exp=seq|k=5|one_way=True|seed=8,3,True,5,8,GA,114,114,403.371,19.8
blocks=3|exp=seq|k=5|one_way=True|seed=8,3,True,5,8,ACO,114,114,35.432,5.4
blocks=3|exp=seq|k=5|one_way=True|seed=8,3,True,5,8,ALO,138,114,306.724,19.7
blocks=3|exp=seq|k=5|one_way=True|seed=8,3,True,5,8,Hybrid,114,114,0.153,1.1
blocks=3|exp=seq|k=5|one_way=True|seed=10,3,True,5,10,HeldKarp,132,132,0.168,3.7
blocks=3|exp=seq|k=5|one_way=True|seed=10,3,True,5,10,NN,156,132,0.014,1.1
blocks=3|exp=seq|k=5|one_way=True|seed=10,3,True,5,10,NN2opt,132,132,0.067,1.1
blocks=3|exp=seq|k=5|one_way=True|seed=10,3,True,5,10,GA,132,132,359.76,20.1
blocks=3|exp=seq|k=5|one_way=True|seed=10,3,True,5,10,ACO,132,132,36.526,5.5
blocks=3|exp=seq|k=5|one_way=True|seed=10,3,True,5,10,ALO,132,132,301.633,19.7
blocks=3|exp=seq|k=5|one_way=True|seed=10,3,True,5,10,Hybrid,132,132,0.337,1.1
blocks=3|exp=seq|k=5|one_way=True|seed=11,3,True,5,11,HeldKarp,96,96,0.176,3.7
blocks=3|exp=seq|k=5|one_way=True|seed=11,3,True,5,11,NN,102,96,0.013,1.1
blocks=3|exp=seq|k=5|one_way=True|seed=11,3,True,5,11,NN2opt,102,96,0.042,1.1
blocks=3|exp=seq|k=5|one_way=True|seed=11,3,True,5,11,GA,96,96,366.472,19.8
blocks=3|exp=seq|k=5|one_way=True|seed=11,3,True,5,11,ACO,96,96,35.454,5.5
blocks=3|exp=seq|k=5|one_way=True|seed=11,3,True,5,11,ALO,96,96,299.19,19.9
blocks=3|exp=seq|k=5|one_way=True|seed=11,3,True,5,11,Hybrid,96,96,0.307,1.1
blocks=3|exp=seq|k=5|one_way=True|seed=12,3,True,5,12,HeldKarp,102,102,0.169,3.7
blocks=3|exp=seq|k=5|one_way=True|seed=12,3,True,5,12,NN,156,102,0.014,1.1
blocks=3|exp=seq|k=5|one_way=True|seed=12,3,True,5,12,NN2opt,120,102,0.095,1.1
blocks=3|exp=seq|k=5|one_way=True|seed=12,3,True,5,12,GA,102,102,373.073,19.8
blocks=3|exp=seq|k=5|one_way=True|seed=12,3,True,5,12,ACO,102,102,35.555,5.5
blocks=3|exp=seq|k=5|one_way=True|seed=12,3,True,5,12,ALO,102,102,301.629,19.9
blocks=3|exp=seq|k=5|one_way=True|seed=12,3,True,5,12,Hybrid,102,102,0.312,1.1
blocks=3|exp=seq|k=5|one_way=True|seed=13,3,True,5,13,HeldKarp,114,114,0.17,3.7
blocks=3|exp=seq|k=5|one_way=True|seed=13,3,True,5,13,NN,120,114,0.014,1.1
blocks=3|exp=seq|k=5|one_way=True|seed=13,3,True,5,13,NN2opt,120,114,0.042,1.1
blocks=3|exp=seq|k=5|one_way=True|seed=13,3,True,5,13,GA,114,114,339.551,20.0
blocks=3|exp=seq|k=5|one_way=True|seed=13,3,True,5,13,ACO,114,114,35.82,5.4
blocks=3|exp=seq|k=5|one_way=True|seed=13,3,True,5,13,ALO,114,114,304.108,19.8
blocks=3|exp=seq|k=5|one_way=True|seed=13,3,True,5,13,Hybrid,114,114,0.318,1.1
blocks=3|exp=seq|k=5|one_way=True|seed=14,3,True,5,14,HeldKarp,120,120,0.162,3.7
blocks=3|exp=seq|k=5|one_way=True|seed=14,3,True,5,14,NN,126,120,0.014,1.1
blocks=3|exp=seq|k=5|one_way=True|seed=14,3,True,5,14,NN2opt,126,120,0.041,1.1
blocks=3|exp=seq|k=5|one_way=True|seed=14,3,True,5,14,GA,120,120,335.789,19.8
blocks=3|exp=seq|k=5|one_way=True|seed=14,3,True,5,14,ACO,120,120,35.292,5.5
blocks=3|exp=seq|k=5|one_way=True|seed=14,3,True,5,14,ALO,120,120,302.107,19.8
blocks=3|exp=seq|k=5|one_way=True|seed=14,3,True,5,14,Hybrid,120,120,0.316,1.1
blocks=3|exp=seq|k=5|one_way=True|seed=15,3,True,5,15,HeldKarp,138,138,0.163,3.7
blocks=3|exp=seq|k=5|one_way=True|seed=15,3,True,5,15,NN,174,138,0.013,1.1
blocks=3|exp=seq|k=5|one_way=True|seed=15,3,True,5,15,NN2opt,156,138,0.066,1.1
blocks=3|exp=seq|k=5|one_way=True|seed=15,3,True,5,15,GA,138,138,338.15,19.9
blocks=3|exp=seq|k=5|one_way=True|seed=15,3,True,5,15,ACO,138,138,34.689,5.5
blocks=3|exp=seq|k=5|one_way=True|seed=15,3,True,5,15,ALO,138,138,301.092,20.1
blocks=3|exp=seq|k=5|one_way=True|seed=15,3,True,5,15,Hybrid,138,138,0.363,1.1
blocks=3|exp=seq|k=5|one_way=True|seed=16,3,True,5,16,HeldKarp,132,132,0.173,3.7
blocks=3|exp=seq|k=5|one_way=True|seed=16,3,True,5,16,NN,144,132,0.014,1.1
blocks=3|exp=seq|k=5|one_way=True|seed=16,3,True,5,16,NN2opt,144,132,0.041,1.1
blocks=3|exp=seq|k=5|one_way=True|seed=16,3,True,5,16,GA,132,132,342.66,20.1
blocks=3|exp=seq|k=5|one_way=True|seed=16,3,True,5,16,ACO,132,132,34.596,5.5
blocks=3|exp=seq|k=5|one_way=True|seed=16,3,True,5,16,ALO,132,132,301.096,19.6
blocks=3|exp=seq|k=5|one_way=True|seed=16,3,True,5,16,Hybrid,132,132,0.333,1.1
blocks=3|exp=seq|k=5|one_way=True|seed=17,3,True,5,17,HeldKarp,120,120,0.163,3.7
blocks=3|exp=seq|k=5|one_way=True|seed=17,3,True,5,17,NN,138,120,0.013,1.1
blocks=3|exp=seq|k=5|one_way=True|seed=17,3,True,5,17,NN2opt,120,120,0.065,1.1
blocks=3|exp=seq|k=5|one_way=True|seed=17,3,True,5,17,GA,120,120,336.86,20.0
blocks=3|exp=seq|k=5|one_way=True|seed=17,3,True,5,17,ACO,120,120,35.296,5.5
blocks=3|exp=seq|k=5|one_way=True|seed=17,3,True,5,17,ALO,120,120,304.077,19.7
blocks=3|exp=seq|k=5|one_way=True|seed=17,3,True,5,17,Hybrid,120,120,0.376,1.1
blocks=3|exp=seq|k=5|one_way=True|seed=18,3,True,5,18,HeldKarp,114,114,0.164,3.7
blocks=3|exp=seq|k=5|one_way=True|seed=18,3,True,5,18,NN,132,114,0.013,1.1
blocks=3|exp=seq|k=5|one_way=True|seed=18,3,True,5,18,NN2opt,114,114,0.067,1.1
blocks=3|exp=seq|k=5|one_way=True|seed=18,3,True,5,18,GA,114,114,344.558,20.5
blocks=3|exp=seq|k=5|one_way=True|seed=18,3,True,5,18,ACO,114,114,35.678,5.5
blocks=3|exp=seq|k=5|one_way=True|seed=18,3,True,5,18,ALO,114,114,300.918,19.6
blocks=3|exp=seq|k=5|one_way=True|seed=18,3,True,5,18,Hybrid,114,114,0.298,1.1
blocks=3|exp=seq|k=5|one_way=True|seed=19,3,True,5,19,HeldKarp,120,120,0.165,3.7
blocks=3|exp=seq|k=5|one_way=True|seed=19,3,True,5,19,NN,126,120,0.013,1.1
blocks=3|exp=seq|k=5|one_way=True|seed=19,3,True,5,19,NN2opt,126,120,0.041,1.1
blocks=3|exp=seq|k=5|one_way=True|seed=19,3,True,5,19,GA,120,120,335.316,19.8
blocks=3|exp=seq|k=5|one_way=True|seed=19,3,True,5,19,ACO,120,120,35.129,5.5
blocks=3|exp=seq|k=5|one_way=True|seed=19,3,True,5,19,ALO,120,120,303.541,19.8
blocks=3|exp=seq|k=5|one_way=True|seed=19,3,True,5,19,Hybrid,126,120,0.151,1.1
blocks=3|exp=seq|k=5|one_way=True|seed=20,3,True,5,20,HeldKarp,114,114,0.17,3.7
blocks=3|exp=seq|k=5|one_way=True|seed=20,3,True,5,20,NN,132,114,0.015,1.1
blocks=3|exp=seq|k=5|one_way=True|seed=20,3,True,5,20,NN2opt,132,114,0.041,1.1
blocks=3|exp=seq|k=5|one_way=True|seed=20,3,True,5,20,GA,114,114,344.396,19.8
blocks=3|exp=seq|k=5|one_way=True|seed=20,3,True,5,20,ACO,114,114,35.145,5.5
blocks=3|exp=seq|k=5|one_way=True|seed=20,3,True,5,20,ALO,114,114,303.075,19.6
blocks=3|exp=seq|k=5|one_way=True|seed=20,3,True,5,20,Hybrid,114,114,0.298,1.1
blocks=3|exp=seq|k=5|one_way=True|seed=21,3,True,5,21,HeldKarp,90,90,0.159,3.7
blocks=3|exp=seq|k=5|one_way=True|seed=21,3,True,5,21,NN,108,90,0.013,1.1
blocks=3|exp=seq|k=5|one_way=True|seed=21,3,True,5,21,NN2opt,108,90,0.04,1.1
blocks=3|exp=seq|k=5|one_way=True|seed=21,3,True,5,21,GA,90,90,335.632,19.9
blocks=3|exp=seq|k=5|one_way=True|seed=21,3,True,5,21,ACO,90,90,37.671,5.5
blocks=3|exp=seq|k=5|one_way=True|seed=21,3,True,5,21,ALO,90,90,308.633,19.6
blocks=3|exp=seq|k=5|one_way=True|seed=21,3,True,5,21,Hybrid,90,90,0.333,1.1
blocks=3|exp=seq|k=5|one_way=True|seed=22,3,True,5,22,HeldKarp,150,150,0.161,3.7
blocks=3|exp=seq|k=5|one_way=True|seed=22,3,True,5,22,NN,150,150,0.013,1.1
blocks=3|exp=seq|k=5|one_way=True|seed=22,3,True,5,22,NN2opt,150,150,0.041,1.1
blocks=3|exp=seq|k=5|one_way=True|seed=22,3,True,5,22,GA,150,150,340.739,20.1
blocks=3|exp=seq|k=5|one_way=True|seed=22,3,True,5,22,ACO,150,150,35.443,5.4
blocks=3|exp=seq|k=5|one_way=True|seed=22,3,True,5,22,ALO,150,150,304.49,19.6
blocks=3|exp=seq|k=5|one_way=True|seed=22,3,True,5,22,Hybrid,150,150,0.151,1.1
blocks=3|exp=seq|k=5|one_way=True|seed=23,3,True,5,23,HeldKarp,120,120,0.165,3.7
blocks=3|exp=seq|k=5|one_way=True|seed=23,3,True,5,23,NN,150,120,0.013,1.1
blocks=3|exp=seq|k=5|one_way=True|seed=23,3,True,5,23,NN2opt,120,120,0.093,1.1
blocks=3|exp=seq|k=5|one_way=True|seed=23,3,True,5,23,GA,120,120,340.03,19.9
blocks=3|exp=seq|k=5|one_way=True|seed=23,3,True,5,23,ACO,120,120,35.069,5.5
blocks=3|exp=seq|k=5|one_way=True|seed=23,3,True,5,23,ALO,120,120,306.849,19.6
blocks=3|exp=seq|k=5|one_way=True|seed=23,3,True,5,23,Hybrid,120,120,0.311,1.1
blocks=3|exp=seq|k=5|one_way=True|seed=24,3,True,5,24,HeldKarp,102,102,0.163,3.7
blocks=3|exp=seq|k=5|one_way=True|seed=24,3,True,5,24,NN,108,102,0.013,1.1
blocks=3|exp=seq|k=5|one_way=True|seed=24,3,True,5,24,NN2opt,108,102,0.041,1.1
blocks=3|exp=seq|k=5|one_way=True|seed=24,3,True,5,24,GA,102,102,343.651,19.8
blocks=3|exp=seq|k=5|one_way=True|seed=24,3,True,5,24,ACO,102,102,35.098,5.5
blocks=3|exp=seq|k=5|one_way=True|seed=24,3,True,5,24,ALO,102,102,307.286,19.7
blocks=3|exp=seq|k=5|one_way=True|seed=24,3,True,5,24,Hybrid,102,102,0.286,1.1
blocks=3|exp=seq|k=5|one_way=True|seed=25,3,True,5,25,HeldKarp,132,132,0.167,3.7
blocks=3|exp=seq|k=5|one_way=True|seed=25,3,True,5,25,NN,150,132,0.013,1.1
blocks=3|exp=seq|k=5|one_way=True|seed=25,3,True,5,25,NN2opt,144,132,0.067,1.1
blocks=3|exp=seq|k=5|one_way=True|seed=25,3,True,5,25,GA,132,132,347.974,20.0
blocks=3|exp=seq|k=5|one_way=True|seed=25,3,True,5,25,ACO,132,132,36.205,5.5
blocks=3|exp=seq|k=5|one_way=True|seed=25,3,True,5,25,ALO,132,132,300.149,19.6
blocks=3|exp=seq|k=5|one_way=True|seed=25,3,True,5,25,Hybrid,132,132,0.29,1.1
blocks=3|exp=seq|k=5|one_way=True|seed=26,3,True,5,26,HeldKarp,78,78,0.176,3.7
blocks=3|exp=seq|k=5|one_way=True|seed=26,3,True,5,26,NN,96,78,0.013,1.1
blocks=3|exp=seq|k=5|one_way=True|seed=26,3,True,5,26,NN2opt,96,78,0.04,1.1
blocks=3|exp=seq|k=5|one_way=True|seed=26,3,True,5,26,GA,78,78,344.57,19.8
blocks=3|exp=seq|k=5|one_way=True|seed=26,3,True,5,26,ACO,78,78,35.579,5.5
blocks=3|exp=seq|k=5|one_way=True|seed=26,3,True,5,26,ALO,78,78,301.075,19.6
blocks=3|exp=seq|k=5|one_way=True|seed=26,3,True,5,26,Hybrid,78,78,0.284,1.1
blocks=3|exp=seq|k=5|one_way=True|seed=27,3,True,5,27,HeldKarp,114,114,0.161,3.7
blocks=3|exp=seq|k=5|one_way=True|seed=27,3,True,5,27,NN,150,114,0.013,1.1
blocks=3|exp=seq|k=5|one_way=True|seed=27,3,True,5,27,NN2opt,114,114,0.115,1.1
blocks=3|exp=seq|k=5|one_way=True|seed=27,3,True,5,27,GA,114,114,344.903,19.6
blocks=3|exp=seq|k=5|one_way=True|seed=27,3,True,5,27,ACO,114,114,35.403,5.5
blocks=3|exp=seq|k=5|one_way=True|seed=27,3,True,5,27,ALO,114,114,303.385,19.7
blocks=3|exp=seq|k=5|one_way=True|seed=27,3,True,5,27,Hybrid,114,114,0.34,1.1
blocks=3|exp=seq|k=5|one_way=True|seed=28,3,True,5,28,HeldKarp,108,108,0.16,3.7
blocks=3|exp=seq|k=5|one_way=True|seed=28,3,True,5,28,NN,108,108,0.013,1.1
blocks=3|exp=seq|k=5|one_way=True|seed=28,3,True,5,28,NN2opt,108,108,0.041,1.1
blocks=3|exp=seq|k=5|one_way=True|seed=28,3,True,5,28,GA,108,108,342.643,20.0
blocks=3|exp=seq|k=5|one_way=True|seed=28,3,True,5,28,ACO,108,108,35.378,5.4
blocks=3|exp=seq|k=5|one_way=True|seed=28,3,True,5,28,ALO,108,108,302.72,19.8
blocks=3|exp=seq|k=5|one_way=True|seed=28,3,True,5,28,Hybrid,108,108,0.15,1.1
blocks=3|exp=seq|k=5|one_way=True|seed=29,3,True,5,29,HeldKarp,96,96,0.167,3.7
blocks=3|exp=seq|k=5|one_way=True|seed=29,3,True,5,29,NN,96,96,0.013,1.1
blocks=3|exp=seq|k=5|one_way=True|seed=29,3,True,5,29,NN2opt,96,96,0.041,1.1
blocks=3|exp=seq|k=5|one_way=True|seed=29,3,True,5,29,GA,96,96,337.079,20.2
blocks=3|exp=seq|k=5|one_way=True|seed=29,3,True,5,29,ACO,96,96,34.945,5.4
blocks=3|exp=seq|k=5|one_way=True|seed=29,3,True,5,29,ALO,96,96,298.703,19.7
blocks=3|exp=seq|k=5|one_way=True|seed=29,3,True,5,29,Hybrid,96,96,0.152,1.1
blocks=3|exp=seq|k=8|one_way=True|seed=0,3,True,8,0,HeldKarp,126,126,2.166,60.9
blocks=3|exp=seq|k=8|one_way=True|seed=0,3,True,8,0,NN,162,126,0.022,1.1
blocks=3|exp=seq|k=8|one_way=True|seed=0,3,True,8,0,NN2opt,138,126,0.184,1.1
blocks=3|exp=seq|k=8|one_way=True|seed=0,3,True,8,0,GA,126,126,378.938,20.1
blocks=3|exp=seq|k=8|one_way=True|seed=0,3,True,8,0,ACO,126,126,62.961,8.9
blocks=3|exp=seq|k=8|one_way=True|seed=0,3,True,8,0,ALO,144,126,322.334,28.7
blocks=3|exp=seq|k=8|one_way=True|seed=0,3,True,8,0,Hybrid,126,126,1.204,1.1
blocks=3|exp=seq|k=8|one_way=True|seed=1,3,True,8,1,HeldKarp,114,114,2.226,60.9
blocks=3|exp=seq|k=8|one_way=True|seed=1,3,True,8,1,NN,120,114,0.021,1.1
blocks=3|exp=seq|k=8|one_way=True|seed=1,3,True,8,1,NN2opt,114,114,0.193,1.1
blocks=3|exp=seq|k=8|one_way=True|seed=1,3,True,8,1,GA,114,114,376.281,20.3
blocks=3|exp=seq|k=8|one_way=True|seed=1,3,True,8,1,ACO,114,114,61.991,8.9
blocks=3|exp=seq|k=8|one_way=True|seed=1,3,True,8,1,ALO,138,114,319.776,28.7
blocks=3|exp=seq|k=8|one_way=True|seed=1,3,True,8,1,Hybrid,114,114,0.979,1.1
blocks=3|exp=seq|k=8|one_way=True|seed=2,3,True,8,2,HeldKarp,156,156,2.246,60.9
blocks=3|exp=seq|k=8|one_way=True|seed=2,3,True,8,2,NN,198,156,0.02,1.1
blocks=3|exp=seq|k=8|one_way=True|seed=2,3,True,8,2,NN2opt,156,156,0.27,1.1
blocks=3|exp=seq|k=8|one_way=True|seed=2,3,True,8,2,GA,156,156,378.958,20.2
blocks=3|exp=seq|k=8|one_way=True|seed=2,3,True,8,2,ACO,156,156,65.274,8.9
blocks=3|exp=seq|k=8|one_way=True|seed=2,3,True,8,2,ALO,180,156,324.689,28.6
blocks=3|exp=seq|k=8|one_way=True|seed=2,3,True,8,2,Hybrid,156,156,1.268,1.1
blocks=3|exp=seq|k=8|one_way=True|seed=3,3,True,8,3,HeldKarp,150,150,2.275,60.9
blocks=3|exp=seq|k=8|one_way=True|seed=3,3,True,8,3,NN,204,150,0.022,1.1
blocks=3|exp=seq|k=8|one_way=True|seed=3,3,True,8,3,NN2opt,156,150,0.265,1.1
blocks=3|exp=seq|k=8|one_way=True|seed=3,3,True,8,3,GA,150,150,374.442,20.4
blocks=3|exp=seq|k=8|one_way=True|seed=3,3,True,8,3,ACO,150,150,63.159,8.9
blocks=3|exp=seq|k=8|one_way=True|seed=3,3,True,8,3,ALO,168,150,323.94,28.6
blocks=3|exp=seq|k=8|one_way=True|seed=3,3,True,8,3,Hybrid,168,150,1.283,1.1
blocks=3|exp=seq|k=8|one_way=True|seed=4,3,True,8,4,HeldKarp,132,132,2.241,60.9
blocks=3|exp=seq|k=8|one_way=True|seed=4,3,True,8,4,NN,156,132,0.022,1.1
blocks=3|exp=seq|k=8|one_way=True|seed=4,3,True,8,4,NN2opt,132,132,0.264,1.1
blocks=3|exp=seq|k=8|one_way=True|seed=4,3,True,8,4,GA,144,132,369.791,20.2
blocks=3|exp=seq|k=8|one_way=True|seed=4,3,True,8,4,ACO,132,132,62.034,8.9
blocks=3|exp=seq|k=8|one_way=True|seed=4,3,True,8,4,ALO,150,132,324.151,28.7
blocks=3|exp=seq|k=8|one_way=True|seed=4,3,True,8,4,Hybrid,132,132,0.991,1.1
blocks=3|exp=seq|k=8|one_way=True|seed=5,3,True,8,5,HeldKarp,120,120,2.223,60.9
blocks=3|exp=seq|k=8|one_way=True|seed=5,3,True,8,5,NN,138,120,0.021,1.1
blocks=3|exp=seq|k=8|one_way=True|seed=5,3,True,8,5,NN2opt,138,120,0.104,1.1
blocks=3|exp=seq|k=8|one_way=True|seed=5,3,True,8,5,GA,120,120,378.251,20.5
blocks=3|exp=seq|k=8|one_way=True|seed=5,3,True,8,5,ACO,120,120,63.239,8.9
blocks=3|exp=seq|k=8|one_way=True|seed=5,3,True,8,5,ALO,150,120,330.325,28.6
blocks=3|exp=seq|k=8|one_way=True|seed=5,3,True,8,5,Hybrid,120,120,1.108,1.1
blocks=3|exp=seq|k=8|one_way=True|seed=6,3,True,8,6,HeldKarp,150,150,2.504,60.9
blocks=3|exp=seq|k=8|one_way=True|seed=6,3,True,8,6,NN,204,150,0.022,1.1
blocks=3|exp=seq|k=8|one_way=True|seed=6,3,True,8,6,NN2opt,204,150,0.105,1.1
blocks=3|exp=seq|k=8|one_way=True|seed=6,3,True,8,6,GA,150,150,372.297,20.3
blocks=3|exp=seq|k=8|one_way=True|seed=6,3,True,8,6,ACO,150,150,66.001,8.9
blocks=3|exp=seq|k=8|one_way=True|seed=6,3,True,8,6,ALO,186,150,322.333,28.6
blocks=3|exp=seq|k=8|one_way=True|seed=6,3,True,8,6,Hybrid,150,150,1.029,1.1
blocks=3|exp=seq|k=8|one_way=True|seed=7,3,True,8,7,HeldKarp,138,138,2.179,60.9
blocks=3|exp=seq|k=8|one_way=True|seed=7,3,True,8,7,NN,168,138,0.022,1.1
blocks=3|exp=seq|k=8|one_way=True|seed=7,3,True,8,7,NN2opt,168,138,0.106,1.1
blocks=3|exp=seq|k=8|one_way=True|seed=7,3,True,8,7,GA,144,138,375.669,20.3
blocks=3|exp=seq|k=8|one_way=True|seed=7,3,True,8,7,ACO,138,138,63.229,8.9
blocks=3|exp=seq|k=8|one_way=True|seed=7,3,True,8,7,ALO,144,138,327.653,28.6
blocks=3|exp=seq|k=8|one_way=True|seed=7,3,True,8,7,Hybrid,144,138,1.009,1.1
blocks=3|exp=seq|k=8|one_way=True|seed=8,3,True,8,8,HeldKarp,132,132,2.137,60.9
blocks=3|exp=seq|k=8|one_way=True|seed=8,3,True,8,8,NN,180,132,0.021,1.1
blocks=3|exp=seq|k=8|one_way=True|seed=8,3,True,8,8,NN2opt,174,132,0.183,1.1
blocks=3|exp=seq|k=8|one_way=True|seed=8,3,True,8,8,GA,132,132,380.008,20.3
blocks=3|exp=seq|k=8|one_way=True|seed=8,3,True,8,8,ACO,132,132,63.915,8.9
blocks=3|exp=seq|k=8|one_way=True|seed=8,3,True,8,8,ALO,132,132,323.274,28.7
blocks=3|exp=seq|k=8|one_way=True|seed=8,3,True,8,8,Hybrid,132,132,1.416,1.1
blocks=3|exp=seq|k=8|one_way=True|seed=10,3,True,8,10,HeldKarp,156,156,2.201,60.9
blocks=3|exp=seq|k=8|one_way=True|seed=10,3,True,8,10,NN,174,156,0.021,1.1
blocks=3|exp=seq|k=8|one_way=True|seed=10,3,True,8,10,NN2opt,174,156,0.104,1.1
blocks=3|exp=seq|k=8|one_way=True|seed=10,3,True,8,10,GA,162,156,379.052,20.2
blocks=3|exp=seq|k=8|one_way=True|seed=10,3,True,8,10,ACO,156,156,63.344,8.9
blocks=3|exp=seq|k=8|one_way=True|seed=10,3,True,8,10,ALO,198,156,321.192,28.6
blocks=3|exp=seq|k=8|one_way=True|seed=10,3,True,8,10,Hybrid,162,156,1.055,1.1
blocks=3|exp=seq|k=8|one_way=True|seed=9,3,True,8,9,HeldKarp,120,120,2.127,60.9
blocks=3|exp=seq|k=8|one_way=True|seed=9,3,True,8,9,NN,156,120,0.023,1.1
blocks=3|exp=seq|k=8|one_way=True|seed=9,3,True,8,9,NN2opt,156,120,0.105,1.1
blocks=3|exp=seq|k=8|one_way=True|seed=9,3,True,8,9,GA,120,120,375.84,20.2
blocks=3|exp=seq|k=8|one_way=True|seed=9,3,True,8,9,ACO,120,120,62.692,8.9
blocks=3|exp=seq|k=8|one_way=True|seed=9,3,True,8,9,ALO,126,120,339.383,28.6
blocks=3|exp=seq|k=8|one_way=True|seed=9,3,True,8,9,Hybrid,120,120,1.388,1.1
blocks=3|exp=seq|k=8|one_way=True|seed=11,3,True,8,11,HeldKarp,126,126,2.135,60.9
blocks=3|exp=seq|k=8|one_way=True|seed=11,3,True,8,11,NN,126,126,0.02,1.1
blocks=3|exp=seq|k=8|one_way=True|seed=11,3,True,8,11,NN2opt,126,126,0.104,1.1
blocks=3|exp=seq|k=8|one_way=True|seed=11,3,True,8,11,GA,144,126,373.659,20.3
blocks=3|exp=seq|k=8|one_way=True|seed=11,3,True,8,11,ACO,126,126,62.69,8.9
blocks=3|exp=seq|k=8|one_way=True|seed=11,3,True,8,11,ALO,150,126,327.139,28.6
blocks=3|exp=seq|k=8|one_way=True|seed=11,3,True,8,11,Hybrid,126,126,0.464,1.1
blocks=3|exp=seq|k=8|one_way=True|seed=12,3,True,8,12,HeldKarp,156,156,2.179,60.9
blocks=3|exp=seq|k=8|one_way=True|seed=12,3,True,8,12,NN,180,156,0.022,1.1
blocks=3|exp=seq|k=8|one_way=True|seed=12,3,True,8,12,NN2opt,156,156,0.186,1.1
blocks=3|exp=seq|k=8|one_way=True|seed=12,3,True,8,12,GA,168,156,370.701,20.2
blocks=3|exp=seq|k=8|one_way=True|seed=12,3,True,8,12,ACO,156,156,81.765,8.9
blocks=3|exp=seq|k=8|one_way=True|seed=12,3,True,8,12,ALO,168,156,334.772,28.6
blocks=3|exp=seq|k=8|one_way=True|seed=12,3,True,8,12,Hybrid,156,156,0.987,1.1
blocks=3|exp=seq|k=8|one_way=True|seed=13,3,True,8,13,HeldKarp,126,126,2.144,60.9
blocks=3|exp=seq|k=8|one_way=True|seed=13,3,True,8,13,NN,150,126,0.023,1.1
blocks=3|exp=seq|k=8|one_way=True|seed=13,3,True,8,13,NN2opt,150,126,0.105,1.1
blocks=3|exp=seq|k=8|one_way=True|seed=13,3,True,8,13,GA,126,126,376.217,20.3
blocks=3|exp=seq|k=8|one_way=True|seed=13,3,True,8,13,ACO,126,126,64.854,8.9
blocks=3|exp=seq|k=8|one_way=True|seed=13,3,True,8,13,ALO,168,126,323.362,28.6
blocks=3|exp=seq|k=8|one_way=True|seed=13,3,True,8,13,Hybrid,150,126,0.469,1.1
blocks=3|exp=seq|k=8|one_way=True|seed=14,3,True,8,14,HeldKarp,132,132,2.178,60.9
blocks=3|exp=seq|k=8|one_way=True|seed=14,3,True,8,14,NN,186,132,0.021,1.1
blocks=3|exp=seq|k=8|one_way=True|seed=14,3,True,8,14,NN2opt,138,132,0.194,1.1
blocks=3|exp=seq|k=8|one_way=True|seed=14,3,True,8,14,GA,132,132,373.324,20.2
blocks=3|exp=seq|k=8|one_way=True|seed=14,3,True,8,14,ACO,132,132,62.736,8.9
blocks=3|exp=seq|k=8|one_way=True|seed=14,3,True,8,14,ALO,132,132,324.213,28.7
blocks=3|exp=seq|k=8|one_way=True|seed=14,3,True,8,14,Hybrid,132,132,1.361,1.1
blocks=3|exp=seq|k=8|one_way=True|seed=15,3,True,8,15,HeldKarp,120,120,2.195,60.9
blocks=3|exp=seq|k=8|one_way=True|seed=15,3,True,8,15,NN,174,120,0.022,1.1
blocks=3|exp=seq|k=8|one_way=True|seed=15,3,True,8,15,NN2opt,126,120,0.258,1.1
blocks=3|exp=seq|k=8|one_way=True|seed=15,3,True,8,15,GA,132,120,385.049,20.4
blocks=3|exp=seq|k=8|one_way=True|seed=15,3,True,8,15,ACO,120,120,62.785,8.9
blocks=3|exp=seq|k=8|one_way=True|seed=15,3,True,8,15,ALO,138,120,320.052,28.7
blocks=3|exp=seq|k=8|one_way=True|seed=15,3,True,8,15,Hybrid,126,120,1.22,1.1
blocks=3|exp=seq|k=8|one_way=True|seed=16,3,True,8,16,HeldKarp,120,120,2.168,60.9
blocks=3|exp=seq|k=8|one_way=True|seed=16,3,True,8,16,NN,174,120,0.024,1.1
blocks=3|exp=seq|k=8|one_way=True|seed=16,3,True,8,16,NN2opt,174,120,0.104,1.1
blocks=3|exp=seq|k=8|one_way=True|seed=16,3,True,8,16,GA,132,120,378.187,20.6
blocks=3|exp=seq|k=8|one_way=True|seed=16,3,True,8,16,ACO,120,120,62.558,8.9
blocks=3|exp=seq|k=8|one_way=True|seed=16,3,True,8,16,ALO,144,120,321.073,28.6
blocks=3|exp=seq|k=8|one_way=True|seed=16,3,True,8,16,Hybrid,120,120,1.135,1.1
blocks=3|exp=seq|k=8|one_way=True|seed=17,3,True,8,17,HeldKarp,156,156,2.228,60.9
blocks=3|exp=seq|k=8|one_way=True|seed=17,3,True,8,17,NN,192,156,0.025,1.1
blocks=3|exp=seq|k=8|one_way=True|seed=17,3,True,8,17,NN2opt,192,156,0.105,1.1
blocks=3|exp=seq|k=8|one_way=True|seed=17,3,True,8,17,GA,156,156,371.884,20.2
blocks=3|exp=seq|k=8|one_way=True|seed=17,3,True,8,17,ACO,156,156,63.825,8.9
blocks=3|exp=seq|k=8|one_way=True|seed=17,3,True,8,17,ALO,168,156,321.166,28.6
blocks=3|exp=seq|k=8|one_way=True|seed=17,3,True,8,17,Hybrid,156,156,1.217,1.1
blocks=3|exp=seq|k=8|one_way=True|seed=18,3,True,8,18,HeldKarp,96,96,2.186,60.9
blocks=3|exp=seq|k=8|one_way=True|seed=18,3,True,8,18,NN,132,96,0.021,1.1
blocks=3|exp=seq|k=8|one_way=True|seed=18,3,True,8,18,NN2opt,96,96,0.187,1.1
blocks=3|exp=seq|k=8|one_way=True|seed=18,3,True,8,18,GA,108,96,402.583,20.1
blocks=3|exp=seq|k=8|one_way=True|seed=18,3,True,8,18,ACO,96,96,63.887,8.9
blocks=3|exp=seq|k=8|one_way=True|seed=18,3,True,8,18,ALO,120,96,322.232,28.7
blocks=3|exp=seq|k=8|one_way=True|seed=18,3,True,8,18,Hybrid,96,96,1.22,1.1
blocks=3|exp=seq|k=8|one_way=True|seed=19,3,True,8,19,HeldKarp,138,138,2.161,60.9
blocks=3|exp=seq|k=8|one_way=True|seed=19,3,True,8,19,NN,150,138,0.021,1.1
blocks=3|exp=seq|k=8|one_way=True|seed=19,3,True,8,19,NN2opt,138,138,0.264,1.1
blocks=3|exp=seq|k=8|one_way=True|seed=19,3,True,8,19,GA,138,138,369.454,20.6
blocks=3|exp=seq|k=8|one_way=True|seed=19,3,True,8,19,ACO,138,138,65.231,8.9
blocks=3|exp=seq|k=8|one_way=True|seed=19,3,True,8,19,ALO,156,138,321.296,28.6
blocks=3|exp=seq|k=8|one_way=True|seed=19,3,True,8,19,Hybrid,138,138,0.984,1.1
blocks=3|exp=seq|k=8|one_way=True|seed=20,3,True,8,20,HeldKarp,132,132,2.159,60.9
blocks=3|exp=seq|k=8|one_way=True|seed=20,3,True,8,20,NN,174,132,0.022,1.1
blocks=3|exp=seq|k=8|one_way=True|seed=20,3,True,8,20,NN2opt,132,132,0.19,1.1
blocks=3|exp=seq|k=8|one_way=True|seed=20,3,True,8,20,GA,132,132,371.832,20.5
blocks=3|exp=seq|k=8|one_way=True|seed=20,3,True,8,20,ACO,132,132,62.744,8.9
blocks=3|exp=seq|k=8|one_way=True|seed=20,3,True,8,20,ALO,156,132,327.527,28.6
blocks=3|exp=seq|k=8|one_way=True|seed=20,3,True,8,20,Hybrid,132,132,1.506,1.1
blocks=3|exp=seq|k=8|one_way=True|seed=21,3,True,8,21,HeldKarp,150,150,2.148,60.9
blocks=3|exp=seq|k=8|one_way=True|seed=21,3,True,8,21,NN,156,150,0.023,1.1
blocks=3|exp=seq|k=8|one_way=True|seed=21,3,True,8,21,NN2opt,150,150,0.19,1.1
blocks=3|exp=seq|k=8|one_way=True|seed=21,3,True,8,21,GA,150,150,376.537,20.5
blocks=3|exp=seq|k=8|one_way=True|seed=21,3,True,8,21,ACO,150,150,62.947,8.8
blocks=3|exp=seq|k=8|one_way=True|seed=21,3,True,8,21,ALO,156,150,321.493,28.6
blocks=3|exp=seq|k=8|one_way=True|seed=21,3,True,8,21,Hybrid,150,150,1.093,1.1
blocks=3|exp=seq|k=8|one_way=True|seed=22,3,True,8,22,HeldKarp,126,126,2.134,60.9
blocks=3|exp=seq|k=8|one_way=True|seed=22,3,True,8,22,NN,156,126,0.021,1.1
blocks=3|exp=seq|k=8|one_way=True|seed=22,3,True,8,22,NN2opt,156,126,0.105,1.1
blocks=3|exp=seq|k=8|one_way=True|seed=22,3,True,8,22,GA,126,126,382.875,20.2
blocks=3|exp=seq|k=8|one_way=True|seed=22,3,True,8,22,ACO,126,126,63.393,8.9
blocks=3|exp=seq|k=8|one_way=True|seed=22,3,True,8,22,ALO,132,126,321.69,28.7
blocks=3|exp=seq|k=8|one_way=True|seed=22,3,True,8,22,Hybrid,126,126,0.998,1.1
blocks=3|exp=seq|k=8|one_way=True|seed=23,3,True,8,23,HeldKarp,132,132,2.139,60.9
blocks=3|exp=seq|k=8|one_way=True|seed=23,3,True,8,23,NN,150,132,0.02,1.1
blocks=3|exp=seq|k=8|one_way=True|seed=23,3,True,8,23,NN2opt,150,132,0.112,1.1
blocks=3|exp=seq|k=8|one_way=True|seed=23,3,True,8,23,GA,138,132,378.28,20.4
blocks=3|exp=seq|k=8|one_way=True|seed=23,3,True,8,23,ACO,132,132,63.079,8.9
blocks=3|exp=seq|k=8|one_way=True|seed=23,3,True,8,23,ALO,156,132,325.306,28.6
blocks=3|exp=seq|k=8|one_way=True|seed=23,3,True,8,23,Hybrid,132,132,1.13,1.1
blocks=3|exp=seq|k=8|one_way=True|seed=24,3,True,8,24,HeldKarp,138,138,2.136,60.9
blocks=3|exp=seq|k=8|one_way=True|seed=24,3,True,8,24,NN,168,138,0.021,1.1
blocks=3|exp=seq|k=8|one_way=True|seed=24,3,True,8,24,NN2opt,162,138,0.192,1.1
blocks=3|exp=seq|k=8|one_way=True|seed=24,3,True,8,24,GA,144,138,376.502,20.4
blocks=3|exp=seq|k=8|one_way=True|seed=24,3,True,8,24,ACO,138,138,63.837,8.9
blocks=3|exp=seq|k=8|one_way=True|seed=24,3,True,8,24,ALO,168,138,323.721,28.6
blocks=3|exp=seq|k=8|one_way=True|seed=24,3,True,8,24,Hybrid,138,138,1.128,1.1
blocks=3|exp=seq|k=8|one_way=True|seed=25,3,True,8,25,HeldKarp,132,132,2.161,60.9
blocks=3|exp=seq|k=8|one_way=True|seed=25,3,True,8,25,NN,174,132,0.021,1.1
blocks=3|exp=seq|k=8|one_way=True|seed=25,3,True,8,25,NN2opt,168,132,0.186,1.1
blocks=3|exp=seq|k=8|one_way=True|seed=25,3,True,8,25,GA,132,132,386.081,20.0
blocks=3|exp=seq|k=8|one_way=True|seed=25,3,True,8,25,ACO,132,132,62.864,8.9
blocks=3|exp=seq|k=8|one_way=True|seed=25,3,True,8,25,ALO,150,132,322.883,28.6
blocks=3|exp=seq|k=8|one_way=True|seed=25,3,True,8,25,Hybrid,132,132,0.93,1.1
blocks=3|exp=seq|k=8|one_way=True|seed=26,3,True,8,26,HeldKarp,150,150,2.149,60.9
blocks=3|exp=seq|k=8|one_way=True|seed=26,3,True,8,26,NN,180,150,0.023,1.1
blocks=3|exp=seq|k=8|one_way=True|seed=26,3,True,8,26,NN2opt,180,150,0.104,1.1
blocks=3|exp=seq|k=8|one_way=True|seed=26,3,True,8,26,GA,150,150,372.392,19.9
blocks=3|exp=seq|k=8|one_way=True|seed=26,3,True,8,26,ACO,150,150,65.763,8.9
blocks=3|exp=seq|k=8|one_way=True|seed=26,3,True,8,26,ALO,174,150,322.434,28.7
blocks=3|exp=seq|k=8|one_way=True|seed=26,3,True,8,26,Hybrid,162,150,0.9,1.1
blocks=3|exp=seq|k=8|one_way=True|seed=27,3,True,8,27,HeldKarp,150,150,2.371,60.9
blocks=3|exp=seq|k=8|one_way=True|seed=27,3,True,8,27,NN,174,150,0.023,1.1
blocks=3|exp=seq|k=8|one_way=True|seed=27,3,True,8,27,NN2opt,162,150,0.229,1.1
blocks=3|exp=seq|k=8|one_way=True|seed=27,3,True,8,27,GA,168,150,376.265,20.6
blocks=3|exp=seq|k=8|one_way=True|seed=27,3,True,8,27,ACO,150,150,63.171,8.9
blocks=3|exp=seq|k=8|one_way=True|seed=27,3,True,8,27,ALO,162,150,322.012,28.6
blocks=3|exp=seq|k=8|one_way=True|seed=27,3,True,8,27,Hybrid,150,150,1.385,1.1
blocks=3|exp=seq|k=8|one_way=True|seed=28,3,True,8,28,HeldKarp,150,150,2.582,60.9
blocks=3|exp=seq|k=8|one_way=True|seed=28,3,True,8,28,NN,150,150,0.022,1.1
blocks=3|exp=seq|k=8|one_way=True|seed=28,3,True,8,28,NN2opt,150,150,0.102,1.1
blocks=3|exp=seq|k=8|one_way=True|seed=28,3,True,8,28,GA,156,150,372.116,20.3
blocks=3|exp=seq|k=8|one_way=True|seed=28,3,True,8,28,ACO,150,150,64.561,8.9
blocks=3|exp=seq|k=8|one_way=True|seed=28,3,True,8,28,ALO,150,150,319.659,28.7
blocks=3|exp=seq|k=8|one_way=True|seed=28,3,True,8,28,Hybrid,150,150,0.451,1.1
blocks=3|exp=seq|k=8|one_way=True|seed=29,3,True,8,29,HeldKarp,132,132,2.148,60.9
blocks=3|exp=seq|k=8|one_way=True|seed=29,3,True,8,29,NN,150,132,0.022,1.1
blocks=3|exp=seq|k=8|one_way=True|seed=29,3,True,8,29,NN2opt,150,132,0.105,1.1
blocks=3|exp=seq|k=8|one_way=True|seed=29,3,True,8,29,GA,138,132,381.439,20.3
blocks=3|exp=seq|k=8|one_way=True|seed=29,3,True,8,29,ACO,132,132,63.952,8.9
blocks=3|exp=seq|k=8|one_way=True|seed=29,3,True,8,29,ALO,150,132,336.867,28.8
blocks=3|exp=seq|k=8|one_way=True|seed=29,3,True,8,29,Hybrid,150,132,0.47,1.1
blocks=3|exp=seq|k=10|one_way=True|seed=0,3,True,10,0,HeldKarp,126,126,24.556,286.0
blocks=3|exp=seq|k=10|one_way=True|seed=0,3,True,10,0,NN,174,126,0.028,1.1
blocks=3|exp=seq|k=10|one_way=True|seed=0,3,True,10,0,NN2opt,174,126,0.171,1.1
blocks=3|exp=seq|k=10|one_way=True|seed=0,3,True,10,0,GA,156,126,405.948,27.2
blocks=3|exp=seq|k=10|one_way=True|seed=0,3,True,10,0,ACO,126,126,93.335,11.6
blocks=3|exp=seq|k=10|one_way=True|seed=0,3,True,10,0,ALO,174,126,333.933,34.6
blocks=3|exp=seq|k=10|one_way=True|seed=0,3,True,10,0,Hybrid,126,126,2.37,1.1
blocks=3|exp=seq|k=10|one_way=True|seed=1,3,True,10,1,HeldKarp,132,132,13.527,286.0
blocks=3|exp=seq|k=10|one_way=True|seed=1,3,True,10,1,NN,150,132,0.028,1.1
blocks=3|exp=seq|k=10|one_way=True|seed=1,3,True,10,1,NN2opt,150,132,0.171,1.1
blocks=3|exp=seq|k=10|one_way=True|seed=1,3,True,10,1,GA,132,132,427.606,27.6
blocks=3|exp=seq|k=10|one_way=True|seed=1,3,True,10,1,ACO,132,132,90.816,11.7
blocks=3|exp=seq|k=10|one_way=True|seed=1,3,True,10,1,ALO,150,132,333.488,34.7
blocks=3|exp=seq|k=10|one_way=True|seed=1,3,True,10,1,Hybrid,132,132,1.756,1.1
blocks=3|exp=seq|k=10|one_way=True|seed=2,3,True,10,2,HeldKarp,138,138,14.136,286.4
blocks=3|exp=seq|k=10|one_way=True|seed=2,3,True,10,2,NN,162,138,0.03,1.1
blocks=3|exp=seq|k=10|one_way=True|seed=2,3,True,10,2,NN2opt,162,138,0.18,1.1
blocks=3|exp=seq|k=10|one_way=True|seed=2,3,True,10,2,GA,156,138,417.847,27.4
blocks=3|exp=seq|k=10|one_way=True|seed=2,3,True,10,2,ACO,138,138,85.393,11.7
blocks=3|exp=seq|k=10|one_way=True|seed=2,3,True,10,2,ALO,222,138,338.749,34.7
blocks=3|exp=seq|k=10|one_way=True|seed=2,3,True,10,2,Hybrid,138,138,1.817,1.1
blocks=3|exp=seq|k=10|one_way=True|seed=3,3,True,10,3,HeldKarp,150,150,13.541,286.4
blocks=3|exp=seq|k=10|one_way=True|seed=3,3,True,10,3,NN,156,150,0.029,1.1
blocks=3|exp=seq|k=10|one_way=True|seed=3,3,True,10,3,NN2opt,156,150,0.172,1.1
blocks=3|exp=seq|k=10|one_way=True|seed=3,3,True,10,3,GA,150,150,412.627,27.4
blocks=3|exp=seq|k=10|one_way=True|seed=3,3,True,10,3,ACO,150,150,86.616,11.6
blocks=3|exp=seq|k=10|one_way=True|seed=3,3,True,10,3,ALO,168,150,335.447,34.6
blocks=3|exp=seq|k=10|one_way=True|seed=3,3,True,10,3,Hybrid,150,150,1.764,1.1
blocks=3|exp=seq|k=10|one_way=True|seed=4,3,True,10,4,HeldKarp,144,144,13.427,286.0
blocks=3|exp=seq|k=10|one_way=True|seed=4,3,True,10,4,NN,186,144,0.028,1.1
blocks=3|exp=seq|k=10|one_way=True|seed=4,3,True,10,4,NN2opt,174,144,0.307,1.1
blocks=3|exp=seq|k=10|one_way=True|seed=4,3,True,10,4,GA,150,144,399.102,27.3
blocks=3|exp=seq|k=10|one_way=True|seed=4,3,True,10,4,ACO,144,144,86.363,11.6
blocks=3|exp=seq|k=10|one_way=True|seed=4,3,True,10,4,ALO,174,144,330.774,35.2
blocks=3|exp=seq|k=10|one_way=True|seed=4,3,True,10,4,Hybrid,144,144,2.068,1.1
blocks=3|exp=seq|k=10|one_way=True|seed=5,3,True,10,5,HeldKarp,132,132,13.49,286.0
blocks=3|exp=seq|k=10|one_way=True|seed=5,3,True,10,5,NN,150,132,0.028,1.1
blocks=3|exp=seq|k=10|one_way=True|seed=5,3,True,10,5,NN2opt,150,132,0.168,1.1
blocks=3|exp=seq|k=10|one_way=True|seed=5,3,True,10,5,GA,150,132,400.337,27.5
blocks=3|exp=seq|k=10|one_way=True|seed=5,3,True,10,5,ACO,132,132,84.693,11.7
blocks=3|exp=seq|k=10|one_way=True|seed=5,3,True,10,5,ALO,186,132,335.132,34.6
blocks=3|exp=seq|k=10|one_way=True|seed=5,3,True,10,5,Hybrid,150,132,0.815,1.1
blocks=3|exp=seq|k=10|one_way=True|seed=6,3,True,10,6,HeldKarp,174,174,14.341,286.4
blocks=3|exp=seq|k=10|one_way=True|seed=6,3,True,10,6,NN,174,174,0.03,1.1
blocks=3|exp=seq|k=10|one_way=True|seed=6,3,True,10,6,NN2opt,174,174,0.178,1.1
blocks=3|exp=seq|k=10|one_way=True|seed=6,3,True,10,6,GA,186,174,408.164,27.4
blocks=3|exp=seq|k=10|one_way=True|seed=6,3,True,10,6,ACO,174,174,86.714,11.6
blocks=3|exp=seq|k=10|one_way=True|seed=6,3,True,10,6,ALO,192,174,338.354,34.8
blocks=3|exp=seq|k=10|one_way=True|seed=6,3,True,10,6,Hybrid,174,174,0.858,1.1
blocks=3|exp=seq|k=10|one_way=True|seed=7,3,True,10,7,HeldKarp,168,168,13.617,286.0
blocks=3|exp=seq|k=10|one_way=True|seed=7,3,True,10,7,NN,228,168,0.031,1.1
blocks=3|exp=seq|k=10|one_way=True|seed=7,3,True,10,7,NN2opt,186,168,0.37,1.1
blocks=3|exp=seq|k=10|one_way=True|seed=7,3,True,10,7,GA,168,168,414.023,27.7
blocks=3|exp=seq|k=10|one_way=True|seed=7,3,True,10,7,ACO,168,168,85.919,11.6
blocks=3|exp=seq|k=10|one_way=True|seed=7,3,True,10,7,ALO,174,168,345.35,34.7
blocks=3|exp=seq|k=10|one_way=True|seed=7,3,True,10,7,Hybrid,186,168,1.794,1.1
blocks=3|exp=seq|k=10|one_way=True|seed=8,3,True,10,8,HeldKarp,174,174,13.771,286.0
blocks=3|exp=seq|k=10|one_way=True|seed=8,3,True,10,8,NN,210,174,0.03,1.1
blocks=3|exp=seq|k=10|one_way=True|seed=8,3,True,10,8,NN2opt,180,174,0.312,1.1
blocks=3|exp=seq|k=10|one_way=True|seed=8,3,True,10,8,GA,174,174,415.47,27.5
blocks=3|exp=seq|k=10|one_way=True|seed=8,3,True,10,8,ACO,180,174,88.665,11.6
blocks=3|exp=seq|k=10|one_way=True|seed=8,3,True,10,8,ALO,204,174,336.923,34.6
blocks=3|exp=seq|k=10|one_way=True|seed=8,3,True,10,8,Hybrid,174,174,2.435,1.1
blocks=3|exp=seq|k=10|one_way=True|seed=9,3,True,10,9,HeldKarp,144,144,13.486,286.0
blocks=3|exp=seq|k=10|one_way=True|seed=9,3,True,10,9,NN,162,144,0.03,1.1
blocks=3|exp=seq|k=10|one_way=True|seed=9,3,True,10,9,NN2opt,162,144,0.173,1.1
blocks=3|exp=seq|k=10|one_way=True|seed=9,3,True,10,9,GA,144,144,401.744,27.2
blocks=3|exp=seq|k=10|one_way=True|seed=9,3,True,10,9,ACO,144,144,86.691,11.7
blocks=3|exp=seq|k=10|one_way=True|seed=9,3,True,10,9,ALO,186,144,346.504,34.6
blocks=3|exp=seq|k=10|one_way=True|seed=9,3,True,10,9,Hybrid,162,144,0.811,1.1
blocks=3|exp=seq|k=10|one_way=True|seed=10,3,True,10,10,HeldKarp,162,162,13.407,286.0
blocks=3|exp=seq|k=10|one_way=True|seed=10,3,True,10,10,NN,192,162,0.029,1.1
blocks=3|exp=seq|k=10|one_way=True|seed=10,3,True,10,10,NN2opt,192,162,0.178,1.1
blocks=3|exp=seq|k=10|one_way=True|seed=10,3,True,10,10,GA,174,162,399.07,27.7
blocks=3|exp=seq|k=10|one_way=True|seed=10,3,True,10,10,ACO,162,162,85.02,11.6
blocks=3|exp=seq|k=10|one_way=True|seed=10,3,True,10,10,ALO,228,162,336.095,34.6
blocks=3|exp=seq|k=10|one_way=True|seed=10,3,True,10,10,Hybrid,162,162,2.114,1.1
blocks=3|exp=seq|k=10|one_way=True|seed=11,3,True,10,11,HeldKarp,156,156,13.334,286.0
blocks=3|exp=seq|k=10|one_way=True|seed=11,3,True,10,11,NN,186,156,0.028,1.1
blocks=3|exp=seq|k=10|one_way=True|seed=11,3,True,10,11,NN2opt,186,156,0.173,1.1
blocks=3|exp=seq|k=10|one_way=True|seed=11,3,True,10,11,GA,162,156,400.944,27.3
blocks=3|exp=seq|k=10|one_way=True|seed=11,3,True,10,11,ACO,156,156,83.522,11.6
blocks=3|exp=seq|k=10|one_way=True|seed=11,3,True,10,11,ALO,198,156,333.54,34.7
blocks=3|exp=seq|k=10|one_way=True|seed=11,3,True,10,11,Hybrid,156,156,2.405,1.1
blocks=3|exp=seq|k=10|one_way=True|seed=12,3,True,10,12,HeldKarp,132,132,14.625,286.0
blocks=3|exp=seq|k=10|one_way=True|seed=12,3,True,10,12,NN,174,132,0.029,1.1
blocks=3|exp=seq|k=10|one_way=True|seed=12,3,True,10,12,NN2opt,174,132,0.171,1.1
blocks=3|exp=seq|k=10|one_way=True|seed=12,3,True,10,12,GA,132,132,406.224,27.5
blocks=3|exp=seq|k=10|one_way=True|seed=12,3,True,10,12,ACO,132,132,84.985,11.6
blocks=3|exp=seq|k=10|one_way=True|seed=12,3,True,10,12,ALO,162,132,341.449,34.7
blocks=3|exp=seq|k=10|one_way=True|seed=12,3,True,10,12,Hybrid,132,132,2.127,1.1
blocks=3|exp=seq|k=10|one_way=True|seed=13,3,True,10,13,HeldKarp,132,132,13.892,286.0
blocks=3|exp=seq|k=10|one_way=True|seed=13,3,True,10,13,NN,150,132,0.028,1.1
blocks=3|exp=seq|k=10|one_way=True|seed=13,3,True,10,13,NN2opt,150,132,0.172,1.1
blocks=3|exp=seq|k=10|one_way=True|seed=13,3,True,10,13,GA,138,132,397.485,27.7
blocks=3|exp=seq|k=10|one_way=True|seed=13,3,True,10,13,ACO,132,132,85.16,11.6
blocks=3|exp=seq|k=10|one_way=True|seed=13,3,True,10,13,ALO,168,132,333.837,34.7
blocks=3|exp=seq|k=10|one_way=True|seed=13,3,True,10,13,Hybrid,132,132,2.428,1.1
blocks=3|exp=seq|k=10|one_way=True|seed=14,3,True,10,14,HeldKarp,144,144,13.556,286.0
blocks=3|exp=seq|k=10|one_way=True|seed=14,3,True,10,14,NN,180,144,0.028,1.1
blocks=3|exp=seq|k=10|one_way=True|seed=14,3,True,10,14,NN2opt,180,144,0.172,1.1
blocks=3|exp=seq|k=10|one_way=True|seed=14,3,True,10,14,GA,162,144,397.423,27.2
blocks=3|exp=seq|k=10|one_way=True|seed=14,3,True,10,14,ACO,144,144,86.174,11.7
blocks=3|exp=seq|k=10|one_way=True|seed=14,3,True,10,14,ALO,180,144,339.641,34.7
blocks=3|exp=seq|k=10|one_way=True|seed=14,3,True,10,14,Hybrid,144,144,1.881,1.1
blocks=3|exp=seq|k=10|one_way=True|seed=15,3,True,10,15,HeldKarp,114,114,13.637,286.0
blocks=3|exp=seq|k=10|one_way=True|seed=15,3,True,10,15,NN,150,114,0.029,1.1
blocks=3|exp=seq|k=10|one_way=True|seed=15,3,True,10,15,NN2opt,150,114,0.172,1.1
blocks=3|exp=seq|k=10|one_way=True|seed=15,3,True,10,15,GA,114,114,401.787,27.5
blocks=3|exp=seq|k=10|one_way=True|seed=15,3,True,10,15,ACO,114,114,87.253,11.7
blocks=3|exp=seq|k=10|one_way=True|seed=15,3,True,10,15,ALO,162,114,336.497,34.7
blocks=3|exp=seq|k=10|one_way=True|seed=15,3,True,10,15,Hybrid,114,114,1.802,1.1
blocks=3|exp=seq|k=10|one_way=True|seed=16,3,True,10,16,HeldKarp,138,138,13.61,286.0
blocks=3|exp=seq|k=10|one_way=True|seed=16,3,True,10,16,NN,174,138,0.028,1.1
blocks=3|exp=seq|k=10|one_way=True|seed=16,3,True,10,16,NN2opt,144,138,0.399,1.1
blocks=3|exp=seq|k=10|one_way=True|seed=16,3,True,10,16,GA,144,138,395.241,27.8
blocks=3|exp=seq|k=10|one_way=True|seed=16,3,True,10,16,ACO,138,138,84.852,11.6
blocks=3|exp=seq|k=10|one_way=True|seed=16,3,True,10,16,ALO,150,138,339.879,34.6
blocks=3|exp=seq|k=10|one_way=True|seed=16,3,True,10,16,Hybrid,138,138,2.235,1.1
blocks=3|exp=seq|k=10|one_way=True|seed=17,3,True,10,17,HeldKarp,168,168,13.52,286.0
blocks=3|exp=seq|k=10|one_way=True|seed=17,3,True,10,17,NN,228,168,0.026,1.1
blocks=3|exp=seq|k=10|one_way=True|seed=17,3,True,10,17,NN2opt,180,168,0.587,1.1
blocks=3|exp=seq|k=10|one_way=True|seed=17,3,True,10,17,GA,168,168,397.675,27.4
blocks=3|exp=seq|k=10|one_way=True|seed=17,3,True,10,17,ACO,168,168,84.449,11.6
blocks=3|exp=seq|k=10|one_way=True|seed=17,3,True,10,17,ALO,198,168,334.67,34.6
blocks=3|exp=seq|k=10|one_way=True|seed=17,3,True,10,17,Hybrid,180,168,2.266,1.1
blocks=3|exp=seq|k=10|one_way=True|seed=18,3,True,10,18,HeldKarp,150,150,13.28,286.0
blocks=3|exp=seq|k=10|one_way=True|seed=18,3,True,10,18,NN,168,150,0.03,1.1
blocks=3|exp=seq|k=10|one_way=True|seed=18,3,True,10,18,NN2opt,168,150,0.173,1.1
blocks=3|exp=seq|k=10|one_way=True|seed=18,3,True,10,18,GA,156,150,428.982,27.8
blocks=3|exp=seq|k=10|one_way=True|seed=18,3,True,10,18,ACO,150,150,86.923,11.6
blocks=3|exp=seq|k=10|one_way=True|seed=18,3,True,10,18,ALO,186,150,332.555,34.6
blocks=3|exp=seq|k=10|one_way=True|seed=18,3,True,10,18,Hybrid,150,150,1.801,1.1
blocks=3|exp=seq|k=10|one_way=True|seed=19,3,True,10,19,HeldKarp,168,168,14.156,286.0
blocks=3|exp=seq|k=10|one_way=True|seed=19,3,True,10,19,NN,204,168,0.029,1.1
blocks=3|exp=seq|k=10|one_way=True|seed=19,3,True,10,19,NN2opt,186,168,0.452,1.1
blocks=3|exp=seq|k=10|one_way=True|seed=19,3,True,10,19,GA,168,168,404.122,27.3
blocks=3|exp=seq|k=10|one_way=True|seed=19,3,True,10,19,ACO,168,168,84.364,11.7
blocks=3|exp=seq|k=10|one_way=True|seed=19,3,True,10,19,ALO,198,168,334.088,34.6
blocks=3|exp=seq|k=10|one_way=True|seed=19,3,True,10,19,Hybrid,168,168,2.451,1.1
blocks=3|exp=seq|k=10|one_way=True|seed=20,3,True,10,20,HeldKarp,138,138,13.614,286.0
blocks=3|exp=seq|k=10|one_way=True|seed=20,3,True,10,20,NN,168,138,0.028,1.1
blocks=3|exp=seq|k=10|one_way=True|seed=20,3,True,10,20,NN2opt,168,138,0.172,1.1
blocks=3|exp=seq|k=10|one_way=True|seed=20,3,True,10,20,GA,150,138,395.445,27.8
blocks=3|exp=seq|k=10|one_way=True|seed=20,3,True,10,20,ACO,144,138,85.984,11.7
blocks=3|exp=seq|k=10|one_way=True|seed=20,3,True,10,20,ALO,168,138,352.352,34.7
blocks=3|exp=seq|k=10|one_way=True|seed=20,3,True,10,20,Hybrid,150,138,1.859,1.1
blocks=3|exp=seq|k=10|one_way=True|seed=21,3,True,10,21,HeldKarp,150,150,13.555,286.0
blocks=3|exp=seq|k=10|one_way=True|seed=21,3,True,10,21,NN,168,150,0.027,1.1
blocks=3|exp=seq|k=10|one_way=True|seed=21,3,True,10,21,NN2opt,168,150,0.17,1.1
blocks=3|exp=seq|k=10|one_way=True|seed=21,3,True,10,21,GA,156,150,393.984,27.5
blocks=3|exp=seq|k=10|one_way=True|seed=21,3,True,10,21,ACO,150,150,118.483,11.7
blocks=3|exp=seq|k=10|one_way=True|seed=21,3,True,10,21,ALO,174,150,357.553,34.7
blocks=3|exp=seq|k=10|one_way=True|seed=21,3,True,10,21,Hybrid,150,150,2.251,1.1
blocks=3|exp=seq|k=10|one_way=True|seed=22,3,True,10,22,HeldKarp,180,180,13.242,286.0
blocks=3|exp=seq|k=10|one_way=True|seed=22,3,True,10,22,NN,210,180,0.029,1.1
blocks=3|exp=seq|k=10|one_way=True|seed=22,3,True,10,22,NN2opt,210,180,0.179,1.1
blocks=3|exp=seq|k=10|one_way=True|seed=22,3,True,10,22,GA,180,180,405.626,27.2
blocks=3|exp=seq|k=10|one_way=True|seed=22,3,True,10,22,ACO,180,180,91.657,11.6
blocks=3|exp=seq|k=10|one_way=True|seed=22,3,True,10,22,ALO,204,180,341.819,34.6
blocks=3|exp=seq|k=10|one_way=True|seed=22,3,True,10,22,Hybrid,198,180,2.053,1.1
blocks=3|exp=seq|k=10|one_way=True|seed=23,3,True,10,23,HeldKarp,168,168,13.292,286.0
blocks=3|exp=seq|k=10|one_way=True|seed=23,3,True,10,23,NN,204,168,0.029,1.1
blocks=3|exp=seq|k=10|one_way=True|seed=23,3,True,10,23,NN2opt,204,168,0.171,1.1
blocks=3|exp=seq|k=10|one_way=True|seed=23,3,True,10,23,GA,168,168,399.42,27.5
blocks=3|exp=seq|k=10|one_way=True|seed=23,3,True,10,23,ACO,168,168,84.821,11.6
blocks=3|exp=seq|k=10|one_way=True|seed=23,3,True,10,23,ALO,210,168,341.512,34.6
blocks=3|exp=seq|k=10|one_way=True|seed=23,3,True,10,23,Hybrid,174,168,2.29,1.1
blocks=3|exp=seq|k=10|one_way=True|seed=24,3,True,10,24,HeldKarp,186,186,13.934,286.0
blocks=3|exp=seq|k=10|one_way=True|seed=24,3,True,10,24,NN,186,186,0.028,1.1
blocks=3|exp=seq|k=10|one_way=True|seed=24,3,True,10,24,NN2opt,186,186,0.17,1.1
blocks=3|exp=seq|k=10|one_way=True|seed=24,3,True,10,24,GA,186,186,428.213,27.2
blocks=3|exp=seq|k=10|one_way=True|seed=24,3,True,10,24,ACO,186,186,85.81,11.7
blocks=3|exp=seq|k=10|one_way=True|seed=24,3,True,10,24,ALO,198,186,336.291,34.7
blocks=3|exp=seq|k=10|one_way=True|seed=24,3,True,10,24,Hybrid,186,186,0.801,1.1
blocks=3|exp=seq|k=10|one_way=True|seed=25,3,True,10,25,HeldKarp,168,168,14.311,286.0
blocks=3|exp=seq|k=10|one_way=True|seed=25,3,True,10,25,NN,198,168,0.029,1.1
blocks=3|exp=seq|k=10|one_way=True|seed=25,3,True,10,25,NN2opt,198,168,0.168,1.1
blocks=3|exp=seq|k=10|one_way=True|seed=25,3,True,10,25,GA,174,168,420.286,27.3
blocks=3|exp=seq|k=10|one_way=True|seed=25,3,True,10,25,ACO,168,168,84.07,11.6
blocks=3|exp=seq|k=10|one_way=True|seed=25,3,True,10,25,ALO,180,168,337.091,34.7
blocks=3|exp=seq|k=10|one_way=True|seed=25,3,True,10,25,Hybrid,180,168,1.948,1.1
blocks=3|exp=seq|k=10|one_way=True|seed=26,3,True,10,26,HeldKarp,144,144,26.867,286.0
blocks=3|exp=seq|k=10|one_way=True|seed=26,3,True,10,26,NN,150,144,0.03,1.1
blocks=3|exp=seq|k=10|one_way=True|seed=26,3,True,10,26,NN2opt,150,144,0.169,1.1
blocks=3|exp=seq|k=10|one_way=True|seed=26,3,True,10,26,GA,150,144,400.987,27.4
blocks=3|exp=seq|k=10|one_way=True|seed=26,3,True,10,26,ACO,144,144,86.477,11.6
blocks=3|exp=seq|k=10|one_way=True|seed=26,3,True,10,26,ALO,174,144,344.146,34.6
blocks=3|exp=seq|k=10|one_way=True|seed=26,3,True,10,26,Hybrid,150,144,0.834,1.1
blocks=3|exp=seq|k=10|one_way=True|seed=27,3,True,10,27,HeldKarp,132,132,15.265,286.0
blocks=3|exp=seq|k=10|one_way=True|seed=27,3,True,10,27,NN,174,132,0.029,1.1
blocks=3|exp=seq|k=10|one_way=True|seed=27,3,True,10,27,NN2opt,132,132,0.314,1.1
blocks=3|exp=seq|k=10|one_way=True|seed=27,3,True,10,27,GA,132,132,443.057,27.2
blocks=3|exp=seq|k=10|one_way=True|seed=27,3,True,10,27,ACO,132,132,85.617,11.6
blocks=3|exp=seq|k=10|one_way=True|seed=27,3,True,10,27,ALO,192,132,333.668,34.6
blocks=3|exp=seq|k=10|one_way=True|seed=27,3,True,10,27,Hybrid,132,132,2.773,1.1
blocks=3|exp=seq|k=10|one_way=True|seed=28,3,True,10,28,HeldKarp,180,180,13.584,286.0
blocks=3|exp=seq|k=10|one_way=True|seed=28,3,True,10,28,NN,258,180,0.027,1.1
blocks=3|exp=seq|k=10|one_way=True|seed=28,3,True,10,28,NN2opt,204,180,0.456,1.1
blocks=3|exp=seq|k=10|one_way=True|seed=28,3,True,10,28,GA,180,180,403.154,27.5
blocks=3|exp=seq|k=10|one_way=True|seed=28,3,True,10,28,ACO,180,180,88.303,11.6
blocks=3|exp=seq|k=10|one_way=True|seed=28,3,True,10,28,ALO,228,180,333.952,34.7
blocks=3|exp=seq|k=10|one_way=True|seed=28,3,True,10,28,Hybrid,204,180,2.498,1.1
blocks=3|exp=seq|k=10|one_way=True|seed=29,3,True,10,29,HeldKarp,150,150,13.498,286.0
blocks=3|exp=seq|k=10|one_way=True|seed=29,3,True,10,29,NN,180,150,0.028,1.1
blocks=3|exp=seq|k=10|one_way=True|seed=29,3,True,10,29,NN2opt,174,150,0.314,1.1
blocks=3|exp=seq|k=10|one_way=True|seed=29,3,True,10,29,GA,156,150,395.954,27.2
blocks=3|exp=seq|k=10|one_way=True|seed=29,3,True,10,29,ACO,150,150,87.564,11.5
blocks=3|exp=seq|k=10|one_way=True|seed=29,3,True,10,29,ALO,168,150,333.507,34.6
blocks=3|exp=seq|k=10|one_way=True|seed=29,3,True,10,29,Hybrid,168,150,1.912,1.1
blocks=3|exp=seq|k=12|one_way=True|seed=0,3,True,12,0,HeldKarp,168,168,76.088,1277.3
blocks=3|exp=seq|k=12|one_way=True|seed=0,3,True,12,0,NN,198,168,0.037,1.1
blocks=3|exp=seq|k=12|one_way=True|seed=0,3,True,12,0,NN2opt,192,168,0.476,1.1
blocks=3|exp=seq|k=12|one_way=True|seed=0,3,True,12,0,GA,168,168,422.305,27.4
blocks=3|exp=seq|k=12|one_way=True|seed=0,3,True,12,0,ACO,168,168,113.431,14.8
blocks=3|exp=seq|k=12|one_way=True|seed=0,3,True,12,0,ALO,252,168,348.192,47.2
blocks=3|exp=seq|k=12|one_way=True|seed=0,3,True,12,0,Hybrid,168,168,3.258,1.1
blocks=3|exp=seq|k=12|one_way=True|seed=1,3,True,12,1,HeldKarp,168,168,78.559,1277.3
blocks=3|exp=seq|k=12|one_way=True|seed=1,3,True,12,1,NN,192,168,0.047,1.1
blocks=3|exp=seq|k=12|one_way=True|seed=1,3,True,12,1,NN2opt,174,168,0.707,1.1
blocks=3|exp=seq|k=12|one_way=True|seed=1,3,True,12,1,GA,174,168,425.067,27.3
blocks=3|exp=seq|k=12|one_way=True|seed=1,3,True,12,1,ACO,168,168,113.395,14.8
blocks=3|exp=seq|k=12|one_way=True|seed=1,3,True,12,1,ALO,204,168,348.094,41.1
blocks=3|exp=seq|k=12|one_way=True|seed=1,3,True,12,1,Hybrid,168,168,4.722,1.1
blocks=3|exp=seq|k=12|one_way=True|seed=2,3,True,12,2,HeldKarp,186,186,75.573,1277.3
blocks=3|exp=seq|k=12|one_way=True|seed=2,3,True,12,2,NN,204,186,0.038,1.1
blocks=3|exp=seq|k=12|one_way=True|seed=2,3,True,12,2,NN2opt,186,186,0.694,1.1
blocks=3|exp=seq|k=12|one_way=True|seed=2,3,True,12,2,GA,186,186,421.393,27.7
blocks=3|exp=seq|k=12|one_way=True|seed=2,3,True,12,2,ACO,186,186,111.827,14.7
blocks=3|exp=seq|k=12|one_way=True|seed=2,3,True,12,2,ALO,210,186,351.213,40.6
blocks=3|exp=seq|k=12|one_way=True|seed=2,3,True,12,2,Hybrid,186,186,2.744,1.1
blocks=3|exp=seq|k=12|one_way=True|seed=3,3,True,12,3,HeldKarp,168,168,77.137,1277.7
blocks=3|exp=seq|k=12|one_way=True|seed=3,3,True,12,3,NN,222,168,0.038,1.1
blocks=3|exp=seq|k=12|one_way=True|seed=3,3,True,12,3,NN2opt,198,168,0.549,1.1
blocks=3|exp=seq|k=12|one_way=True|seed=3,3,True,12,3,GA,192,168,424.344,28.1
blocks=3|exp=seq|k=12|one_way=True|seed=3,3,True,12,3,ACO,174,168,111.497,14.8
blocks=3|exp=seq|k=12|one_way=True|seed=3,3,True,12,3,ALO,222,168,349.719,40.8
blocks=3|exp=seq|k=12|one_way=True|seed=3,3,True,12,3,Hybrid,168,168,4.353,1.1
blocks=3|exp=seq|k=12|one_way=True|seed=4,3,True,12,4,HeldKarp,150,150,78.022,1277.3
blocks=3|exp=seq|k=12|one_way=True|seed=4,3,True,12,4,NN,180,150,0.038,1.1
blocks=3|exp=seq|k=12|one_way=True|seed=4,3,True,12,4,NN2opt,180,150,0.26,1.1
blocks=3|exp=seq|k=12|one_way=True|seed=4,3,True,12,4,GA,174,150,423.436,27.6
blocks=3|exp=seq|k=12|one_way=True|seed=4,3,True,12,4,ACO,150,150,112.222,14.7
blocks=3|exp=seq|k=12|one_way=True|seed=4,3,True,12,4,ALO,228,150,351.5,40.6
blocks=3|exp=seq|k=12|one_way=True|seed=4,3,True,12,4,Hybrid,156,150,2.657,1.1
blocks=3|exp=seq|k=12|one_way=True|seed=5,3,True,12,5,HeldKarp,162,162,76.891,1277.3
blocks=3|exp=seq|k=12|one_way=True|seed=5,3,True,12,5,NN,192,162,0.038,1.1
blocks=3|exp=seq|k=12|one_way=True|seed=5,3,True,12,5,NN2opt,192,162,0.274,1.1
blocks=3|exp=seq|k=12|one_way=True|seed=5,3,True,12,5,GA,168,162,433.104,27.7
blocks=3|exp=seq|k=12|one_way=True|seed=5,3,True,12,5,ACO,162,162,110.276,14.8
blocks=3|exp=seq|k=12|one_way=True|seed=5,3,True,12,5,ALO,216,162,355.948,40.7
blocks=3|exp=seq|k=12|one_way=True|seed=5,3,True,12,5,Hybrid,168,162,4.846,1.1
blocks=3|exp=seq|k=12|one_way=True|seed=6,3,True,12,6,HeldKarp,168,168,85.479,1277.3
blocks=3|exp=seq|k=12|one_way=True|seed=6,3,True,12,6,NN,174,168,0.04,1.1
blocks=3|exp=seq|k=12|one_way=True|seed=6,3,True,12,6,NN2opt,174,168,0.29,1.1
blocks=3|exp=seq|k=12|one_way=True|seed=6,3,True,12,6,GA,192,168,430.073,27.5
blocks=3|exp=seq|k=12|one_way=True|seed=6,3,True,12,6,ACO,168,168,112.742,14.8
blocks=3|exp=seq|k=12|one_way=True|seed=6,3,True,12,6,ALO,216,168,354.113,40.7
blocks=3|exp=seq|k=12|one_way=True|seed=6,3,True,12,6,Hybrid,168,168,3.357,1.1
blocks=3|exp=seq|k=12|one_way=True|seed=7,3,True,12,7,HeldKarp,174,174,77.011,1277.3
blocks=3|exp=seq|k=12|one_way=True|seed=7,3,True,12,7,NN,246,174,0.038,1.1
blocks=3|exp=seq|k=12|one_way=True|seed=7,3,True,12,7,NN2opt,186,174,0.909,1.1
blocks=3|exp=seq|k=12|one_way=True|seed=7,3,True,12,7,GA,192,174,422.409,27.9
blocks=3|exp=seq|k=12|one_way=True|seed=7,3,True,12,7,ACO,186,174,114.036,14.8
blocks=3|exp=seq|k=12|one_way=True|seed=7,3,True,12,7,ALO,234,174,382.721,45.0
blocks=3|exp=seq|k=12|one_way=True|seed=7,3,True,12,7,Hybrid,180,174,5.255,1.1
blocks=3|exp=seq|k=12|one_way=True|seed=8,3,True,12,8,HeldKarp,186,186,75.928,1277.3
blocks=3|exp=seq|k=12|one_way=True|seed=8,3,True,12,8,NN,258,186,0.038,1.1
blocks=3|exp=seq|k=12|one_way=True|seed=8,3,True,12,8,NN2opt,228,186,0.483,1.1
blocks=3|exp=seq|k=12|one_way=True|seed=8,3,True,12,8,GA,198,186,427.187,27.9
blocks=3|exp=seq|k=12|one_way=True|seed=8,3,True,12,8,ACO,186,186,111.043,14.8
blocks=3|exp=seq|k=12|one_way=True|seed=8,3,True,12,8,ALO,252,186,398.109,40.9
blocks=3|exp=seq|k=12|one_way=True|seed=8,3,True,12,8,Hybrid,204,186,3.782,1.1
blocks=3|exp=seq|k=12|one_way=True|seed=9,3,True,12,9,HeldKarp,210,210,86.68,1277.3
blocks=3|exp=seq|k=12|one_way=True|seed=9,3,True,12,9,NN,276,210,0.037,1.1
blocks=3|exp=seq|k=12|one_way=True|seed=9,3,True,12,9,NN2opt,246,210,0.481,1.1
blocks=3|exp=seq|k=12|one_way=True|seed=9,3,True,12,9,GA,234,210,424.317,27.3
blocks=3|exp=seq|k=12|one_way=True|seed=9,3,True,12,9,ACO,222,210,111.302,14.8
blocks=3|exp=seq|k=12|one_way=True|seed=9,3,True,12,9,ALO,252,210,349.875,40.6
blocks=3|exp=seq|k=12|one_way=True|seed=9,3,True,12,9,Hybrid,222,210,3.665,1.1
blocks=3|exp=seq|k=12|one_way=True|seed=10,3,True,12,10,HeldKarp,168,168,79.003,1277.3
blocks=3|exp=seq|k=12|one_way=True|seed=10,3,True,12,10,NN,204,168,0.038,1.1
blocks=3|exp=seq|k=12|one_way=True|seed=10,3,True,12,10,NN2opt,204,168,0.259,1.1
blocks=3|exp=seq|k=12|one_way=True|seed=10,3,True,12,10,GA,180,168,427.852,27.7
blocks=3|exp=seq|k=12|one_way=True|seed=10,3,True,12,10,ACO,168,168,112.237,14.8
blocks=3|exp=seq|k=12|one_way=True|seed=10,3,True,12,10,ALO,228,168,342.416,40.6
blocks=3|exp=seq|k=12|one_way=True|seed=10,3,True,12,10,Hybrid,168,168,4.175,1.1
blocks=3|exp=seq|k=12|one_way=True|seed=11,3,True,12,11,HeldKarp,162,162,75.906,1277.3
blocks=3|exp=seq|k=12|one_way=True|seed=11,3,True,12,11,NN,216,162,0.037,1.1
blocks=3|exp=seq|k=12|one_way=True|seed=11,3,True,12,11,NN2opt,210,162,0.498,1.1
blocks=3|exp=seq|k=12|one_way=True|seed=11,3,True,12,11,GA,174,162,423.663,27.7
blocks=3|exp=seq|k=12|one_way=True|seed=11,3,True,12,11,ACO,162,162,111.966,14.8
blocks=3|exp=seq|k=12|one_way=True|seed=11,3,True,12,11,ALO,258,162,351.967,40.7
blocks=3|exp=seq|k=12|one_way=True|seed=11,3,True,12,11,Hybrid,192,162,2.835,1.1
blocks=3|exp=seq|k=12|one_way=True|seed=12,3,True,12,12,HeldKarp,162,162,86.414,1277.3
blocks=3|exp=seq|k=12|one_way=True|seed=12,3,True,12,12,NN,216,162,0.038,1.1
blocks=3|exp=seq|k=12|one_way=True|seed=12,3,True,12,12,NN2opt,168,162,0.721,1.1
blocks=3|exp=seq|k=12|one_way=True|seed=12,3,True,12,12,GA,174,162,426.465,27.7
blocks=3|exp=seq|k=12|one_way=True|seed=12,3,True,12,12,ACO,162,162,111.223,14.7
blocks=3|exp=seq|k=12|one_way=True|seed=12,3,True,12,12,ALO,216,162,353.817,40.6
blocks=3|exp=seq|k=12|one_way=True|seed=12,3,True,12,12,Hybrid,162,162,5.41,1.1
blocks=3|exp=seq|k=12|one_way=True|seed=13,3,True,12,13,HeldKarp,156,156,77.777,1277.3
blocks=3|exp=seq|k=12|one_way=True|seed=13,3,True,12,13,NN,198,156,0.037,1.1
blocks=3|exp=seq|k=12|one_way=True|seed=13,3,True,12,13,NN2opt,198,156,0.259,1.1
blocks=3|exp=seq|k=12|one_way=True|seed=13,3,True,12,13,GA,162,156,426.225,27.6
blocks=3|exp=seq|k=12|one_way=True|seed=13,3,True,12,13,ACO,156,156,111.89,14.8
blocks=3|exp=seq|k=12|one_way=True|seed=13,3,True,12,13,ALO,204,156,351.954,40.6
blocks=3|exp=seq|k=12|one_way=True|seed=13,3,True,12,13,Hybrid,156,156,3.5,1.1
blocks=3|exp=seq|k=12|one_way=True|seed=14,3,True,12,14,HeldKarp,168,168,77.022,1277.3
blocks=3|exp=seq|k=12|one_way=True|seed=14,3,True,12,14,NN,210,168,0.038,1.1
blocks=3|exp=seq|k=12|one_way=True|seed=14,3,True,12,14,NN2opt,210,168,0.263,1.1
blocks=3|exp=seq|k=12|one_way=True|seed=14,3,True,12,14,GA,192,168,483.297,27.5
blocks=3|exp=seq|k=12|one_way=True|seed=14,3,True,12,14,ACO,168,168,114.122,14.8
blocks=3|exp=seq|k=12|one_way=True|seed=14,3,True,12,14,ALO,228,168,359.754,40.8
blocks=3|exp=seq|k=12|one_way=True|seed=14,3,True,12,14,Hybrid,168,168,3.74,1.1
blocks=3|exp=seq|k=12|one_way=True|seed=15,3,True,12,15,HeldKarp,180,180,77.052,1277.3
blocks=3|exp=seq|k=12|one_way=True|seed=15,3,True,12,15,NN,180,180,0.039,1.1
blocks=3|exp=seq|k=12|one_way=True|seed=15,3,True,12,15,NN2opt,180,180,0.272,1.1
blocks=3|exp=seq|k=12|one_way=True|seed=15,3,True,12,15,GA,180,180,426.721,27.5
blocks=3|exp=seq|k=12|one_way=True|seed=15,3,True,12,15,ACO,180,180,111.62,14.8
blocks=3|exp=seq|k=12|one_way=True|seed=15,3,True,12,15,ALO,222,180,354.803,40.6
blocks=3|exp=seq|k=12|one_way=True|seed=15,3,True,12,15,Hybrid,180,180,1.308,1.1
blocks=3|exp=seq|k=12|one_way=True|seed=16,3,True,12,16,HeldKarp,186,186,96.472,1277.3
blocks=3|exp=seq|k=12|one_way=True|seed=16,3,True,12,16,NN,264,186,0.037,1.1
blocks=3|exp=seq|k=12|one_way=True|seed=16,3,True,12,16,NN2opt,228,186,0.493,1.1
blocks=3|exp=seq|k=12|one_way=True|seed=16,3,True,12,16,GA,222,186,449.645,27.8
blocks=3|exp=seq|k=12|one_way=True|seed=16,3,True,12,16,ACO,186,186,110.437,14.8
blocks=3|exp=seq|k=12|one_way=True|seed=16,3,True,12,16,ALO,270,186,352.045,40.7
blocks=3|exp=seq|k=12|one_way=True|seed=16,3,True,12,16,Hybrid,192,186,3.931,1.1
blocks=3|exp=seq|k=12|one_way=True|seed=17,3,True,12,17,HeldKarp,174,174,78.334,1277.3
blocks=3|exp=seq|k=12|one_way=True|seed=17,3,True,12,17,NN,210,174,0.04,1.1
blocks=3|exp=seq|k=12|one_way=True|seed=17,3,True,12,17,NN2opt,204,174,0.495,1.1
blocks=3|exp=seq|k=12|one_way=True|seed=17,3,True,12,17,GA,186,174,442.005,27.5
blocks=3|exp=seq|k=12|one_way=True|seed=17,3,True,12,17,ACO,174,174,113.028,14.8
blocks=3|exp=seq|k=12|one_way=True|seed=17,3,True,12,17,ALO,234,174,355.116,42.0
blocks=3|exp=seq|k=12|one_way=True|seed=17,3,True,12,17,Hybrid,174,174,3.324,1.1
blocks=3|exp=seq|k=12|one_way=True|seed=18,3,True,12,18,HeldKarp,174,174,81.025,1277.3
blocks=3|exp=seq|k=12|one_way=True|seed=18,3,True,12,18,NN,210,174,0.038,1.1
blocks=3|exp=seq|k=12|one_way=True|seed=18,3,True,12,18,NN2opt,210,174,0.258,1.1
blocks=3|exp=seq|k=12|one_way=True|seed=18,3,True,12,18,GA,192,174,429.152,27.7
blocks=3|exp=seq|k=12|one_way=True|seed=18,3,True,12,18,ACO,174,174,112.789,14.8
blocks=3|exp=seq|k=12|one_way=True|seed=18,3,True,12,18,ALO,234,174,345.952,40.6
blocks=3|exp=seq|k=12|one_way=True|seed=18,3,True,12,18,Hybrid,174,174,3.446,1.1
blocks=3|exp=seq|k=12|one_way=True|seed=20,3,True,12,20,HeldKarp,156,156,78.722,1277.3
blocks=3|exp=seq|k=12|one_way=True|seed=20,3,True,12,20,NN,198,156,0.049,1.1
blocks=3|exp=seq|k=12|one_way=True|seed=20,3,True,12,20,NN2opt,198,156,0.259,1.1
blocks=3|exp=seq|k=12|one_way=True|seed=20,3,True,12,20,GA,162,156,424.423,27.6
blocks=3|exp=seq|k=12|one_way=True|seed=20,3,True,12,20,ACO,156,156,113.239,14.7
blocks=3|exp=seq|k=12|one_way=True|seed=20,3,True,12,20,ALO,204,156,349.004,40.6
blocks=3|exp=seq|k=12|one_way=True|seed=20,3,True,12,20,Hybrid,162,156,3.294,1.1
blocks=3|exp=seq|k=12|one_way=True|seed=19,3,True,12,19,HeldKarp,162,162,76.023,1277.3
blocks=3|exp=seq|k=12|one_way=True|seed=19,3,True,12,19,NN,198,162,0.04,1.1
blocks=3|exp=seq|k=12|one_way=True|seed=19,3,True,12,19,NN2opt,192,162,0.481,1.1
blocks=3|exp=seq|k=12|one_way=True|seed=19,3,True,12,19,GA,162,162,426.045,28.0
blocks=3|exp=seq|k=12|one_way=True|seed=19,3,True,12,19,ACO,162,162,113.752,14.8
blocks=3|exp=seq|k=12|one_way=True|seed=19,3,True,12,19,ALO,252,162,349.259,40.6
blocks=3|exp=seq|k=12|one_way=True|seed=19,3,True,12,19,Hybrid,186,162,3.222,1.1
blocks=3|exp=seq|k=12|one_way=True|seed=21,3,True,12,21,HeldKarp,150,150,76.625,1277.3
blocks=3|exp=seq|k=12|one_way=True|seed=21,3,True,12,21,NN,150,150,0.039,1.1
blocks=3|exp=seq|k=12|one_way=True|seed=21,3,True,12,21,NN2opt,150,150,0.259,1.1
blocks=3|exp=seq|k=12|one_way=True|seed=21,3,True,12,21,GA,156,150,434.72,27.5
blocks=3|exp=seq|k=12|one_way=True|seed=21,3,True,12,21,ACO,150,150,113.096,14.7
blocks=3|exp=seq|k=12|one_way=True|seed=21,3,True,12,21,ALO,150,150,345.344,40.7
blocks=3|exp=seq|k=12|one_way=True|seed=21,3,True,12,21,Hybrid,150,150,1.288,1.1
blocks=3|exp=seq|k=12|one_way=True|seed=22,3,True,12,22,HeldKarp,180,180,77.575,1277.3
blocks=3|exp=seq|k=12|one_way=True|seed=22,3,True,12,22,NN,234,180,0.038,1.1
blocks=3|exp=seq|k=12|one_way=True|seed=22,3,True,12,22,NN2opt,216,180,0.476,1.1
blocks=3|exp=seq|k=12|one_way=True|seed=22,3,True,12,22,GA,186,180,423.613,27.4
blocks=3|exp=seq|k=12|one_way=True|seed=22,3,True,12,22,ACO,192,180,113.593,14.8
blocks=3|exp=seq|k=12|one_way=True|seed=22,3,True,12,22,ALO,228,180,345.452,40.6
blocks=3|exp=seq|k=12|one_way=True|seed=22,3,True,12,22,Hybrid,180,180,4.667,1.1
blocks=3|exp=seq|k=12|one_way=True|seed=23,3,True,12,23,HeldKarp,168,168,77.99,1277.3
blocks=3|exp=seq|k=12|one_way=True|seed=23,3,True,12,23,NN,168,168,0.04,1.1
blocks=3|exp=seq|k=12|one_way=True|seed=23,3,True,12,23,NN2opt,168,168,0.264,1.1
blocks=3|exp=seq|k=12|one_way=True|seed=23,3,True,12,23,GA,168,168,428.402,27.4
blocks=3|exp=seq|k=12|one_way=True|seed=23,3,True,12,23,ACO,168,168,111.841,14.8
blocks=3|exp=seq|k=12|one_way=True|seed=23,3,True,12,23,ALO,234,168,354.834,40.7
blocks=3|exp=seq|k=12|one_way=True|seed=23,3,True,12,23,Hybrid,168,168,1.324,1.1
blocks=3|exp=seq|k=12|one_way=True|seed=24,3,True,12,24,HeldKarp,174,174,75.979,1277.3
blocks=3|exp=seq|k=12|one_way=True|seed=24,3,True,12,24,NN,186,174,0.04,1.1
blocks=3|exp=seq|k=12|one_way=True|seed=24,3,True,12,24,NN2opt,186,174,0.26,1.1
blocks=3|exp=seq|k=12|one_way=True|seed=24,3,True,12,24,GA,192,174,426.439,27.6
blocks=3|exp=seq|k=12|one_way=True|seed=24,3,True,12,24,ACO,174,174,110.491,14.8
blocks=3|exp=seq|k=12|one_way=True|seed=24,3,True,12,24,ALO,276,174,361.689,40.7
blocks=3|exp=seq|k=12|one_way=True|seed=24,3,True,12,24,Hybrid,174,174,3.029,1.1
blocks=3|exp=seq|k=12|one_way=True|seed=25,3,True,12,25,HeldKarp,192,192,76.887,1277.3
blocks=3|exp=seq|k=12|one_way=True|seed=25,3,True,12,25,NN,258,192,0.037,1.1
blocks=3|exp=seq|k=12|one_way=True|seed=25,3,True,12,25,NN2opt,204,192,0.716,1.1
blocks=3|exp=seq|k=12|one_way=True|seed=25,3,True,12,25,GA,192,192,419.26,27.5
blocks=3|exp=seq|k=12|one_way=True|seed=25,3,True,12,25,ACO,192,192,111.869,14.8
blocks=3|exp=seq|k=12|one_way=True|seed=25,3,True,12,25,ALO,210,192,344.692,40.7
blocks=3|exp=seq|k=12|one_way=True|seed=25,3,True,12,25,Hybrid,204,192,3.622,1.1
blocks=3|exp=seq|k=12|one_way=True|seed=26,3,True,12,26,HeldKarp,150,150,77.099,1277.3
blocks=3|exp=seq|k=12|one_way=True|seed=26,3,True,12,26,NN,222,150,0.037,1.1
blocks=3|exp=seq|k=12|one_way=True|seed=26,3,True,12,26,NN2opt,180,150,0.732,1.1
blocks=3|exp=seq|k=12|one_way=True|seed=26,3,True,12,26,GA,192,150,431.333,27.4
blocks=3|exp=seq|k=12|one_way=True|seed=26,3,True,12,26,ACO,150,150,111.091,14.8
blocks=3|exp=seq|k=12|one_way=True|seed=26,3,True,12,26,ALO,186,150,347.425,40.7
blocks=3|exp=seq|k=12|one_way=True|seed=26,3,True,12,26,Hybrid,162,150,3.932,1.1
blocks=3|exp=seq|k=12|one_way=True|seed=27,3,True,12,27,HeldKarp,204,204,76.805,1277.3
blocks=3|exp=seq|k=12|one_way=True|seed=27,3,True,12,27,NN,222,204,0.039,1.1
blocks=3|exp=seq|k=12|one_way=True|seed=27,3,True,12,27,NN2opt,210,204,0.61,1.1
blocks=3|exp=seq|k=12|one_way=True|seed=27,3,True,12,27,GA,210,204,429.103,27.8
blocks=3|exp=seq|k=12|one_way=True|seed=27,3,True,12,27,ACO,204,204,112.059,14.8
blocks=3|exp=seq|k=12|one_way=True|seed=27,3,True,12,27,ALO,258,204,348.775,40.6
blocks=3|exp=seq|k=12|one_way=True|seed=27,3,True,12,27,Hybrid,204,204,3.195,1.1
blocks=3|exp=seq|k=12|one_way=True|seed=28,3,True,12,28,HeldKarp,156,156,76.558,1277.3
blocks=3|exp=seq|k=12|one_way=True|seed=28,3,True,12,28,NN,180,156,0.037,1.1
blocks=3|exp=seq|k=12|one_way=True|seed=28,3,True,12,28,NN2opt,180,156,0.266,1.1
blocks=3|exp=seq|k=12|one_way=True|seed=28,3,True,12,28,GA,174,156,423.262,27.2
blocks=3|exp=seq|k=12|one_way=True|seed=28,3,True,12,28,ACO,156,156,113.401,14.7
blocks=3|exp=seq|k=12|one_way=True|seed=28,3,True,12,28,ALO,216,156,348.852,40.7
blocks=3|exp=seq|k=12|one_way=True|seed=28,3,True,12,28,Hybrid,162,156,2.885,1.1
blocks=3|exp=seq|k=12|one_way=True|seed=29,3,True,12,29,HeldKarp,162,162,78.663,1277.3
blocks=3|exp=seq|k=12|one_way=True|seed=29,3,True,12,29,NN,162,162,0.037,1.1
blocks=3|exp=seq|k=12|one_way=True|seed=29,3,True,12,29,NN2opt,162,162,0.264,1.1
blocks=3|exp=seq|k=12|one_way=True|seed=29,3,True,12,29,GA,174,162,426.787,27.6
blocks=3|exp=seq|k=12|one_way=True|seed=29,3,True,12,29,ACO,162,162,110.927,14.7
blocks=3|exp=seq|k=12|one_way=True|seed=29,3,True,12,29,ALO,168,162,342.675,40.9
blocks=3|exp=seq|k=12|one_way=True|seed=29,3,True,12,29,Hybrid,162,162,1.385,1.1
blocks=3|exp=seq|k=20|one_way=True|seed=0,3,True,20,0,NN,246,,0.078,2.9
blocks=3|exp=seq|k=20|one_way=True|seed=0,3,True,20,0,NN2opt,246,,0.931,2.9
blocks=3|exp=seq|k=20|one_way=True|seed=0,3,True,20,0,GA,270,,528.301,36.8
blocks=3|exp=seq|k=20|one_way=True|seed=0,3,True,20,0,ACO,222,,242.07,33.5
blocks=3|exp=seq|k=20|one_way=True|seed=0,3,True,20,0,ALO,396,,415.621,64.6
blocks=3|exp=seq|k=20|one_way=True|seed=0,3,True,20,0,Hybrid,222,,16.807,2.9
blocks=3|exp=seq|k=20|one_way=True|seed=1,3,True,20,1,NN,252,,0.074,2.9
blocks=3|exp=seq|k=20|one_way=True|seed=1,3,True,20,1,NN2opt,228,,2.27,2.9
blocks=3|exp=seq|k=20|one_way=True|seed=1,3,True,20,1,GA,312,,534.068,36.8
blocks=3|exp=seq|k=20|one_way=True|seed=1,3,True,20,1,ACO,228,,248.993,33.5
blocks=3|exp=seq|k=20|one_way=True|seed=1,3,True,20,1,ALO,456,,400.953,64.6
blocks=3|exp=seq|k=20|one_way=True|seed=1,3,True,20,1,Hybrid,228,,17.539,2.9
blocks=3|exp=seq|k=20|one_way=True|seed=2,3,True,20,2,NN,240,,0.079,2.9
blocks=3|exp=seq|k=20|one_way=True|seed=2,3,True,20,2,NN2opt,234,,1.831,2.9
blocks=3|exp=seq|k=20|one_way=True|seed=2,3,True,20,2,GA,294,,528.018,36.3
blocks=3|exp=seq|k=20|one_way=True|seed=2,3,True,20,2,ACO,180,,242.475,33.5
blocks=3|exp=seq|k=20|one_way=True|seed=2,3,True,20,2,ALO,342,,419.735,64.7
blocks=3|exp=seq|k=20|one_way=True|seed=2,3,True,20,2,Hybrid,210,,15.417,2.9
blocks=3|exp=seq|k=20|one_way=True|seed=3,3,True,20,3,NN,228,,0.073,2.9
blocks=3|exp=seq|k=20|one_way=True|seed=3,3,True,20,3,NN2opt,228,,0.902,2.9
blocks=3|exp=seq|k=20|one_way=True|seed=3,3,True,20,3,GA,264,,526.062,36.3
blocks=3|exp=seq|k=20|one_way=True|seed=3,3,True,20,3,ACO,186,,244.951,33.5
blocks=3|exp=seq|k=20|one_way=True|seed=3,3,True,20,3,ALO,366,,411.478,64.7
blocks=3|exp=seq|k=20|one_way=True|seed=3,3,True,20,3,Hybrid,204,,12.261,2.9
blocks=3|exp=seq|k=20|one_way=True|seed=4,3,True,20,4,NN,222,,0.075,2.9
blocks=3|exp=seq|k=20|one_way=True|seed=4,3,True,20,4,NN2opt,222,,0.898,2.9
blocks=3|exp=seq|k=20|one_way=True|seed=4,3,True,20,4,GA,270,,522.833,36.6
blocks=3|exp=seq|k=20|one_way=True|seed=4,3,True,20,4,ACO,204,,246.812,33.5
blocks=3|exp=seq|k=20|one_way=True|seed=4,3,True,20,4,ALO,384,,405.039,64.6
blocks=3|exp=seq|k=20|one_way=True|seed=4,3,True,20,4,Hybrid,210,,14.375,2.9
blocks=3|exp=seq|k=20|one_way=True|seed=5,3,True,20,5,NN,240,,0.07,2.9
blocks=3|exp=seq|k=20|one_way=True|seed=5,3,True,20,5,NN2opt,240,,0.923,2.9
blocks=3|exp=seq|k=20|one_way=True|seed=5,3,True,20,5,GA,222,,523.108,36.9
blocks=3|exp=seq|k=20|one_way=True|seed=5,3,True,20,5,ACO,186,,245.421,33.5
blocks=3|exp=seq|k=20|one_way=True|seed=5,3,True,20,5,ALO,366,,398.371,64.7
blocks=3|exp=seq|k=20|one_way=True|seed=5,3,True,20,5,Hybrid,192,,14.64,2.9
blocks=3|exp=seq|k=20|one_way=True|seed=6,3,True,20,6,NN,234,,0.071,2.9
blocks=3|exp=seq|k=20|one_way=True|seed=6,3,True,20,6,NN2opt,234,,0.96,2.9
blocks=3|exp=seq|k=20|one_way=True|seed=6,3,True,20,6,GA,234,,531.991,36.5
blocks=3|exp=seq|k=20|one_way=True|seed=6,3,True,20,6,ACO,204,,253.917,33.5
blocks=3|exp=seq|k=20|one_way=True|seed=6,3,True,20,6,ALO,432,,394.83,64.7
blocks=3|exp=seq|k=20|one_way=True|seed=6,3,True,20,6,Hybrid,174,,17.634,2.9
blocks=3|exp=seq|k=20|one_way=True|seed=7,3,True,20,7,NN,246,,0.074,2.9
blocks=3|exp=seq|k=20|one_way=True|seed=7,3,True,20,7,NN2opt,246,,0.934,2.9
blocks=3|exp=seq|k=20|one_way=True|seed=7,3,True,20,7,GA,258,,528.967,36.8
blocks=3|exp=seq|k=20|one_way=True|seed=7,3,True,20,7,ACO,186,,242.715,33.5
blocks=3|exp=seq|k=20|one_way=True|seed=7,3,True,20,7,ALO,372,,400.979,64.7
blocks=3|exp=seq|k=20|one_way=True|seed=7,3,True,20,7,Hybrid,180,,20.122,2.9
blocks=3|exp=seq|k=20|one_way=True|seed=8,3,True,20,8,NN,228,,0.074,2.9
blocks=3|exp=seq|k=20|one_way=True|seed=8,3,True,20,8,NN2opt,228,,0.951,2.9
blocks=3|exp=seq|k=20|one_way=True|seed=8,3,True,20,8,GA,246,,529.003,36.8
blocks=3|exp=seq|k=20|one_way=True|seed=8,3,True,20,8,ACO,204,,248.633,33.5
blocks=3|exp=seq|k=20|one_way=True|seed=8,3,True,20,8,ALO,378,,397.17,64.6
blocks=3|exp=seq|k=20|one_way=True|seed=8,3,True,20,8,Hybrid,198,,19.104,2.9
blocks=3|exp=seq|k=20|one_way=True|seed=9,3,True,20,9,NN,192,,0.072,2.9
blocks=3|exp=seq|k=20|one_way=True|seed=9,3,True,20,9,NN2opt,192,,0.904,2.9
blocks=3|exp=seq|k=20|one_way=True|seed=9,3,True,20,9,GA,210,,522.884,37.0
blocks=3|exp=seq|k=20|one_way=True|seed=9,3,True,20,9,ACO,168,,239.48,33.5
blocks=3|exp=seq|k=20|one_way=True|seed=9,3,True,20,9,ALO,372,,401.793,64.6
blocks=3|exp=seq|k=20|one_way=True|seed=9,3,True,20,9,Hybrid,174,,18.633,2.9
blocks=3|exp=seq|k=20|one_way=True|seed=10,3,True,20,10,NN,258,,0.072,2.9
blocks=3|exp=seq|k=20|one_way=True|seed=10,3,True,20,10,NN2opt,216,,2.568,2.9
blocks=3|exp=seq|k=20|one_way=True|seed=10,3,True,20,10,GA,240,,539.168,36.5
blocks=3|exp=seq|k=20|one_way=True|seed=10,3,True,20,10,ACO,210,,244.099,33.5
blocks=3|exp=seq|k=20|one_way=True|seed=10,3,True,20,10,ALO,348,,426.054,64.7
blocks=3|exp=seq|k=20|one_way=True|seed=10,3,True,20,10,Hybrid,210,,14.668,2.9
blocks=3|exp=seq|k=20|one_way=True|seed=11,3,True,20,11,NN,222,,0.077,2.9
blocks=3|exp=seq|k=20|one_way=True|seed=11,3,True,20,11,NN2opt,222,,0.905,2.9
blocks=3|exp=seq|k=20|one_way=True|seed=11,3,True,20,11,GA,264,,535.139,36.8
blocks=3|exp=seq|k=20|one_way=True|seed=11,3,True,20,11,ACO,186,,242.734,33.5
blocks=3|exp=seq|k=20|one_way=True|seed=11,3,True,20,11,ALO,330,,413.596,64.7
blocks=3|exp=seq|k=20|one_way=True|seed=11,3,True,20,11,Hybrid,180,,17.543,2.9
blocks=3|exp=seq|k=20|one_way=True|seed=12,3,True,20,12,NN,228,,0.071,2.9
blocks=3|exp=seq|k=20|one_way=True|seed=12,3,True,20,12,NN2opt,228,,0.904,2.9
blocks=3|exp=seq|k=20|one_way=True|seed=12,3,True,20,12,GA,276,,526.639,36.6
blocks=3|exp=seq|k=20|one_way=True|seed=12,3,True,20,12,ACO,210,,242.307,33.5
blocks=3|exp=seq|k=20|one_way=True|seed=12,3,True,20,12,ALO,396,,402.621,64.6
blocks=3|exp=seq|k=20|one_way=True|seed=12,3,True,20,12,Hybrid,216,,11.583,2.9
blocks=3|exp=seq|k=20|one_way=True|seed=13,3,True,20,13,NN,270,,0.074,2.9
blocks=3|exp=seq|k=20|one_way=True|seed=13,3,True,20,13,NN2opt,264,,1.763,2.9
blocks=3|exp=seq|k=20|one_way=True|seed=13,3,True,20,13,GA,270,,516.403,36.3
blocks=3|exp=seq|k=20|one_way=True|seed=13,3,True,20,13,ACO,222,,247.047,33.5
blocks=3|exp=seq|k=20|one_way=True|seed=13,3,True,20,13,ALO,336,,415.138,64.7
blocks=3|exp=seq|k=20|one_way=True|seed=13,3,True,20,13,Hybrid,234,,19.986,2.9
blocks=3|exp=seq|k=20|one_way=True|seed=14,3,True,20,14,NN,282,,0.074,2.9
blocks=3|exp=seq|k=20|one_way=True|seed=14,3,True,20,14,NN2opt,228,,4.259,2.9
blocks=3|exp=seq|k=20|one_way=True|seed=14,3,True,20,14,GA,258,,540.592,36.5
blocks=3|exp=seq|k=20|one_way=True|seed=14,3,True,20,14,ACO,228,,253.646,33.5
blocks=3|exp=seq|k=20|one_way=True|seed=14,3,True,20,14,ALO,420,,395.256,64.6
blocks=3|exp=seq|k=20|one_way=True|seed=14,3,True,20,14,Hybrid,216,,19.013,2.9
blocks=3|exp=seq|k=20|one_way=True|seed=15,3,True,20,15,NN,258,,0.073,2.9
blocks=3|exp=seq|k=20|one_way=True|seed=15,3,True,20,15,NN2opt,258,,0.927,2.9
blocks=3|exp=seq|k=20|one_way=True|seed=15,3,True,20,15,GA,252,,527.306,36.7
blocks=3|exp=seq|k=20|one_way=True|seed=15,3,True,20,15,ACO,204,,252.73,33.5
blocks=3|exp=seq|k=20|one_way=True|seed=15,3,True,20,15,ALO,408,,396.338,64.6
blocks=3|exp=seq|k=20|one_way=True|seed=15,3,True,20,15,Hybrid,222,,12.96,2.9
blocks=3|exp=seq|k=20|one_way=True|seed=16,3,True,20,16,NN,222,,0.073,2.9
blocks=3|exp=seq|k=20|one_way=True|seed=16,3,True,20,16,NN2opt,222,,0.927,2.9
blocks=3|exp=seq|k=20|one_way=True|seed=16,3,True,20,16,GA,228,,527.796,36.6
blocks=3|exp=seq|k=20|one_way=True|seed=16,3,True,20,16,ACO,210,,250.782,33.5
blocks=3|exp=seq|k=20|one_way=True|seed=16,3,True,20,16,ALO,336,,390.844,64.7
blocks=3|exp=seq|k=20|one_way=True|seed=16,3,True,20,16,Hybrid,210,,16.365,2.9
blocks=3|exp=seq|k=20|one_way=True|seed=17,3,True,20,17,NN,186,,0.076,2.9
blocks=3|exp=seq|k=20|one_way=True|seed=17,3,True,20,17,NN2opt,186,,0.962,2.9
blocks=3|exp=seq|k=20|one_way=True|seed=17,3,True,20,17,GA,198,,524.713,36.4
blocks=3|exp=seq|k=20|one_way=True|seed=17,3,True,20,17,ACO,186,,249.844,33.5
blocks=3|exp=seq|k=20|one_way=True|seed=17,3,True,20,17,ALO,426,,394.122,64.7
blocks=3|exp=seq|k=20|one_way=True|seed=17,3,True,20,17,Hybrid,186,,5.539,2.9
blocks=3|exp=seq|k=20|one_way=True|seed=18,3,True,20,18,NN,282,,0.072,2.9
blocks=3|exp=seq|k=20|one_way=True|seed=18,3,True,20,18,NN2opt,282,,0.926,2.9
blocks=3|exp=seq|k=20|one_way=True|seed=18,3,True,20,18,GA,264,,523.338,36.6
blocks=3|exp=seq|k=20|one_way=True|seed=18,3,True,20,18,ACO,222,,246.265,33.5
blocks=3|exp=seq|k=20|one_way=True|seed=18,3,True,20,18,ALO,360,,395.934,64.7
blocks=3|exp=seq|k=20|one_way=True|seed=18,3,True,20,18,Hybrid,222,,25.638,2.9
blocks=3|exp=seq|k=20|one_way=True|seed=19,3,True,20,19,NN,210,,0.072,2.9
blocks=3|exp=seq|k=20|one_way=True|seed=19,3,True,20,19,NN2opt,210,,0.912,2.9
blocks=3|exp=seq|k=20|one_way=True|seed=19,3,True,20,19,GA,252,,531.329,36.8
blocks=3|exp=seq|k=20|one_way=True|seed=19,3,True,20,19,ACO,174,,243.173,33.5
blocks=3|exp=seq|k=20|one_way=True|seed=19,3,True,20,19,ALO,378,,405.375,64.7
blocks=3|exp=seq|k=20|one_way=True|seed=19,3,True,20,19,Hybrid,186,,10.943,2.9
blocks=3|exp=seq|k=20|one_way=True|seed=20,3,True,20,20,NN,228,,0.071,2.9
blocks=3|exp=seq|k=20|one_way=True|seed=20,3,True,20,20,NN2opt,228,,0.911,2.9
blocks=3|exp=seq|k=20|one_way=True|seed=20,3,True,20,20,GA,270,,521.861,36.4
blocks=3|exp=seq|k=20|one_way=True|seed=20,3,True,20,20,ACO,168,,244.125,33.5
blocks=3|exp=seq|k=20|one_way=True|seed=20,3,True,20,20,ALO,294,,415.532,64.8
blocks=3|exp=seq|k=20|one_way=True|seed=20,3,True,20,20,Hybrid,168,,19.283,2.9
blocks=3|exp=seq|k=20|one_way=True|seed=21,3,True,20,21,NN,240,,0.076,2.9
blocks=3|exp=seq|k=20|one_way=True|seed=21,3,True,20,21,NN2opt,240,,0.905,2.9
blocks=3|exp=seq|k=20|one_way=True|seed=21,3,True,20,21,GA,222,,526.218,36.8
blocks=3|exp=seq|k=20|one_way=True|seed=21,3,True,20,21,ACO,192,,250.905,33.5
blocks=3|exp=seq|k=20|one_way=True|seed=21,3,True,20,21,ALO,360,,397.601,64.6
blocks=3|exp=seq|k=20|one_way=True|seed=21,3,True,20,21,Hybrid,204,,12.782,2.9
blocks=3|exp=seq|k=20|one_way=True|seed=22,3,True,20,22,NN,240,,0.072,2.9
blocks=3|exp=seq|k=20|one_way=True|seed=22,3,True,20,22,NN2opt,240,,0.911,2.9
blocks=3|exp=seq|k=20|one_way=True|seed=22,3,True,20,22,GA,306,,523.49,36.6
blocks=3|exp=seq|k=20|one_way=True|seed=22,3,True,20,22,ACO,216,,251.504,33.5
blocks=3|exp=seq|k=20|one_way=True|seed=22,3,True,20,22,ALO,366,,398.951,64.7
blocks=3|exp=seq|k=20|one_way=True|seed=22,3,True,20,22,Hybrid,216,,13.931,2.9
blocks=3|exp=seq|k=20|one_way=True|seed=23,3,True,20,23,NN,228,,0.075,2.9
blocks=3|exp=seq|k=20|one_way=True|seed=23,3,True,20,23,NN2opt,228,,0.907,2.9
blocks=3|exp=seq|k=20|one_way=True|seed=23,3,True,20,23,GA,264,,530.293,36.9
blocks=3|exp=seq|k=20|one_way=True|seed=23,3,True,20,23,ACO,204,,261.093,33.5
blocks=3|exp=seq|k=20|one_way=True|seed=23,3,True,20,23,ALO,378,,464.698,64.7
blocks=3|exp=seq|k=20|one_way=True|seed=23,3,True,20,23,Hybrid,228,,5.046,2.9
blocks=3|exp=seq|k=20|one_way=True|seed=24,3,True,20,24,NN,270,,0.072,2.9
blocks=3|exp=seq|k=20|one_way=True|seed=24,3,True,20,24,NN2opt,264,,1.763,2.9
blocks=3|exp=seq|k=20|one_way=True|seed=24,3,True,20,24,GA,306,,531.335,36.7
blocks=3|exp=seq|k=20|one_way=True|seed=24,3,True,20,24,ACO,222,,247.057,33.5
blocks=3|exp=seq|k=20|one_way=True|seed=24,3,True,20,24,ALO,390,,400.122,64.6
blocks=3|exp=seq|k=20|one_way=True|seed=24,3,True,20,24,Hybrid,240,,17.024,2.9
blocks=3|exp=seq|k=20|one_way=True|seed=25,3,True,20,25,NN,240,,0.073,2.9
blocks=3|exp=seq|k=20|one_way=True|seed=25,3,True,20,25,NN2opt,240,,0.911,2.9
blocks=3|exp=seq|k=20|one_way=True|seed=25,3,True,20,25,GA,216,,533.623,36.5
blocks=3|exp=seq|k=20|one_way=True|seed=25,3,True,20,25,ACO,192,,243.507,33.5
blocks=3|exp=seq|k=20|one_way=True|seed=25,3,True,20,25,ALO,354,,403.462,64.7
blocks=3|exp=seq|k=20|one_way=True|seed=25,3,True,20,25,Hybrid,192,,28.466,2.9
blocks=3|exp=seq|k=20|one_way=True|seed=26,3,True,20,26,NN,258,,0.072,2.9
blocks=3|exp=seq|k=20|one_way=True|seed=26,3,True,20,26,NN2opt,246,,1.768,2.9
blocks=3|exp=seq|k=20|one_way=True|seed=26,3,True,20,26,GA,270,,526.295,36.6
blocks=3|exp=seq|k=20|one_way=True|seed=26,3,True,20,26,ACO,234,,244.818,33.5
blocks=3|exp=seq|k=20|one_way=True|seed=26,3,True,20,26,ALO,378,,399.009,64.6
blocks=3|exp=seq|k=20|one_way=True|seed=26,3,True,20,26,Hybrid,228,,13.814,2.9
blocks=3|exp=seq|k=20|one_way=True|seed=27,3,True,20,27,NN,252,,0.068,2.9
blocks=3|exp=seq|k=20|one_way=True|seed=27,3,True,20,27,NN2opt,240,,1.787,2.9
blocks=3|exp=seq|k=20|one_way=True|seed=27,3,True,20,27,GA,228,,525.684,35.9
blocks=3|exp=seq|k=20|one_way=True|seed=27,3,True,20,27,ACO,192,,250.557,33.5
blocks=3|exp=seq|k=20|one_way=True|seed=27,3,True,20,27,ALO,396,,412.759,64.7
blocks=3|exp=seq|k=20|one_way=True|seed=27,3,True,20,27,Hybrid,204,,12.442,2.9
blocks=3|exp=seq|k=20|one_way=True|seed=28,3,True,20,28,NN,210,,0.077,2.9
blocks=3|exp=seq|k=20|one_way=True|seed=28,3,True,20,28,NN2opt,204,,1.735,2.9
blocks=3|exp=seq|k=20|one_way=True|seed=28,3,True,20,28,GA,258,,527.672,36.4
blocks=3|exp=seq|k=20|one_way=True|seed=28,3,True,20,28,ACO,204,,242.498,33.5
blocks=3|exp=seq|k=20|one_way=True|seed=28,3,True,20,28,ALO,414,,399.28,64.7
blocks=3|exp=seq|k=20|one_way=True|seed=28,3,True,20,28,Hybrid,204,,11.343,2.9
blocks=3|exp=seq|k=20|one_way=True|seed=29,3,True,20,29,NN,288,,0.076,2.9
blocks=3|exp=seq|k=20|one_way=True|seed=29,3,True,20,29,NN2opt,282,,1.745,2.9
blocks=3|exp=seq|k=20|one_way=True|seed=29,3,True,20,29,GA,318,,526.178,36.6
blocks=3|exp=seq|k=20|one_way=True|seed=29,3,True,20,29,ACO,240,,242.3,33.5
blocks=3|exp=seq|k=20|one_way=True|seed=29,3,True,20,29,ALO,372,,399.547,64.7
blocks=3|exp=seq|k=20|one_way=True|seed=29,3,True,20,29,Hybrid,252,,17.119,2.9
blocks=3|exp=seq|k=30|one_way=True|seed=0,3,True,30,0,NN,246,,0.137,2.9
blocks=3|exp=seq|k=30|one_way=True|seed=0,3,True,30,0,NN2opt,246,,2.613,2.9
blocks=3|exp=seq|k=30|one_way=True|seed=0,3,True,30,0,GA,438,,641.009,39.7
blocks=3|exp=seq|k=30|one_way=True|seed=0,3,True,30,0,ACO,222,,480.231,67.5
blocks=3|exp=seq|k=30|one_way=True|seed=0,3,True,30,0,ALO,636,,509.698,94.7
blocks=3|exp=seq|k=30|one_way=True|seed=0,3,True,30,0,Hybrid,222,,36.149,2.9
blocks=3|exp=seq|k=30|one_way=True|seed=2,3,True,30,2,NN,282,,0.141,2.9
blocks=3|exp=seq|k=30|one_way=True|seed=2,3,True,30,2,NN2opt,282,,2.54,2.9
blocks=3|exp=seq|k=30|one_way=True|seed=2,3,True,30,2,GA,396,,641.818,39.7
blocks=3|exp=seq|k=30|one_way=True|seed=2,3,True,30,2,ACO,246,,475.278,67.6
blocks=3|exp=seq|k=30|one_way=True|seed=2,3,True,30,2,ALO,462,,472.81,94.7
blocks=3|exp=seq|k=30|one_way=True|seed=2,3,True,30,2,Hybrid,252,,49.069,2.9
blocks=3|exp=seq|k=30|one_way=True|seed=1,3,True,30,1,NN,360,,0.135,2.9
blocks=3|exp=seq|k=30|one_way=True|seed=1,3,True,30,1,NN2opt,354,,5.071,2.9
blocks=3|exp=seq|k=30|one_way=True|seed=1,3,True,30,1,GA,354,,641.729,39.7
blocks=3|exp=seq|k=30|one_way=True|seed=1,3,True,30,1,ACO,264,,476.734,67.6
blocks=3|exp=seq|k=30|one_way=True|seed=1,3,True,30,1,ALO,600,,470.958,94.7
blocks=3|exp=seq|k=30|one_way=True|seed=1,3,True,30,1,Hybrid,294,,59.487,2.9
blocks=3|exp=seq|k=30|one_way=True|seed=3,3,True,30,3,NN,276,,0.147,2.9
blocks=3|exp=seq|k=30|one_way=True|seed=3,3,True,30,3,NN2opt,276,,2.622,2.9
blocks=3|exp=seq|k=30|one_way=True|seed=3,3,True,30,3,GA,384,,652.708,39.7
blocks=3|exp=seq|k=30|one_way=True|seed=3,3,True,30,3,ACO,228,,481.01,67.5
blocks=3|exp=seq|k=30|one_way=True|seed=3,3,True,30,3,ALO,564,,470.667,94.7
blocks=3|exp=seq|k=30|one_way=True|seed=3,3,True,30,3,Hybrid,276,,15.404,2.9
blocks=3|exp=seq|k=30|one_way=True|seed=4,3,True,30,4,NN,276,,0.131,2.9
blocks=3|exp=seq|k=30|one_way=True|seed=4,3,True,30,4,NN2opt,276,,2.559,2.9
blocks=3|exp=seq|k=30|one_way=True|seed=4,3,True,30,4,GA,402,,636.484,39.7
blocks=3|exp=seq|k=30|one_way=True|seed=4,3,True,30,4,ACO,258,,480.845,67.6
blocks=3|exp=seq|k=30|one_way=True|seed=4,3,True,30,4,ALO,624,,485.472,94.6
blocks=3|exp=seq|k=30|one_way=True|seed=4,3,True,30,4,Hybrid,270,,36.845,2.9
blocks=3|exp=seq|k=30|one_way=True|seed=6,3,True,30,6,NN,288,,0.142,2.9
blocks=3|exp=seq|k=30|one_way=True|seed=6,3,True,30,6,NN2opt,288,,2.652,2.9
blocks=3|exp=seq|k=30|one_way=True|seed=6,3,True,30,6,GA,396,,645.843,39.7
blocks=3|exp=seq|k=30|one_way=True|seed=6,3,True,30,6,ACO,252,,481.087,67.6
blocks=3|exp=seq|k=30|one_way=True|seed=6,3,True,30,6,ALO,546,,468.673,94.7
blocks=3|exp=seq|k=30|one_way=True|seed=6,3,True,30,6,Hybrid,264,,33.316,2.9
blocks=3|exp=seq|k=30|one_way=True|seed=5,3,True,30,5,NN,288,,0.142,2.9
blocks=3|exp=seq|k=30|one_way=True|seed=5,3,True,30,5,NN2opt,288,,2.606,2.9
blocks=3|exp=seq|k=30|one_way=True|seed=5,3,True,30,5,GA,336,,644.257,39.7
blocks=3|exp=seq|k=30|one_way=True|seed=5,3,True,30,5,ACO,252,,478.169,67.6
blocks=3|exp=seq|k=30|one_way=True|seed=5,3,True,30,5,ALO,588,,474.339,94.7
blocks=3|exp=seq|k=30|one_way=True|seed=5,3,True,30,5,Hybrid,252,,58.089,2.9
blocks=3|exp=seq|k=30|one_way=True|seed=7,3,True,30,7,NN,276,,0.133,2.9
blocks=3|exp=seq|k=30|one_way=True|seed=7,3,True,30,7,NN2opt,276,,2.609,2.9
blocks=3|exp=seq|k=30|one_way=True|seed=7,3,True,30,7,GA,372,,645.348,39.7
blocks=3|exp=seq|k=30|one_way=True|seed=7,3,True,30,7,ACO,222,,479.283,67.6
blocks=3|exp=seq|k=30|one_way=True|seed=7,3,True,30,7,ALO,588,,467.486,94.6
blocks=3|exp=seq|k=30|one_way=True|seed=7,3,True,30,7,Hybrid,246,,51.197,2.9
blocks=3|exp=seq|k=30|one_way=True|seed=9,3,True,30,9,NN,234,,0.13,2.9
blocks=3|exp=seq|k=30|one_way=True|seed=9,3,True,30,9,NN2opt,234,,2.596,2.9
blocks=3|exp=seq|k=30|one_way=True|seed=9,3,True,30,9,GA,354,,648.574,39.7
blocks=3|exp=seq|k=30|one_way=True|seed=9,3,True,30,9,ACO,234,,485.464,67.6
blocks=3|exp=seq|k=30|one_way=True|seed=9,3,True,30,9,ALO,552,,464.966,94.7
blocks=3|exp=seq|k=30|one_way=True|seed=9,3,True,30,9,Hybrid,228,,38.537,2.9
blocks=3|exp=seq|k=30|one_way=True|seed=8,3,True,30,8,NN,294,,0.138,2.9
blocks=3|exp=seq|k=30|one_way=True|seed=8,3,True,30,8,NN2opt,294,,2.572,2.9
blocks=3|exp=seq|k=30|one_way=True|seed=8,3,True,30,8,GA,348,,648.551,39.7
blocks=3|exp=seq|k=30|one_way=True|seed=8,3,True,30,8,ACO,258,,482.223,67.6
blocks=3|exp=seq|k=30|one_way=True|seed=8,3,True,30,8,ALO,636,,464.026,94.7
blocks=3|exp=seq|k=30|one_way=True|seed=8,3,True,30,8,Hybrid,276,,51.057,2.9
blocks=3|exp=seq|k=30|one_way=True|seed=10,3,True,30,10,NN,276,,0.132,2.9
blocks=3|exp=seq|k=30|one_way=True|seed=10,3,True,30,10,NN2opt,276,,2.633,2.9
blocks=3|exp=seq|k=30|one_way=True|seed=10,3,True,30,10,GA,378,,643.906,39.8
blocks=3|exp=seq|k=30|one_way=True|seed=10,3,True,30,10,ACO,240,,479.123,67.5
blocks=3|exp=seq|k=30|one_way=True|seed=10,3,True,30,10,ALO,594,,471.101,94.7
blocks=3|exp=seq|k=30|one_way=True|seed=10,3,True,30,10,Hybrid,246,,48.896,2.9
blocks=3|exp=seq|k=30|one_way=True|seed=11,3,True,30,11,NN,288,,0.133,2.9
blocks=3|exp=seq|k=30|one_way=True|seed=11,3,True,30,11,NN2opt,288,,2.679,2.9
blocks=3|exp=seq|k=30|one_way=True|seed=11,3,True,30,11,GA,366,,639.996,39.7
blocks=3|exp=seq|k=30|one_way=True|seed=11,3,True,30,11,ACO,234,,479.406,67.5
blocks=3|exp=seq|k=30|one_way=True|seed=11,3,True,30,11,ALO,564,,469.277,94.7
blocks=3|exp=seq|k=30|one_way=True|seed=11,3,True,30,11,Hybrid,246,,59.248,2.9
blocks=3|exp=seq|k=30|one_way=True|seed=12,3,True,30,12,NN,240,,0.14,2.9
blocks=3|exp=seq|k=30|one_way=True|seed=12,3,True,30,12,NN2opt,240,,2.615,2.9
blocks=3|exp=seq|k=30|one_way=True|seed=12,3,True,30,12,GA,384,,666.267,39.7
blocks=3|exp=seq|k=30|one_way=True|seed=12,3,True,30,12,ACO,222,,482.886,67.6
blocks=3|exp=seq|k=30|one_way=True|seed=12,3,True,30,12,ALO,498,,475.705,94.7
blocks=3|exp=seq|k=30|one_way=True|seed=12,3,True,30,12,Hybrid,222,,63.095,2.9
blocks=3|exp=seq|k=30|one_way=True|seed=13,3,True,30,13,NN,288,,0.137,2.9
blocks=3|exp=seq|k=30|one_way=True|seed=13,3,True,30,13,NN2opt,288,,2.596,2.9
blocks=3|exp=seq|k=30|one_way=True|seed=13,3,True,30,13,GA,354,,664.607,39.7
blocks=3|exp=seq|k=30|one_way=True|seed=13,3,True,30,13,ACO,234,,483.947,67.5
blocks=3|exp=seq|k=30|one_way=True|seed=13,3,True,30,13,ALO,510,,475.596,94.7
blocks=3|exp=seq|k=30|one_way=True|seed=13,3,True,30,13,Hybrid,258,,39.491,2.9
blocks=3|exp=seq|k=30|one_way=True|seed=14,3,True,30,14,NN,288,,0.141,2.9
blocks=3|exp=seq|k=30|one_way=True|seed=14,3,True,30,14,NN2opt,288,,2.617,2.9
blocks=3|exp=seq|k=30|one_way=True|seed=14,3,True,30,14,GA,372,,649.015,39.7
blocks=3|exp=seq|k=30|one_way=True|seed=14,3,True,30,14,ACO,240,,477.923,67.6
blocks=3|exp=seq|k=30|one_way=True|seed=14,3,True,30,14,ALO,588,,468.359,94.7
blocks=3|exp=seq|k=30|one_way=True|seed=14,3,True,30,14,Hybrid,252,,50.621,2.9
blocks=3|exp=seq|k=30|one_way=True|seed=15,3,True,30,15,NN,240,,0.141,2.9
blocks=3|exp=seq|k=30|one_way=True|seed=15,3,True,30,15,NN2opt,240,,2.62,2.9
blocks=3|exp=seq|k=30|one_way=True|seed=15,3,True,30,15,GA,330,,683.093,39.6
blocks=3|exp=seq|k=30|one_way=True|seed=15,3,True,30,15,ACO,216,,478.952,67.6
blocks=3|exp=seq|k=30|one_way=True|seed=15,3,True,30,15,ALO,438,,463.87,94.7
blocks=3|exp=seq|k=30|one_way=True|seed=15,3,True,30,15,Hybrid,228,,47.595,2.9
blocks=3|exp=seq|k=30|one_way=True|seed=16,3,True,30,16,NN,264,,0.142,2.9
blocks=3|exp=seq|k=30|one_way=True|seed=16,3,True,30,16,NN2opt,264,,2.623,2.9
blocks=3|exp=seq|k=30|one_way=True|seed=16,3,True,30,16,GA,360,,672.952,39.7
blocks=3|exp=seq|k=30|one_way=True|seed=16,3,True,30,16,ACO,246,,480.888,67.6
blocks=3|exp=seq|k=30|one_way=True|seed=16,3,True,30,16,ALO,570,,465.229,94.7
blocks=3|exp=seq|k=30|one_way=True|seed=16,3,True,30,16,Hybrid,246,,58.556,2.9
blocks=3|exp=seq|k=30|one_way=True|seed=17,3,True,30,17,NN,240,,0.141,2.9
blocks=3|exp=seq|k=30|one_way=True|seed=17,3,True,30,17,NN2opt,240,,2.688,2.9
blocks=3|exp=seq|k=30|one_way=True|seed=17,3,True,30,17,GA,360,,653.252,39.7
blocks=3|exp=seq|k=30|one_way=True|seed=17,3,True,30,17,ACO,222,,477.147,67.5
blocks=3|exp=seq|k=30|one_way=True|seed=17,3,True,30,17,ALO,582,,475.957,94.6
blocks=3|exp=seq|k=30|one_way=True|seed=17,3,True,30,17,Hybrid,222,,40.117,2.9
blocks=3|exp=seq|k=30|one_way=True|seed=18,3,True,30,18,NN,246,,0.133,2.9
blocks=3|exp=seq|k=30|one_way=True|seed=18,3,True,30,18,NN2opt,246,,2.62,2.9
blocks=3|exp=seq|k=30|one_way=True|seed=18,3,True,30,18,GA,348,,642.027,39.7
blocks=3|exp=seq|k=30|one_way=True|seed=18,3,True,30,18,ACO,216,,473.411,67.5
blocks=3|exp=seq|k=30|one_way=True|seed=18,3,True,30,18,ALO,540,,467.841,94.6
blocks=3|exp=seq|k=30|one_way=True|seed=18,3,True,30,18,Hybrid,228,,46.595,2.9
blocks=3|exp=seq|k=30|one_way=True|seed=19,3,True,30,19,NN,300,,0.133,2.9
blocks=3|exp=seq|k=30|one_way=True|seed=19,3,True,30,19,NN2opt,300,,2.654,2.9
blocks=3|exp=seq|k=30|one_way=True|seed=19,3,True,30,19,GA,396,,653.81,39.7
blocks=3|exp=seq|k=30|one_way=True|seed=19,3,True,30,19,ACO,246,,477.202,67.5
blocks=3|exp=seq|k=30|one_way=True|seed=19,3,True,30,19,ALO,540,,467.76,94.8
blocks=3|exp=seq|k=30|one_way=True|seed=19,3,True,30,19,Hybrid,228,,57.239,2.9
blocks=3|exp=seq|k=30|one_way=True|seed=20,3,True,30,20,NN,282,,0.133,2.9
blocks=3|exp=seq|k=30|one_way=True|seed=20,3,True,30,20,NN2opt,276,,5.096,2.9
blocks=3|exp=seq|k=30|one_way=True|seed=20,3,True,30,20,GA,318,,650.049,39.7
blocks=3|exp=seq|k=30|one_way=True|seed=20,3,True,30,20,ACO,240,,484.127,67.6
blocks=3|exp=seq|k=30|one_way=True|seed=20,3,True,30,20,ALO,504,,471.594,94.7
blocks=3|exp=seq|k=30|one_way=True|seed=20,3,True,30,20,Hybrid,276,,36.387,2.9
blocks=3|exp=seq|k=30|one_way=True|seed=21,3,True,30,21,NN,270,,0.136,2.9
blocks=3|exp=seq|k=30|one_way=True|seed=21,3,True,30,21,NN2opt,270,,2.544,2.9
blocks=3|exp=seq|k=30|one_way=True|seed=21,3,True,30,21,GA,372,,648.229,39.7
blocks=3|exp=seq|k=30|one_way=True|seed=21,3,True,30,21,ACO,246,,497.833,67.5
blocks=3|exp=seq|k=30|one_way=True|seed=21,3,True,30,21,ALO,438,,467.872,94.7
blocks=3|exp=seq|k=30|one_way=True|seed=21,3,True,30,21,Hybrid,258,,35.057,2.9
blocks=3|exp=seq|k=30|one_way=True|seed=22,3,True,30,22,NN,258,,0.147,2.9
blocks=3|exp=seq|k=30|one_way=True|seed=22,3,True,30,22,NN2opt,258,,2.581,2.9
blocks=3|exp=seq|k=30|one_way=True|seed=22,3,True,30,22,GA,372,,679.128,39.7
blocks=3|exp=seq|k=30|one_way=True|seed=22,3,True,30,22,ACO,222,,476.183,67.6
blocks=3|exp=seq|k=30|one_way=True|seed=22,3,True,30,22,ALO,558,,466.353,94.7
blocks=3|exp=seq|k=30|one_way=True|seed=22,3,True,30,22,Hybrid,234,,38.178,2.9
blocks=3|exp=seq|k=30|one_way=True|seed=23,3,True,30,23,NN,252,,0.131,2.9
blocks=3|exp=seq|k=30|one_way=True|seed=23,3,True,30,23,NN2opt,252,,2.574,2.9
blocks=3|exp=seq|k=30|one_way=True|seed=23,3,True,30,23,GA,396,,654.568,39.6
blocks=3|exp=seq|k=30|one_way=True|seed=23,3,True,30,23,ACO,240,,479.859,67.5
blocks=3|exp=seq|k=30|one_way=True|seed=23,3,True,30,23,ALO,582,,470.124,94.7
blocks=3|exp=seq|k=30|one_way=True|seed=23,3,True,30,23,Hybrid,246,,40.682,2.9
blocks=3|exp=seq|k=30|one_way=True|seed=24,3,True,30,24,NN,270,,0.13,2.9
blocks=3|exp=seq|k=30|one_way=True|seed=24,3,True,30,24,NN2opt,270,,2.638,2.9
blocks=3|exp=seq|k=30|one_way=True|seed=24,3,True,30,24,GA,366,,643.23,39.7
blocks=3|exp=seq|k=30|one_way=True|seed=24,3,True,30,24,ACO,234,,509.139,67.6
blocks=3|exp=seq|k=30|one_way=True|seed=24,3,True,30,24,ALO,558,,471.002,94.7
blocks=3|exp=seq|k=30|one_way=True|seed=24,3,True,30,24,Hybrid,264,,41.871,2.9
blocks=3|exp=seq|k=30|one_way=True|seed=25,3,True,30,25,NN,312,,0.133,2.9
blocks=3|exp=seq|k=30|one_way=True|seed=25,3,True,30,25,NN2opt,312,,2.606,2.9
blocks=3|exp=seq|k=30|one_way=True|seed=25,3,True,30,25,GA,342,,650.972,39.7
blocks=3|exp=seq|k=30|one_way=True|seed=25,3,True,30,25,ACO,216,,475.529,67.6
blocks=3|exp=seq|k=30|one_way=True|seed=25,3,True,30,25,ALO,594,,465.458,94.7
blocks=3|exp=seq|k=30|one_way=True|seed=25,3,True,30,25,Hybrid,234,,62.257,2.9
blocks=3|exp=seq|k=5|one_way=False|seed=0,3,False,5,0,HeldKarp,92,92,0.157,3.7
blocks=3|exp=seq|k=5|one_way=False|seed=0,3,False,5,0,NN,106,92,0.013,1.1
blocks=3|exp=seq|k=5|one_way=False|seed=0,3,False,5,0,NN2opt,92,92,0.065,1.1
blocks=3|exp=seq|k=5|one_way=False|seed=0,3,False,5,0,GA,92,92,335.357,19.8
blocks=3|exp=seq|k=5|one_way=False|seed=0,3,False,5,0,ACO,92,92,35.353,5.4
blocks=3|exp=seq|k=5|one_way=False|seed=0,3,False,5,0,ALO,92,92,300.369,19.7
blocks=3|exp=seq|k=5|one_way=False|seed=0,3,False,5,0,Hybrid,92,92,0.287,1.1
blocks=3|exp=seq|k=5|one_way=False|seed=1,3,False,5,1,HeldKarp,90,90,0.174,3.7
blocks=3|exp=seq|k=5|one_way=False|seed=1,3,False,5,1,NN,92,90,0.022,1.1
blocks=3|exp=seq|k=5|one_way=False|seed=1,3,False,5,1,NN2opt,90,90,0.067,1.1
blocks=3|exp=seq|k=5|one_way=False|seed=1,3,False,5,1,GA,90,90,338.456,20.0
blocks=3|exp=seq|k=5|one_way=False|seed=1,3,False,5,1,ACO,90,90,35.084,5.5
blocks=3|exp=seq|k=5|one_way=False|seed=1,3,False,5,1,ALO,90,90,328.838,19.7
blocks=3|exp=seq|k=5|one_way=False|seed=1,3,False,5,1,Hybrid,90,90,0.296,1.1
blocks=3|exp=seq|k=30|one_way=True|seed=26,3,True,30,26,NN,318,,0.13,2.9
blocks=3|exp=seq|k=30|one_way=True|seed=26,3,True,30,26,NN2opt,318,,2.59,2.9
blocks=3|exp=seq|k=30|one_way=True|seed=26,3,True,30,26,GA,384,,649.719,39.7
blocks=3|exp=seq|k=30|one_way=True|seed=26,3,True,30,26,ACO,258,,498.148,67.5
blocks=3|exp=seq|k=30|one_way=True|seed=26,3,True,30,26,ALO,654,,475.533,94.7
blocks=3|exp=seq|k=30|one_way=True|seed=26,3,True,30,26,Hybrid,258,,48.501,2.9
blocks=3|exp=seq|k=30|one_way=True|seed=27,3,True,30,27,NN,264,,0.137,2.9
blocks=3|exp=seq|k=30|one_way=True|seed=27,3,True,30,27,NN2opt,264,,2.604,2.9
blocks=3|exp=seq|k=30|one_way=True|seed=27,3,True,30,27,GA,366,,643.18,39.7
blocks=3|exp=seq|k=30|one_way=True|seed=27,3,True,30,27,ACO,240,,496.095,67.5
blocks=3|exp=seq|k=30|one_way=True|seed=27,3,True,30,27,ALO,570,,509.79,94.7
blocks=3|exp=seq|k=30|one_way=True|seed=27,3,True,30,27,Hybrid,246,,35.291,2.9
blocks=3|exp=seq|k=5|one_way=False|seed=2,3,False,5,2,HeldKarp,82,82,0.168,3.7
blocks=3|exp=seq|k=5|one_way=False|seed=2,3,False,5,2,NN,82,82,0.014,1.1
blocks=3|exp=seq|k=5|one_way=False|seed=2,3,False,5,2,NN2opt,82,82,0.041,1.1
blocks=3|exp=seq|k=5|one_way=False|seed=2,3,False,5,2,GA,82,82,356.464,20.1
blocks=3|exp=seq|k=5|one_way=False|seed=2,3,False,5,2,ACO,82,82,34.849,5.4
blocks=3|exp=seq|k=5|one_way=False|seed=2,3,False,5,2,ALO,86,82,323.655,19.6
blocks=3|exp=seq|k=5|one_way=False|seed=2,3,False,5,2,Hybrid,82,82,0.153,1.1
blocks=3|exp=seq|k=5|one_way=False|seed=3,3,False,5,3,HeldKarp,96,96,0.177,3.7
blocks=3|exp=seq|k=5|one_way=False|seed=3,3,False,5,3,NN,96,96,0.015,1.1
blocks=3|exp=seq|k=5|one_way=False|seed=3,3,False,5,3,NN2opt,96,96,0.042,1.1
blocks=3|exp=seq|k=5|one_way=False|seed=3,3,False,5,3,GA,96,96,341.611,20.0
blocks=3|exp=seq|k=5|one_way=False|seed=3,3,False,5,3,ACO,96,96,37.223,5.4
blocks=3|exp=seq|k=5|one_way=False|seed=3,3,False,5,3,ALO,96,96,308.992,19.6
blocks=3|exp=seq|k=5|one_way=False|seed=3,3,False,5,3,Hybrid,96,96,0.151,1.1
blocks=3|exp=seq|k=30|one_way=True|seed=28,3,True,30,28,NN,240,,0.139,2.9
blocks=3|exp=seq|k=30|one_way=True|seed=28,3,True,30,28,NN2opt,240,,2.679,2.9
blocks=3|exp=seq|k=30|one_way=True|seed=28,3,True,30,28,GA,336,,688.911,39.7
blocks=3|exp=seq|k=30|one_way=True|seed=28,3,True,30,28,ACO,228,,479.261,67.5
blocks=3|exp=seq|k=30|one_way=True|seed=28,3,True,30,28,ALO,552,,498.852,94.7
blocks=3|exp=seq|k=30|one_way=True|seed=28,3,True,30,28,Hybrid,228,,42.535,2.9
blocks=3|exp=seq|k=5|one_way=False|seed=4,3,False,5,4,HeldKarp,58,58,0.16,3.7
blocks=3|exp=seq|k=5|one_way=False|seed=4,3,False,5,4,NN,64,58,0.012,1.1
blocks=3|exp=seq|k=5|one_way=False|seed=4,3,False,5,4,NN2opt,58,58,0.065,1.1
blocks=3|exp=seq|k=5|one_way=False|seed=4,3,False,5,4,GA,58,58,341.113,19.8
blocks=3|exp=seq|k=5|one_way=False|seed=4,3,False,5,4,ACO,58,58,35.048,5.4
blocks=3|exp=seq|k=5|one_way=False|seed=4,3,False,5,4,ALO,58,58,303.142,19.7
blocks=3|exp=seq|k=5|one_way=False|seed=4,3,False,5,4,Hybrid,58,58,0.316,1.1
blocks=3|exp=seq|k=30|one_way=True|seed=29,3,True,30,29,NN,330,,0.137,2.9
blocks=3|exp=seq|k=30|one_way=True|seed=29,3,True,30,29,NN2opt,330,,2.648,2.9
blocks=3|exp=seq|k=30|one_way=True|seed=29,3,True,30,29,GA,336,,654.91,39.7
blocks=3|exp=seq|k=30|one_way=True|seed=29,3,True,30,29,ACO,258,,480.354,67.5
blocks=3|exp=seq|k=30|one_way=True|seed=29,3,True,30,29,ALO,540,,472.833,94.7
blocks=3|exp=seq|k=30|one_way=True|seed=29,3,True,30,29,Hybrid,246,,64.757,2.9
blocks=3|exp=seq|k=5|one_way=False|seed=5,3,False,5,5,HeldKarp,72,72,0.166,3.7
blocks=3|exp=seq|k=5|one_way=False|seed=5,3,False,5,5,NN,82,72,0.013,1.1
blocks=3|exp=seq|k=5|one_way=False|seed=5,3,False,5,5,NN2opt,72,72,0.066,1.1
blocks=3|exp=seq|k=5|one_way=False|seed=5,3,False,5,5,GA,72,72,345.257,20.1
blocks=3|exp=seq|k=5|one_way=False|seed=5,3,False,5,5,ACO,72,72,35.178,5.4
blocks=3|exp=seq|k=5|one_way=False|seed=5,3,False,5,5,ALO,72,72,324.03,19.7
blocks=3|exp=seq|k=5|one_way=False|seed=5,3,False,5,5,Hybrid,72,72,0.28,1.1
blocks=3|exp=seq|k=5|one_way=False|seed=6,3,False,5,6,HeldKarp,108,108,0.169,3.7
blocks=3|exp=seq|k=5|one_way=False|seed=6,3,False,5,6,NN,126,108,0.014,1.1
blocks=3|exp=seq|k=5|one_way=False|seed=6,3,False,5,6,NN2opt,108,108,0.066,1.1
blocks=3|exp=seq|k=5|one_way=False|seed=6,3,False,5,6,GA,108,108,345.597,20.1
blocks=3|exp=seq|k=5|one_way=False|seed=6,3,False,5,6,ACO,108,108,35.567,5.5
blocks=3|exp=seq|k=5|one_way=False|seed=6,3,False,5,6,ALO,108,108,322.388,19.7
blocks=3|exp=seq|k=5|one_way=False|seed=6,3,False,5,6,Hybrid,108,108,0.296,1.1
blocks=3|exp=seq|k=5|one_way=False|seed=7,3,False,5,7,HeldKarp,108,108,0.162,3.7
blocks=3|exp=seq|k=5|one_way=False|seed=7,3,False,5,7,NN,122,108,0.013,1.1
blocks=3|exp=seq|k=5|one_way=False|seed=7,3,False,5,7,NN2opt,108,108,0.066,1.1
blocks=3|exp=seq|k=5|one_way=False|seed=7,3,False,5,7,GA,108,108,335.026,20.3
blocks=3|exp=seq|k=5|one_way=False|seed=7,3,False,5,7,ACO,108,108,35.408,5.5
blocks=3|exp=seq|k=5|one_way=False|seed=7,3,False,5,7,ALO,108,108,305.495,19.6
blocks=3|exp=seq|k=5|one_way=False|seed=7,3,False,5,7,Hybrid,108,108,0.324,1.1
blocks=3|exp=seq|k=5|one_way=False|seed=8,3,False,5,8,HeldKarp,106,106,0.161,3.7
blocks=3|exp=seq|k=5|one_way=False|seed=8,3,False,5,8,NN,106,106,0.014,1.1
blocks=3|exp=seq|k=5|one_way=False|seed=8,3,False,5,8,NN2opt,106,106,0.041,1.1
blocks=3|exp=seq|k=5|one_way=False|seed=8,3,False,5,8,GA,106,106,352.939,19.8
blocks=3|exp=seq|k=5|one_way=False|seed=8,3,False,5,8,ACO,106,106,35.114,5.4
blocks=3|exp=seq|k=5|one_way=False|seed=8,3,False,5,8,ALO,106,106,302.538,19.6
blocks=3|exp=seq|k=5|one_way=False|seed=8,3,False,5,8,Hybrid,106,106,0.152,1.1
blocks=3|exp=seq|k=5|one_way=False|seed=9,3,False,5,9,HeldKarp,78,78,0.163,3.7
blocks=3|exp=seq|k=5|one_way=False|seed=9,3,False,5,9,NN,82,78,0.014,1.1
blocks=3|exp=seq|k=5|one_way=False|seed=9,3,False,5,9,NN2opt,82,78,0.041,1.1
blocks=3|exp=seq|k=5|one_way=False|seed=9,3,False,5,9,GA,78,78,337.458,20.0
blocks=3|exp=seq|k=5|one_way=False|seed=9,3,False,5,9,ACO,78,78,35.828,5.4
blocks=3|exp=seq|k=5|one_way=False|seed=9,3,False,5,9,ALO,78,78,302.06,19.7
blocks=3|exp=seq|k=5|one_way=False|seed=9,3,False,5,9,Hybrid,78,78,0.305,1.1
blocks=3|exp=seq|k=5|one_way=False|seed=10,3,False,5,10,HeldKarp,94,94,0.164,3.7
blocks=3|exp=seq|k=5|one_way=False|seed=10,3,False,5,10,NN,104,94,0.021,1.1
blocks=3|exp=seq|k=5|one_way=False|seed=10,3,False,5,10,NN2opt,94,94,0.066,1.1
blocks=3|exp=seq|k=5|one_way=False|seed=10,3,False,5,10,GA,94,94,340.421,20.1
blocks=3|exp=seq|k=5|one_way=False|seed=10,3,False,5,10,ACO,94,94,35.571,5.5
blocks=3|exp=seq|k=5|one_way=False|seed=10,3,False,5,10,ALO,94,94,303.377,19.6
blocks=3|exp=seq|k=5|one_way=False|seed=10,3,False,5,10,Hybrid,94,94,0.289,1.1
blocks=3|exp=seq|k=5|one_way=False|seed=11,3,False,5,11,HeldKarp,74,74,0.168,3.7
blocks=3|exp=seq|k=5|one_way=False|seed=11,3,False,5,11,NN,74,74,0.014,1.1
blocks=3|exp=seq|k=5|one_way=False|seed=11,3,False,5,11,NN2opt,74,74,0.041,1.1
blocks=3|exp=seq|k=5|one_way=False|seed=11,3,False,5,11,GA,74,74,341.475,19.8
blocks=3|exp=seq|k=5|one_way=False|seed=11,3,False,5,11,ACO,74,74,36.162,5.5
blocks=3|exp=seq|k=5|one_way=False|seed=11,3,False,5,11,ALO,74,74,302.269,19.7
blocks=3|exp=seq|k=5|one_way=False|seed=11,3,False,5,11,Hybrid,74,74,0.154,1.1
blocks=3|exp=seq|k=5|one_way=False|seed=12,3,False,5,12,HeldKarp,76,76,0.164,3.7
blocks=3|exp=seq|k=5|one_way=False|seed=12,3,False,5,12,NN,86,76,0.013,1.1
blocks=3|exp=seq|k=5|one_way=False|seed=12,3,False,5,12,NN2opt,76,76,0.067,1.1
blocks=3|exp=seq|k=5|one_way=False|seed=12,3,False,5,12,GA,76,76,342.188,19.8
blocks=3|exp=seq|k=5|one_way=False|seed=12,3,False,5,12,ACO,76,76,35.483,5.4
blocks=3|exp=seq|k=5|one_way=False|seed=12,3,False,5,12,ALO,76,76,301.641,19.7
blocks=3|exp=seq|k=5|one_way=False|seed=12,3,False,5,12,Hybrid,76,76,0.306,1.1
blocks=3|exp=seq|k=5|one_way=False|seed=13,3,False,5,13,HeldKarp,86,86,0.162,3.7
blocks=3|exp=seq|k=5|one_way=False|seed=13,3,False,5,13,NN,88,86,0.013,1.1
blocks=3|exp=seq|k=5|one_way=False|seed=13,3,False,5,13,NN2opt,86,86,0.066,1.1
blocks=3|exp=seq|k=5|one_way=False|seed=13,3,False,5,13,GA,86,86,339.567,20.0
blocks=3|exp=seq|k=5|one_way=False|seed=13,3,False,5,13,ACO,86,86,35.216,5.5
blocks=3|exp=seq|k=5|one_way=False|seed=13,3,False,5,13,ALO,86,86,308.238,19.6
blocks=3|exp=seq|k=5|one_way=False|seed=13,3,False,5,13,Hybrid,86,86,0.3,1.1
blocks=3|exp=seq|k=5|one_way=False|seed=14,3,False,5,14,HeldKarp,100,100,0.161,3.7
blocks=3|exp=seq|k=5|one_way=False|seed=14,3,False,5,14,NN,100,100,0.013,1.1
blocks=3|exp=seq|k=5|one_way=False|seed=14,3,False,5,14,NN2opt,100,100,0.04,1.1
blocks=3|exp=seq|k=5|one_way=False|seed=14,3,False,5,14,GA,100,100,336.807,19.8
blocks=3|exp=seq|k=5|one_way=False|seed=14,3,False,5,14,ACO,100,100,35.363,5.4
blocks=3|exp=seq|k=5|one_way=False|seed=14,3,False,5,14,ALO,100,100,300.524,19.6
blocks=3|exp=seq|k=5|one_way=False|seed=14,3,False,5,14,Hybrid,100,100,0.15,1.1
blocks=3|exp=seq|k=5|one_way=False|seed=15,3,False,5,15,HeldKarp,92,92,0.169,3.7
blocks=3|exp=seq|k=5|one_way=False|seed=15,3,False,5,15,NN,92,92,0.014,1.1
blocks=3|exp=seq|k=5|one_way=False|seed=15,3,False,5,15,NN2opt,92,92,0.041,1.1
blocks=3|exp=seq|k=5|one_way=False|seed=15,3,False,5,15,GA,92,92,333.136,19.9
blocks=3|exp=seq|k=5|one_way=False|seed=15,3,False,5,15,ACO,92,92,34.728,5.4
blocks=3|exp=seq|k=5|one_way=False|seed=15,3,False,5,15,ALO,92,92,311.768,19.6
blocks=3|exp=seq|k=5|one_way=False|seed=15,3,False,5,15,Hybrid,92,92,0.148,1.1
blocks=3|exp=seq|k=5|one_way=False|seed=16,3,False,5,16,HeldKarp,94,94,0.172,3.7
blocks=3|exp=seq|k=5|one_way=False|seed=16,3,False,5,16,NN,114,94,0.014,1.1
blocks=3|exp=seq|k=5|one_way=False|seed=16,3,False,5,16,NN2opt,94,94,0.102,1.1
blocks=3|exp=seq|k=5|one_way=False|seed=16,3,False,5,16,GA,94,94,347.834,20.1
blocks=3|exp=seq|k=5|one_way=False|seed=16,3,False,5,16,ACO,94,94,35.467,5.5
blocks=3|exp=seq|k=5|one_way=False|seed=16,3,False,5,16,ALO,94,94,303.066,19.7
blocks=3|exp=seq|k=5|one_way=False|seed=16,3,False,5,16,Hybrid,94,94,0.362,1.1
blocks=3|exp=seq|k=5|one_way=False|seed=17,3,False,5,17,HeldKarp,84,84,0.161,3.7
blocks=3|exp=seq|k=5|one_way=False|seed=17,3,False,5,17,NN,102,84,0.014,1.1
blocks=3|exp=seq|k=5|one_way=False|seed=17,3,False,5,17,NN2opt,84,84,0.066,1.1
blocks=3|exp=seq|k=5|one_way=False|seed=17,3,False,5,17,GA,84,84,337.241,20.0
blocks=3|exp=seq|k=5|one_way=False|seed=17,3,False,5,17,ACO,84,84,47.814,5.4
blocks=3|exp=seq|k=5|one_way=False|seed=17,3,False,5,17,ALO,84,84,301.742,19.6
blocks=3|exp=seq|k=5|one_way=False|seed=17,3,False,5,17,Hybrid,84,84,0.311,1.1
blocks=3|exp=seq|k=5|one_way=False|seed=18,3,False,5,18,HeldKarp,96,96,0.166,3.7
blocks=3|exp=seq|k=5|one_way=False|seed=18,3,False,5,18,NN,104,96,0.014,1.1
blocks=3|exp=seq|k=5|one_way=False|seed=18,3,False,5,18,NN2opt,96,96,0.067,1.1
blocks=3|exp=seq|k=5|one_way=False|seed=18,3,False,5,18,GA,96,96,341.038,20.5
blocks=3|exp=seq|k=5|one_way=False|seed=18,3,False,5,18,ACO,96,96,36.006,5.5
blocks=3|exp=seq|k=5|one_way=False|seed=18,3,False,5,18,ALO,96,96,301.725,19.6
blocks=3|exp=seq|k=5|one_way=False|seed=18,3,False,5,18,Hybrid,96,96,0.298,1.1
blocks=3|exp=seq|k=5|one_way=False|seed=19,3,False,5,19,HeldKarp,84,84,0.161,3.7
blocks=3|exp=seq|k=5|one_way=False|seed=19,3,False,5,19,NN,84,84,0.013,1.1
blocks=3|exp=seq|k=5|one_way=False|seed=19,3,False,5,19,NN2opt,84,84,0.04,1.1
blocks=3|exp=seq|k=5|one_way=False|seed=19,3,False,5,19,GA,84,84,340.816,19.8
blocks=3|exp=seq|k=5|one_way=False|seed=19,3,False,5,19,ACO,84,84,34.911,5.5
blocks=3|exp=seq|k=5|one_way=False|seed=19,3,False,5,19,ALO,84,84,299.752,19.7
blocks=3|exp=seq|k=5|one_way=False|seed=19,3,False,5,19,Hybrid,84,84,0.153,1.1
blocks=3|exp=seq|k=5|one_way=False|seed=20,3,False,5,20,HeldKarp,104,104,0.157,3.7
blocks=3|exp=seq|k=5|one_way=False|seed=20,3,False,5,20,NN,104,104,0.012,1.1
blocks=3|exp=seq|k=5|one_way=False|seed=20,3,False,5,20,NN2opt,104,104,0.04,1.1
blocks=3|exp=seq|k=5|one_way=False|seed=20,3,False,5,20,GA,104,104,336.802,19.8
blocks=3|exp=seq|k=5|one_way=False|seed=20,3,False,5,20,ACO,104,104,34.863,5.4
blocks=3|exp=seq|k=5|one_way=False|seed=20,3,False,5,20,ALO,104,104,303.874,19.7
blocks=3|exp=seq|k=5|one_way=False|seed=20,3,False,5,20,Hybrid,104,104,0.152,1.1
blocks=3|exp=seq|k=5|one_way=False|seed=21,3,False,5,21,HeldKarp,72,72,0.157,3.7
blocks=3|exp=seq|k=5|one_way=False|seed=21,3,False,5,21,NN,84,72,0.013,1.1
blocks=3|exp=seq|k=5|one_way=False|seed=21,3,False,5,21,NN2opt,72,72,0.065,1.1
blocks=3|exp=seq|k=5|one_way=False|seed=21,3,False,5,21,GA,72,72,336.789,19.9
blocks=3|exp=seq|k=5|one_way=False|seed=21,3,False,5,21,ACO,72,72,34.5,5.4
blocks=3|exp=seq|k=5|one_way=False|seed=21,3,False,5,21,ALO,72,72,316.824,19.6
blocks=3|exp=seq|k=5|one_way=False|seed=21,3,False,5,21,Hybrid,72,72,0.277,1.1
blocks=3|exp=seq|k=5|one_way=False|seed=22,3,False,5,22,HeldKarp,100,100,0.161,3.7
blocks=3|exp=seq|k=5|one_way=False|seed=22,3,False,5,22,NN,102,100,0.014,1.1
blocks=3|exp=seq|k=5|one_way=False|seed=22,3,False,5,22,NN2opt,100,100,0.065,1.1
blocks=3|exp=seq|k=5|one_way=False|seed=22,3,False,5,22,GA,100,100,332.439,20.1
blocks=3|exp=seq|k=5|one_way=False|seed=22,3,False,5,22,ACO,100,100,36.64,5.5
blocks=3|exp=seq|k=5|one_way=False|seed=22,3,False,5,22,ALO,100,100,302.268,19.6
blocks=3|exp=seq|k=5|one_way=False|seed=22,3,False,5,22,Hybrid,100,100,0.291,1.1
blocks=3|exp=seq|k=5|one_way=False|seed=23,3,False,5,23,HeldKarp,108,108,0.162,3.7
blocks=3|exp=seq|k=5|one_way=False|seed=23,3,False,5,23,NN,108,108,0.013,1.1
blocks=3|exp=seq|k=5|one_way=False|seed=23,3,False,5,23,NN2opt,108,108,0.041,1.1
blocks=3|exp=seq|k=5|one_way=False|seed=23,3,False,5,23,GA,108,108,344.768,19.9
blocks=3|exp=seq|k=5|one_way=False|seed=23,3,False,5,23,ACO,108,108,34.676,5.4
blocks=3|exp=seq|k=5|one_way=False|seed=23,3,False,5,23,ALO,108,108,298.009,19.6
blocks=3|exp=seq|k=5|one_way=False|seed=23,3,False,5,23,Hybrid,108,108,0.163,1.1
blocks=3|exp=seq|k=5|one_way=False|seed=24,3,False,5,24,HeldKarp,80,80,0.172,3.7
blocks=3|exp=seq|k=5|one_way=False|seed=24,3,False,5,24,NN,92,80,0.017,1.1
blocks=3|exp=seq|k=5|one_way=False|seed=24,3,False,5,24,NN2opt,80,80,0.069,1.1
blocks=3|exp=seq|k=5|one_way=False|seed=24,3,False,5,24,GA,80,80,341.294,19.8
blocks=3|exp=seq|k=5|one_way=False|seed=24,3,False,5,24,ACO,80,80,34.393,5.4
blocks=3|exp=seq|k=5|one_way=False|seed=24,3,False,5,24,ALO,80,80,302.342,19.6
blocks=3|exp=seq|k=5|one_way=False|seed=24,3,False,5,24,Hybrid,80,80,0.283,1.1
blocks=3|exp=seq|k=5|one_way=False|seed=25,3,False,5,25,HeldKarp,100,100,0.168,3.7
blocks=3|exp=seq|k=5|one_way=False|seed=25,3,False,5,25,NN,112,100,0.013,1.1
blocks=3|exp=seq|k=5|one_way=False|seed=25,3,False,5,25,NN2opt,100,100,0.091,1.1
blocks=3|exp=seq|k=5|one_way=False|seed=25,3,False,5,25,GA,100,100,344.478,20.0
blocks=3|exp=seq|k=5|one_way=False|seed=25,3,False,5,25,ACO,100,100,35.182,5.4
blocks=3|exp=seq|k=5|one_way=False|seed=25,3,False,5,25,ALO,100,100,303.357,19.6
blocks=3|exp=seq|k=5|one_way=False|seed=25,3,False,5,25,Hybrid,100,100,0.351,1.1
blocks=3|exp=seq|k=5|one_way=False|seed=26,3,False,5,26,HeldKarp,74,74,0.169,3.7
blocks=3|exp=seq|k=5|one_way=False|seed=26,3,False,5,26,NN,74,74,0.014,1.1
blocks=3|exp=seq|k=5|one_way=False|seed=26,3,False,5,26,NN2opt,74,74,0.041,1.1
blocks=3|exp=seq|k=5|one_way=False|seed=26,3,False,5,26,GA,74,74,345.765,19.8
blocks=3|exp=seq|k=5|one_way=False|seed=26,3,False,5,26,ACO,74,74,34.541,5.4
blocks=3|exp=seq|k=5|one_way=False|seed=26,3,False,5,26,ALO,74,74,306.729,19.7
blocks=3|exp=seq|k=5|one_way=False|seed=26,3,False,5,26,Hybrid,74,74,0.15,1.1
blocks=3|exp=seq|k=5|one_way=False|seed=27,3,False,5,27,HeldKarp,92,92,0.161,3.7
blocks=3|exp=seq|k=5|one_way=False|seed=27,3,False,5,27,NN,106,92,0.013,1.1
blocks=3|exp=seq|k=5|one_way=False|seed=27,3,False,5,27,NN2opt,92,92,0.066,1.1
blocks=3|exp=seq|k=5|one_way=False|seed=27,3,False,5,27,GA,92,92,338.829,19.6
blocks=3|exp=seq|k=5|one_way=False|seed=27,3,False,5,27,ACO,92,92,35.884,5.4
blocks=3|exp=seq|k=5|one_way=False|seed=27,3,False,5,27,ALO,92,92,306.918,19.8
blocks=3|exp=seq|k=5|one_way=False|seed=27,3,False,5,27,Hybrid,92,92,0.308,1.1
blocks=3|exp=seq|k=5|one_way=False|seed=28,3,False,5,28,HeldKarp,72,72,0.157,3.7
blocks=3|exp=seq|k=5|one_way=False|seed=28,3,False,5,28,NN,72,72,0.013,1.1
blocks=3|exp=seq|k=5|one_way=False|seed=28,3,False,5,28,NN2opt,72,72,0.04,1.1
blocks=3|exp=seq|k=5|one_way=False|seed=28,3,False,5,28,GA,72,72,349.174,20.0
blocks=3|exp=seq|k=5|one_way=False|seed=28,3,False,5,28,ACO,72,72,34.777,5.5
blocks=3|exp=seq|k=5|one_way=False|seed=28,3,False,5,28,ALO,72,72,304.001,19.7
blocks=3|exp=seq|k=5|one_way=False|seed=28,3,False,5,28,Hybrid,72,72,0.152,1.1
blocks=3|exp=seq|k=5|one_way=False|seed=29,3,False,5,29,HeldKarp,78,78,0.167,3.7
blocks=3|exp=seq|k=5|one_way=False|seed=29,3,False,5,29,NN,78,78,0.014,1.1
blocks=3|exp=seq|k=5|one_way=False|seed=29,3,False,5,29,NN2opt,78,78,0.041,1.1
blocks=3|exp=seq|k=5|one_way=False|seed=29,3,False,5,29,GA,78,78,335.98,20.2
blocks=3|exp=seq|k=5|one_way=False|seed=29,3,False,5,29,ACO,78,78,35.032,5.4
blocks=3|exp=seq|k=5|one_way=False|seed=29,3,False,5,29,ALO,78,78,304.292,19.8
blocks=3|exp=seq|k=5|one_way=False|seed=29,3,False,5,29,Hybrid,78,78,0.154,1.1
blocks=3|exp=seq|k=8|one_way=False|seed=0,3,False,8,0,HeldKarp,90,90,2.169,60.9
blocks=3|exp=seq|k=8|one_way=False|seed=0,3,False,8,0,NN,98,90,0.023,1.1
blocks=3|exp=seq|k=8|one_way=False|seed=0,3,False,8,0,NN2opt,90,90,0.183,1.1
blocks=3|exp=seq|k=8|one_way=False|seed=0,3,False,8,0,GA,90,90,371.879,20.1
blocks=3|exp=seq|k=8|one_way=False|seed=0,3,False,8,0,ACO,90,90,63.166,8.9
blocks=3|exp=seq|k=8|one_way=False|seed=0,3,False,8,0,ALO,92,90,322.643,28.6
blocks=3|exp=seq|k=8|one_way=False|seed=0,3,False,8,0,Hybrid,90,90,1.075,1.1
blocks=3|exp=seq|k=8|one_way=False|seed=1,3,False,8,1,HeldKarp,98,98,2.175,60.9
blocks=3|exp=seq|k=8|one_way=False|seed=1,3,False,8,1,NN,110,98,0.022,1.1
blocks=3|exp=seq|k=8|one_way=False|seed=1,3,False,8,1,NN2opt,98,98,0.191,1.1
blocks=3|exp=seq|k=8|one_way=False|seed=1,3,False,8,1,GA,98,98,416.57,20.3
blocks=3|exp=seq|k=8|one_way=False|seed=1,3,False,8,1,ACO,98,98,63.248,8.9
blocks=3|exp=seq|k=8|one_way=False|seed=1,3,False,8,1,ALO,104,98,324.14,28.6
blocks=3|exp=seq|k=8|one_way=False|seed=1,3,False,8,1,Hybrid,98,98,0.947,1.1
blocks=3|exp=seq|k=8|one_way=False|seed=2,3,False,8,2,HeldKarp,118,118,2.233,60.9
blocks=3|exp=seq|k=8|one_way=False|seed=2,3,False,8,2,NN,138,118,0.023,1.1
blocks=3|exp=seq|k=8|one_way=False|seed=2,3,False,8,2,NN2opt,118,118,0.193,1.1
blocks=3|exp=seq|k=8|one_way=False|seed=2,3,False,8,2,GA,118,118,374.864,20.2
blocks=3|exp=seq|k=8|one_way=False|seed=2,3,False,8,2,ACO,118,118,64.163,8.9
blocks=3|exp=seq|k=8|one_way=False|seed=2,3,False,8,2,ALO,136,118,320.131,28.6
blocks=3|exp=seq|k=8|one_way=False|seed=2,3,False,8,2,Hybrid,118,118,0.988,1.1
blocks=3|exp=seq|k=8|one_way=False|seed=3,3,False,8,3,HeldKarp,104,104,2.182,60.9
blocks=3|exp=seq|k=8|one_way=False|seed=3,3,False,8,3,NN,110,104,0.022,1.1
blocks=3|exp=seq|k=8|one_way=False|seed=3,3,False,8,3,NN2opt,104,104,0.264,1.1
blocks=3|exp=seq|k=8|one_way=False|seed=3,3,False,8,3,GA,104,104,375.02,20.4
blocks=3|exp=seq|k=8|one_way=False|seed=3,3,False,8,3,ACO,104,104,64.518,8.9
blocks=3|exp=seq|k=8|one_way=False|seed=3,3,False,8,3,ALO,118,104,323.071,28.7
blocks=3|exp=seq|k=8|one_way=False|seed=3,3,False,8,3,Hybrid,104,104,0.943,1.1
blocks=3|exp=seq|k=8|one_way=False|seed=4,3,False,8,4,HeldKarp,112,112,2.16,60.9
blocks=3|exp=seq|k=8|one_way=False|seed=4,3,False,8,4,NN,124,112,0.021,1.1
blocks=3|exp=seq|k=8|one_way=False|seed=4,3,False,8,4,NN2opt,120,112,0.267,1.1
blocks=3|exp=seq|k=8|one_way=False|seed=4,3,False,8,4,GA,112,112,371.503,20.2
blocks=3|exp=seq|k=8|one_way=False|seed=4,3,False,8,4,ACO,112,112,63.338,8.9
blocks=3|exp=seq|k=8|one_way=False|seed=4,3,False,8,4,ALO,134,112,330.174,28.6
blocks=3|exp=seq|k=8|one_way=False|seed=4,3,False,8,4,Hybrid,112,112,1.04,1.1
blocks=3|exp=seq|k=8|one_way=False|seed=5,3,False,8,5,HeldKarp,90,90,2.193,60.9
blocks=3|exp=seq|k=8|one_way=False|seed=5,3,False,8,5,NN,98,90,0.023,1.1
blocks=3|exp=seq|k=8|one_way=False|seed=5,3,False,8,5,NN2opt,90,90,0.183,1.1
blocks=3|exp=seq|k=8|one_way=False|seed=5,3,False,8,5,GA,90,90,378.551,20.5
blocks=3|exp=seq|k=8|one_way=False|seed=5,3,False,8,5,ACO,90,90,62.904,8.9
blocks=3|exp=seq|k=8|one_way=False|seed=5,3,False,8,5,ALO,100,90,323.79,28.6
blocks=3|exp=seq|k=8|one_way=False|seed=5,3,False,8,5,Hybrid,90,90,0.889,1.1
blocks=3|exp=seq|k=8|one_way=False|seed=6,3,False,8,6,HeldKarp,122,122,2.187,60.9
blocks=3|exp=seq|k=8|one_way=False|seed=6,3,False,8,6,NN,126,122,0.021,1.1
blocks=3|exp=seq|k=8|one_way=False|seed=6,3,False,8,6,NN2opt,122,122,0.189,1.1
blocks=3|exp=seq|k=8|one_way=False|seed=6,3,False,8,6,GA,122,122,372.291,20.3
blocks=3|exp=seq|k=8|one_way=False|seed=6,3,False,8,6,ACO,122,122,63.419,8.9
blocks=3|exp=seq|k=8|one_way=False|seed=6,3,False,8,6,ALO,128,122,320.151,28.7
blocks=3|exp=seq|k=8|one_way=False|seed=6,3,False,8,6,Hybrid,122,122,0.966,1.1
blocks=3|exp=seq|k=8|one_way=False|seed=7,3,False,8,7,HeldKarp,112,112,2.182,60.9
blocks=3|exp=seq|k=8|one_way=False|seed=7,3,False,8,7,NN,130,112,0.023,1.1
blocks=3|exp=seq|k=8|one_way=False|seed=7,3,False,8,7,NN2opt,114,112,0.26,1.1
blocks=3|exp=seq|k=8|one_way=False|seed=7,3,False,8,7,GA,112,112,375.589,20.3
blocks=3|exp=seq|k=8|one_way=False|seed=7,3,False,8,7,ACO,112,112,62.477,8.9
blocks=3|exp=seq|k=8|one_way=False|seed=7,3,False,8,7,ALO,116,112,322.659,28.6
blocks=3|exp=seq|k=8|one_way=False|seed=7,3,False,8,7,Hybrid,112,112,1.791,1.1
blocks=3|exp=seq|k=8|one_way=False|seed=8,3,False,8,8,HeldKarp,110,110,2.189,60.9
blocks=3|exp=seq|k=8|one_way=False|seed=8,3,False,8,8,NN,110,110,0.023,1.1
blocks=3|exp=seq|k=8|one_way=False|seed=8,3,False,8,8,NN2opt,110,110,0.106,1.1
blocks=3|exp=seq|k=8|one_way=False|seed=8,3,False,8,8,GA,110,110,389.122,20.3
blocks=3|exp=seq|k=8|one_way=False|seed=8,3,False,8,8,ACO,110,110,61.745,8.9
blocks=3|exp=seq|k=8|one_way=False|seed=8,3,False,8,8,ALO,118,110,320.055,28.7
blocks=3|exp=seq|k=8|one_way=False|seed=8,3,False,8,8,Hybrid,110,110,0.473,1.1
blocks=3|exp=seq|k=8|one_way=False|seed=9,3,False,8,9,HeldKarp,86,86,2.187,60.9
blocks=3|exp=seq|k=8|one_way=False|seed=9,3,False,8,9,NN,86,86,0.023,1.1
blocks=3|exp=seq|k=8|one_way=False|seed=9,3,False,8,9,NN2opt,86,86,0.108,1.1
blocks=3|exp=seq|k=8|one_way=False|seed=9,3,False,8,9,GA,86,86,376.206,20.2
blocks=3|exp=seq|k=8|one_way=False|seed=9,3,False,8,9,ACO,86,86,64.437,8.8
blocks=3|exp=seq|k=8|one_way=False|seed=9,3,False,8,9,ALO,86,86,323.711,28.6
blocks=3|exp=seq|k=8|one_way=False|seed=9,3,False,8,9,Hybrid,86,86,0.477,1.1
blocks=3|exp=seq|k=8|one_way=False|seed=10,3,False,8,10,HeldKarp,120,120,2.188,60.9
blocks=3|exp=seq|k=8|one_way=False|seed=10,3,False,8,10,NN,120,120,0.022,1.1
blocks=3|exp=seq|k=8|one_way=False|seed=10,3,False,8,10,NN2opt,120,120,0.104,1.1
blocks=3|exp=seq|k=8|one_way=False|seed=10,3,False,8,10,GA,120,120,375.881,20.2
blocks=3|exp=seq|k=8|one_way=False|seed=10,3,False,8,10,ACO,120,120,64.523,8.9
blocks=3|exp=seq|k=8|one_way=False|seed=10,3,False,8,10,ALO,120,120,326.096,28.7
blocks=3|exp=seq|k=8|one_way=False|seed=10,3,False,8,10,Hybrid,120,120,0.465,1.1
blocks=3|exp=seq|k=8|one_way=False|seed=11,3,False,8,11,HeldKarp,96,96,2.218,60.9
blocks=3|exp=seq|k=8|one_way=False|seed=11,3,False,8,11,NN,96,96,0.021,1.1
blocks=3|exp=seq|k=8|one_way=False|seed=11,3,False,8,11,NN2opt,96,96,0.104,1.1
blocks=3|exp=seq|k=8|one_way=False|seed=11,3,False,8,11,GA,96,96,373.413,20.3
blocks=3|exp=seq|k=8|one_way=False|seed=11,3,False,8,11,ACO,96,96,64.124,8.9
blocks=3|exp=seq|k=8|one_way=False|seed=11,3,False,8,11,ALO,102,96,323.424,28.6
blocks=3|exp=seq|k=8|one_way=False|seed=11,3,False,8,11,Hybrid,96,96,0.464,1.1
blocks=3|exp=seq|k=8|one_way=False|seed=12,3,False,8,12,HeldKarp,114,114,2.212,60.9
blocks=3|exp=seq|k=8|one_way=False|seed=12,3,False,8,12,NN,124,114,0.022,1.1
blocks=3|exp=seq|k=8|one_way=False|seed=12,3,False,8,12,NN2opt,114,114,0.264,1.1
blocks=3|exp=seq|k=8|one_way=False|seed=12,3,False,8,12,GA,116,114,373.542,20.2
blocks=3|exp=seq|k=8|one_way=False|seed=12,3,False,8,12,ACO,114,114,63.598,8.9
blocks=3|exp=seq|k=8|one_way=False|seed=12,3,False,8,12,ALO,116,114,335.815,28.6
blocks=3|exp=seq|k=8|one_way=False|seed=12,3,False,8,12,Hybrid,114,114,0.95,1.1
blocks=3|exp=seq|k=8|one_way=False|seed=13,3,False,8,13,HeldKarp,108,108,2.099,60.9
blocks=3|exp=seq|k=8|one_way=False|seed=13,3,False,8,13,NN,126,108,0.021,1.1
blocks=3|exp=seq|k=8|one_way=False|seed=13,3,False,8,13,NN2opt,108,108,0.413,1.1
blocks=3|exp=seq|k=8|one_way=False|seed=13,3,False,8,13,GA,108,108,373.3,20.3
blocks=3|exp=seq|k=8|one_way=False|seed=13,3,False,8,13,ACO,108,108,64.344,8.9
blocks=3|exp=seq|k=8|one_way=False|seed=13,3,False,8,13,ALO,108,108,321.379,28.7
blocks=3|exp=seq|k=8|one_way=False|seed=13,3,False,8,13,Hybrid,108,108,1.164,1.1
blocks=3|exp=seq|k=8|one_way=False|seed=14,3,False,8,14,HeldKarp,114,114,2.122,60.9
blocks=3|exp=seq|k=8|one_way=False|seed=14,3,False,8,14,NN,122,114,0.021,1.1
blocks=3|exp=seq|k=8|one_way=False|seed=14,3,False,8,14,NN2opt,114,114,0.183,1.1
blocks=3|exp=seq|k=8|one_way=False|seed=14,3,False,8,14,GA,114,114,380.688,20.2
blocks=3|exp=seq|k=8|one_way=False|seed=14,3,False,8,14,ACO,114,114,62.339,8.9
blocks=3|exp=seq|k=8|one_way=False|seed=14,3,False,8,14,ALO,114,114,320.711,28.6
blocks=3|exp=seq|k=8|one_way=False|seed=14,3,False,8,14,Hybrid,114,114,0.958,1.1
blocks=3|exp=seq|k=8|one_way=False|seed=15,3,False,8,15,HeldKarp,96,96,2.217,60.9
blocks=3|exp=seq|k=8|one_way=False|seed=15,3,False,8,15,NN,134,96,0.024,1.1
blocks=3|exp=seq|k=8|one_way=False|seed=15,3,False,8,15,NN2opt,98,96,0.271,1.1
blocks=3|exp=seq|k=8|one_way=False|seed=15,3,False,8,15,GA,96,96,385.535,20.4
blocks=3|exp=seq|k=8|one_way=False|seed=15,3,False,8,15,ACO,98,96,63.35,8.9
blocks=3|exp=seq|k=8|one_way=False|seed=15,3,False,8,15,ALO,96,96,334.329,28.6
blocks=3|exp=seq|k=8|one_way=False|seed=15,3,False,8,15,Hybrid,96,96,1.275,1.1
blocks=3|exp=seq|k=8|one_way=False|seed=16,3,False,8,16,HeldKarp,96,96,2.339,60.9
blocks=3|exp=seq|k=8|one_way=False|seed=16,3,False,8,16,NN,96,96,0.025,1.1
blocks=3|exp=seq|k=8|one_way=False|seed=16,3,False,8,16,NN2opt,96,96,0.121,1.1
blocks=3|exp=seq|k=8|one_way=False|seed=16,3,False,8,16,GA,96,96,381.33,20.6
blocks=3|exp=seq|k=8|one_way=False|seed=16,3,False,8,16,ACO,96,96,64.942,8.9
blocks=3|exp=seq|k=8|one_way=False|seed=16,3,False,8,16,ALO,102,96,340.511,28.7
blocks=3|exp=seq|k=8|one_way=False|seed=16,3,False,8,16,Hybrid,96,96,0.465,1.1
blocks=3|exp=seq|k=8|one_way=False|seed=17,3,False,8,17,HeldKarp,112,112,2.139,60.9
blocks=3|exp=seq|k=8|one_way=False|seed=17,3,False,8,17,NN,136,112,0.022,1.1
blocks=3|exp=seq|k=8|one_way=False|seed=17,3,False,8,17,NN2opt,112,112,0.427,1.1
blocks=3|exp=seq|k=8|one_way=False|seed=17,3,False,8,17,GA,112,112,376.822,20.2
blocks=3|exp=seq|k=8|one_way=False|seed=17,3,False,8,17,ACO,112,112,62.938,8.9
blocks=3|exp=seq|k=8|one_way=False|seed=17,3,False,8,17,ALO,114,112,323.962,28.7
blocks=3|exp=seq|k=8|one_way=False|seed=17,3,False,8,17,Hybrid,126,112,0.94,1.1
blocks=3|exp=seq|k=8|one_way=False|seed=18,3,False,8,18,HeldKarp,82,82,2.173,60.9
blocks=3|exp=seq|k=8|one_way=False|seed=18,3,False,8,18,NN,94,82,0.021,1.1
blocks=3|exp=seq|k=8|one_way=False|seed=18,3,False,8,18,NN2opt,82,82,0.183,1.1
blocks=3|exp=seq|k=8|one_way=False|seed=18,3,False,8,18,GA,82,82,372.593,20.1
blocks=3|exp=seq|k=8|one_way=False|seed=18,3,False,8,18,ACO,82,82,63.007,8.9
blocks=3|exp=seq|k=8|one_way=False|seed=18,3,False,8,18,ALO,82,82,330.783,28.6
blocks=3|exp=seq|k=8|one_way=False|seed=18,3,False,8,18,Hybrid,82,82,1.028,1.1
blocks=3|exp=seq|k=8|one_way=False|seed=19,3,False,8,19,HeldKarp,112,112,2.154,60.9
blocks=3|exp=seq|k=8|one_way=False|seed=19,3,False,8,19,NN,124,112,0.024,1.1
blocks=3|exp=seq|k=8|one_way=False|seed=19,3,False,8,19,NN2opt,118,112,0.264,1.1
blocks=3|exp=seq|k=8|one_way=False|seed=19,3,False,8,19,GA,112,112,369.011,20.6
blocks=3|exp=seq|k=8|one_way=False|seed=19,3,False,8,19,ACO,112,112,62.99,8.9
blocks=3|exp=seq|k=8|one_way=False|seed=19,3,False,8,19,ALO,120,112,320.239,28.6
blocks=3|exp=seq|k=8|one_way=False|seed=19,3,False,8,19,Hybrid,112,112,1.433,1.1
blocks=3|exp=seq|k=8|one_way=False|seed=20,3,False,8,20,HeldKarp,100,100,2.149,60.9
blocks=3|exp=seq|k=8|one_way=False|seed=20,3,False,8,20,NN,108,100,0.021,1.1
blocks=3|exp=seq|k=8|one_way=False|seed=20,3,False,8,20,NN2opt,100,100,0.182,1.1
blocks=3|exp=seq|k=8|one_way=False|seed=20,3,False,8,20,GA,100,100,375.619,20.5
blocks=3|exp=seq|k=8|one_way=False|seed=20,3,False,8,20,ACO,100,100,62.006,8.9
blocks=3|exp=seq|k=8|one_way=False|seed=20,3,False,8,20,ALO,108,100,320.75,28.7
blocks=3|exp=seq|k=8|one_way=False|seed=20,3,False,8,20,Hybrid,100,100,0.988,1.1
blocks=3|exp=seq|k=8|one_way=False|seed=21,3,False,8,21,HeldKarp,116,116,2.216,60.9
blocks=3|exp=seq|k=8|one_way=False|seed=21,3,False,8,21,NN,116,116,0.022,1.1
blocks=3|exp=seq|k=8|one_way=False|seed=21,3,False,8,21,NN2opt,116,116,0.104,1.1
blocks=3|exp=seq|k=8|one_way=False|seed=21,3,False,8,21,GA,116,116,417.612,20.5
blocks=3|exp=seq|k=8|one_way=False|seed=21,3,False,8,21,ACO,116,116,63.976,8.9
blocks=3|exp=seq|k=8|one_way=False|seed=21,3,False,8,21,ALO,132,116,324.399,28.6
blocks=3|exp=seq|k=8|one_way=False|seed=21,3,False,8,21,Hybrid,116,116,0.46,1.1
blocks=3|exp=seq|k=8|one_way=False|seed=22,3,False,8,22,HeldKarp,100,100,2.905,60.9
blocks=3|exp=seq|k=8|one_way=False|seed=22,3,False,8,22,NN,106,100,0.022,1.1
blocks=3|exp=seq|k=8|one_way=False|seed=22,3,False,8,22,NN2opt,100,100,0.266,1.1
blocks=3|exp=seq|k=8|one_way=False|seed=22,3,False,8,22,GA,100,100,373.711,20.2
blocks=3|exp=seq|k=8|one_way=False|seed=22,3,False,8,22,ACO,100,100,62.915,8.8
blocks=3|exp=seq|k=8|one_way=False|seed=22,3,False,8,22,ALO,106,100,325.776,28.7
blocks=3|exp=seq|k=8|one_way=False|seed=22,3,False,8,22,Hybrid,100,100,0.926,1.1
blocks=3|exp=seq|k=8|one_way=False|seed=23,3,False,8,23,HeldKarp,98,98,2.161,60.9
blocks=3|exp=seq|k=8|one_way=False|seed=23,3,False,8,23,NN,104,98,0.021,1.1
blocks=3|exp=seq|k=8|one_way=False|seed=23,3,False,8,23,NN2opt,98,98,0.185,1.1
blocks=3|exp=seq|k=8|one_way=False|seed=23,3,False,8,23,GA,98,98,377.326,20.4
blocks=3|exp=seq|k=8|one_way=False|seed=23,3,False,8,23,ACO,98,98,63.739,8.9
blocks=3|exp=seq|k=8|one_way=False|seed=23,3,False,8,23,ALO,110,98,325.659,28.7
blocks=3|exp=seq|k=8|one_way=False|seed=23,3,False,8,23,Hybrid,98,98,0.903,1.1
blocks=3|exp=seq|k=8|one_way=False|seed=24,3,False,8,24,HeldKarp,100,100,2.13,60.9
blocks=3|exp=seq|k=8|one_way=False|seed=24,3,False,8,24,NN,106,100,0.021,1.1
blocks=3|exp=seq|k=8|one_way=False|seed=24,3,False,8,24,NN2opt,100,100,0.183,1.1
blocks=3|exp=seq|k=8|one_way=False|seed=24,3,False,8,24,GA,100,100,380.81,20.4
blocks=3|exp=seq|k=8|one_way=False|seed=24,3,False,8,24,ACO,100,100,63.995,8.9
blocks=3|exp=seq|k=8|one_way=False|seed=24,3,False,8,24,ALO,100,100,338.724,28.9
blocks=3|exp=seq|k=8|one_way=False|seed=24,3,False,8,24,Hybrid,100,100,0.954,1.1
blocks=3|exp=seq|k=8|one_way=False|seed=25,3,False,8,25,HeldKarp,104,104,2.139,60.9
blocks=3|exp=seq|k=8|one_way=False|seed=25,3,False,8,25,NN,124,104,0.03,1.1
blocks=3|exp=seq|k=8|one_way=False|seed=25,3,False,8,25,NN2opt,108,104,0.186,1.1
blocks=3|exp=seq|k=8|one_way=False|seed=25,3,False,8,25,GA,104,104,368.94,20.0
blocks=3|exp=seq|k=8|one_way=False|seed=25,3,False,8,25,ACO,104,104,63.164,8.9
blocks=3|exp=seq|k=8|one_way=False|seed=25,3,False,8,25,ALO,118,104,333.715,28.6
blocks=3|exp=seq|k=8|one_way=False|seed=25,3,False,8,25,Hybrid,104,104,1.205,1.1
blocks=3|exp=seq|k=8|one_way=False|seed=26,3,False,8,26,HeldKarp,116,116,2.189,60.9
blocks=3|exp=seq|k=8|one_way=False|seed=26,3,False,8,26,NN,126,116,0.021,1.1
blocks=3|exp=seq|k=8|one_way=False|seed=26,3,False,8,26,NN2opt,116,116,0.346,1.1
blocks=3|exp=seq|k=8|one_way=False|seed=26,3,False,8,26,GA,116,116,373.744,19.9
blocks=3|exp=seq|k=8|one_way=False|seed=26,3,False,8,26,ACO,116,116,61.939,8.9
blocks=3|exp=seq|k=8|one_way=False|seed=26,3,False,8,26,ALO,116,116,320.707,28.6
blocks=3|exp=seq|k=8|one_way=False|seed=26,3,False,8,26,Hybrid,116,116,1.186,1.1
blocks=3|exp=seq|k=8|one_way=False|seed=27,3,False,8,27,HeldKarp,116,116,2.152,60.9
blocks=3|exp=seq|k=8|one_way=False|seed=27,3,False,8,27,NN,116,116,0.02,1.1
blocks=3|exp=seq|k=8|one_way=False|seed=27,3,False,8,27,NN2opt,116,116,0.101,1.1
blocks=3|exp=seq|k=8|one_way=False|seed=27,3,False,8,27,GA,116,116,371.9,20.6
blocks=3|exp=seq|k=8|one_way=False|seed=27,3,False,8,27,ACO,116,116,62.708,8.9
blocks=3|exp=seq|k=8|one_way=False|seed=27,3,False,8,27,ALO,116,116,324.035,28.7
blocks=3|exp=seq|k=8|one_way=False|seed=27,3,False,8,27,Hybrid,116,116,0.461,1.1
blocks=3|exp=seq|k=8|one_way=False|seed=28,3,False,8,28,HeldKarp,108,108,2.255,60.9
blocks=3|exp=seq|k=8|one_way=False|seed=28,3,False,8,28,NN,118,108,0.023,1.1
blocks=3|exp=seq|k=8|one_way=False|seed=28,3,False,8,28,NN2opt,108,108,0.182,1.1
blocks=3|exp=seq|k=8|one_way=False|seed=28,3,False,8,28,GA,108,108,395.742,20.3
blocks=3|exp=seq|k=8|one_way=False|seed=28,3,False,8,28,ACO,108,108,63.416,8.9
blocks=3|exp=seq|k=8|one_way=False|seed=28,3,False,8,28,ALO,108,108,324.051,28.6
blocks=3|exp=seq|k=8|one_way=False|seed=28,3,False,8,28,Hybrid,108,108,0.987,1.1
blocks=3|exp=seq|k=8|one_way=False|seed=29,3,False,8,29,HeldKarp,108,108,2.171,60.9
blocks=3|exp=seq|k=8|one_way=False|seed=29,3,False,8,29,NN,108,108,0.022,1.1
blocks=3|exp=seq|k=8|one_way=False|seed=29,3,False,8,29,NN2opt,108,108,0.105,1.1
blocks=3|exp=seq|k=8|one_way=False|seed=29,3,False,8,29,GA,108,108,380.402,20.3
blocks=3|exp=seq|k=8|one_way=False|seed=29,3,False,8,29,ACO,108,108,62.028,8.9
blocks=3|exp=seq|k=8|one_way=False|seed=29,3,False,8,29,ALO,110,108,323.665,28.6
blocks=3|exp=seq|k=8|one_way=False|seed=29,3,False,8,29,Hybrid,108,108,0.461,1.1
blocks=3|exp=seq|k=10|one_way=False|seed=0,3,False,10,0,HeldKarp,112,112,13.98,286.0
blocks=3|exp=seq|k=10|one_way=False|seed=0,3,False,10,0,NN,122,112,0.029,1.1
blocks=3|exp=seq|k=10|one_way=False|seed=0,3,False,10,0,NN2opt,116,112,0.323,1.1
blocks=3|exp=seq|k=10|one_way=False|seed=0,3,False,10,0,GA,112,112,402.834,27.2
blocks=3|exp=seq|k=10|one_way=False|seed=0,3,False,10,0,ACO,112,112,86.553,11.6
blocks=3|exp=seq|k=10|one_way=False|seed=0,3,False,10,0,ALO,118,112,351.171,34.7
blocks=3|exp=seq|k=10|one_way=False|seed=0,3,False,10,0,Hybrid,116,112,1.718,1.1
blocks=3|exp=seq|k=10|one_way=False|seed=1,3,False,10,1,HeldKarp,110,110,13.664,286.0
blocks=3|exp=seq|k=10|one_way=False|seed=1,3,False,10,1,NN,126,110,0.027,1.1
blocks=3|exp=seq|k=10|one_way=False|seed=1,3,False,10,1,NN2opt,118,110,0.313,1.1
blocks=3|exp=seq|k=10|one_way=False|seed=1,3,False,10,1,GA,110,110,396.171,27.6
blocks=3|exp=seq|k=10|one_way=False|seed=1,3,False,10,1,ACO,112,110,86.717,11.6
blocks=3|exp=seq|k=10|one_way=False|seed=1,3,False,10,1,ALO,122,110,344.059,34.7
blocks=3|exp=seq|k=10|one_way=False|seed=1,3,False,10,1,Hybrid,116,110,1.895,1.1
blocks=3|exp=seq|k=10|one_way=False|seed=2,3,False,10,2,HeldKarp,106,106,13.719,286.0
blocks=3|exp=seq|k=10|one_way=False|seed=2,3,False,10,2,NN,124,106,0.028,1.1
blocks=3|exp=seq|k=10|one_way=False|seed=2,3,False,10,2,NN2opt,106,106,0.309,1.1
blocks=3|exp=seq|k=10|one_way=False|seed=2,3,False,10,2,GA,106,106,394.207,27.4
blocks=3|exp=seq|k=10|one_way=False|seed=2,3,False,10,2,ACO,106,106,86.567,11.6
blocks=3|exp=seq|k=10|one_way=False|seed=2,3,False,10,2,ALO,134,106,406.215,34.6
blocks=3|exp=seq|k=10|one_way=False|seed=2,3,False,10,2,Hybrid,106,106,1.877,1.1
blocks=3|exp=seq|k=10|one_way=False|seed=3,3,False,10,3,HeldKarp,120,120,14.636,286.0
blocks=3|exp=seq|k=10|one_way=False|seed=3,3,False,10,3,NN,142,120,0.029,1.1
blocks=3|exp=seq|k=10|one_way=False|seed=3,3,False,10,3,NN2opt,120,120,0.452,1.1
blocks=3|exp=seq|k=10|one_way=False|seed=3,3,False,10,3,GA,120,120,397.128,27.4
blocks=3|exp=seq|k=10|one_way=False|seed=3,3,False,10,3,ACO,120,120,90.763,11.6
blocks=3|exp=seq|k=10|one_way=False|seed=3,3,False,10,3,ALO,136,120,336.128,34.6
blocks=3|exp=seq|k=10|one_way=False|seed=3,3,False,10,3,Hybrid,126,120,2.298,1.1
blocks=3|exp=seq|k=10|one_way=False|seed=4,3,False,10,4,HeldKarp,112,112,13.518,286.0
blocks=3|exp=seq|k=10|one_way=False|seed=4,3,False,10,4,NN,118,112,0.03,1.1
blocks=3|exp=seq|k=10|one_way=False|seed=4,3,False,10,4,NN2opt,112,112,0.445,1.1
blocks=3|exp=seq|k=10|one_way=False|seed=4,3,False,10,4,GA,112,112,397.041,27.3
blocks=3|exp=seq|k=10|one_way=False|seed=4,3,False,10,4,ACO,112,112,85.342,11.6
blocks=3|exp=seq|k=10|one_way=False|seed=4,3,False,10,4,ALO,112,112,330.004,35.1
blocks=3|exp=seq|k=10|one_way=False|seed=4,3,False,10,4,Hybrid,112,112,1.645,1.1
blocks=3|exp=seq|k=10|one_way=False|seed=5,3,False,10,5,HeldKarp,118,118,14.065,286.0
blocks=3|exp=seq|k=10|one_way=False|seed=5,3,False,10,5,NN,124,118,0.03,1.1
blocks=3|exp=seq|k=10|one_way=False|seed=5,3,False,10,5,NN2opt,124,118,0.175,1.1
blocks=3|exp=seq|k=10|one_way=False|seed=5,3,False,10,5,GA,122,118,453.986,27.5
blocks=3|exp=seq|k=10|one_way=False|seed=5,3,False,10,5,ACO,118,118,85.633,11.6
blocks=3|exp=seq|k=10|one_way=False|seed=5,3,False,10,5,ALO,124,118,332.036,34.6
blocks=3|exp=seq|k=10|one_way=False|seed=5,3,False,10,5,Hybrid,124,118,0.798,1.1
blocks=3|exp=seq|k=10|one_way=False|seed=6,3,False,10,6,HeldKarp,120,120,16.976,286.0
blocks=3|exp=seq|k=10|one_way=False|seed=6,3,False,10,6,NN,120,120,0.03,1.1
blocks=3|exp=seq|k=10|one_way=False|seed=6,3,False,10,6,NN2opt,120,120,0.173,1.1
blocks=3|exp=seq|k=10|one_way=False|seed=6,3,False,10,6,GA,120,120,400.542,27.4
blocks=3|exp=seq|k=10|one_way=False|seed=6,3,False,10,6,ACO,120,120,86.129,11.6
blocks=3|exp=seq|k=10|one_way=False|seed=6,3,False,10,6,ALO,120,120,341.202,34.6
blocks=3|exp=seq|k=10|one_way=False|seed=6,3,False,10,6,Hybrid,120,120,0.808,1.1
blocks=3|exp=seq|k=10|one_way=False|seed=7,3,False,10,7,HeldKarp,118,118,14.28,286.0
blocks=3|exp=seq|k=10|one_way=False|seed=7,3,False,10,7,NN,136,118,0.029,1.1
blocks=3|exp=seq|k=10|one_way=False|seed=7,3,False,10,7,NN2opt,118,118,0.604,1.1
blocks=3|exp=seq|k=10|one_way=False|seed=7,3,False,10,7,GA,118,118,409.07,27.7
blocks=3|exp=seq|k=10|one_way=False|seed=7,3,False,10,7,ACO,118,118,86.267,11.6
blocks=3|exp=seq|k=10|one_way=False|seed=7,3,False,10,7,ALO,134,118,335.729,34.8
blocks=3|exp=seq|k=10|one_way=False|seed=7,3,False,10,7,Hybrid,118,118,2.73,1.1
blocks=3|exp=seq|k=10|one_way=False|seed=8,3,False,10,8,HeldKarp,122,122,14.387,286.0
blocks=3|exp=seq|k=10|one_way=False|seed=8,3,False,10,8,NN,126,122,0.033,1.1
blocks=3|exp=seq|k=10|one_way=False|seed=8,3,False,10,8,NN2opt,124,122,0.31,1.1
blocks=3|exp=seq|k=10|one_way=False|seed=8,3,False,10,8,GA,122,122,406.759,27.5
blocks=3|exp=seq|k=10|one_way=False|seed=8,3,False,10,8,ACO,124,122,97.623,11.6
blocks=3|exp=seq|k=10|one_way=False|seed=8,3,False,10,8,ALO,128,122,335.519,34.7
blocks=3|exp=seq|k=10|one_way=False|seed=8,3,False,10,8,Hybrid,124,122,1.707,1.1
blocks=3|exp=seq|k=10|one_way=False|seed=9,3,False,10,9,HeldKarp,114,114,13.58,286.0
blocks=3|exp=seq|k=10|one_way=False|seed=9,3,False,10,9,NN,136,114,0.029,1.1
blocks=3|exp=seq|k=10|one_way=False|seed=9,3,False,10,9,NN2opt,120,114,0.32,1.1
blocks=3|exp=seq|k=10|one_way=False|seed=9,3,False,10,9,GA,114,114,399.42,27.2
blocks=3|exp=seq|k=10|one_way=False|seed=9,3,False,10,9,ACO,114,114,89.485,11.6
blocks=3|exp=seq|k=10|one_way=False|seed=9,3,False,10,9,ALO,120,114,337.402,34.6
blocks=3|exp=seq|k=10|one_way=False|seed=9,3,False,10,9,Hybrid,120,114,1.684,1.1
blocks=3|exp=seq|k=10|one_way=False|seed=10,3,False,10,10,HeldKarp,108,108,13.203,286.0
blocks=3|exp=seq|k=10|one_way=False|seed=10,3,False,10,10,NN,114,108,0.053,1.1
blocks=3|exp=seq|k=10|one_way=False|seed=10,3,False,10,10,NN2opt,108,108,0.537,1.1
blocks=3|exp=seq|k=10|one_way=False|seed=10,3,False,10,10,GA,108,108,396.121,27.7
blocks=3|exp=seq|k=10|one_way=False|seed=10,3,False,10,10,ACO,108,108,86.469,11.6
blocks=3|exp=seq|k=10|one_way=False|seed=10,3,False,10,10,ALO,130,108,340.201,34.6
blocks=3|exp=seq|k=10|one_way=False|seed=10,3,False,10,10,Hybrid,108,108,1.662,1.1
blocks=3|exp=seq|k=10|one_way=False|seed=11,3,False,10,11,HeldKarp,120,120,13.36,286.0
blocks=3|exp=seq|k=10|one_way=False|seed=11,3,False,10,11,NN,120,120,0.029,1.1
blocks=3|exp=seq|k=10|one_way=False|seed=11,3,False,10,11,NN2opt,120,120,0.172,1.1
blocks=3|exp=seq|k=10|one_way=False|seed=11,3,False,10,11,GA,120,120,405.647,27.3
blocks=3|exp=seq|k=10|one_way=False|seed=11,3,False,10,11,ACO,120,120,86.529,11.6
blocks=3|exp=seq|k=10|one_way=False|seed=11,3,False,10,11,ALO,126,120,339.04,34.6
blocks=3|exp=seq|k=10|one_way=False|seed=11,3,False,10,11,Hybrid,120,120,0.818,1.1
blocks=3|exp=seq|k=10|one_way=False|seed=12,3,False,10,12,HeldKarp,102,102,13.434,286.0
blocks=3|exp=seq|k=10|one_way=False|seed=12,3,False,10,12,NN,112,102,0.029,1.1
blocks=3|exp=seq|k=10|one_way=False|seed=12,3,False,10,12,NN2opt,102,102,0.453,1.1
blocks=3|exp=seq|k=10|one_way=False|seed=12,3,False,10,12,GA,102,102,397.418,27.5
blocks=3|exp=seq|k=10|one_way=False|seed=12,3,False,10,12,ACO,102,102,85.122,11.6
blocks=3|exp=seq|k=10|one_way=False|seed=12,3,False,10,12,ALO,112,102,351.354,34.8
blocks=3|exp=seq|k=10|one_way=False|seed=12,3,False,10,12,Hybrid,102,102,1.733,1.1
blocks=3|exp=seq|k=10|one_way=False|seed=13,3,False,10,13,HeldKarp,112,112,13.433,286.0
blocks=3|exp=seq|k=10|one_way=False|seed=13,3,False,10,13,NN,122,112,0.029,1.1
blocks=3|exp=seq|k=10|one_way=False|seed=13,3,False,10,13,NN2opt,118,112,0.323,1.1
blocks=3|exp=seq|k=10|one_way=False|seed=13,3,False,10,13,GA,112,112,398.004,27.7
blocks=3|exp=seq|k=10|one_way=False|seed=13,3,False,10,13,ACO,112,112,82.884,11.6
blocks=3|exp=seq|k=10|one_way=False|seed=13,3,False,10,13,ALO,122,112,348.036,34.6
blocks=3|exp=seq|k=10|one_way=False|seed=13,3,False,10,13,Hybrid,118,112,1.719,1.1
blocks=3|exp=seq|k=10|one_way=False|seed=14,3,False,10,14,HeldKarp,108,108,13.721,286.0
blocks=3|exp=seq|k=10|one_way=False|seed=14,3,False,10,14,NN,108,108,0.028,1.1
blocks=3|exp=seq|k=10|one_way=False|seed=14,3,False,10,14,NN2opt,108,108,0.174,1.1
blocks=3|exp=seq|k=10|one_way=False|seed=14,3,False,10,14,GA,108,108,400.664,27.2
blocks=3|exp=seq|k=10|one_way=False|seed=14,3,False,10,14,ACO,108,108,87.878,11.6
blocks=3|exp=seq|k=10|one_way=False|seed=14,3,False,10,14,ALO,130,108,339.834,34.6
blocks=3|exp=seq|k=10|one_way=False|seed=14,3,False,10,14,Hybrid,108,108,0.816,1.1
blocks=3|exp=seq|k=10|one_way=False|seed=15,3,False,10,15,HeldKarp,106,106,13.881,286.0
blocks=3|exp=seq|k=10|one_way=False|seed=15,3,False,10,15,NN,106,106,0.03,1.1
blocks=3|exp=seq|k=10|one_way=False|seed=15,3,False,10,15,NN2opt,106,106,0.171,1.1
blocks=3|exp=seq|k=10|one_way=False|seed=15,3,False,10,15,GA,106,106,394.89,27.5
blocks=3|exp=seq|k=10|one_way=False|seed=15,3,False,10,15,ACO,106,106,96.14,11.6
blocks=3|exp=seq|k=10|one_way=False|seed=15,3,False,10,15,ALO,110,106,335.874,34.7
blocks=3|exp=seq|k=10|one_way=False|seed=15,3,False,10,15,Hybrid,106,106,0.84,1.1
blocks=3|exp=seq|k=10|one_way=False|seed=16,3,False,10,16,HeldKarp,104,104,13.47,286.0
blocks=3|exp=seq|k=10|one_way=False|seed=16,3,False,10,16,NN,110,104,0.029,1.1
blocks=3|exp=seq|k=10|one_way=False|seed=16,3,False,10,16,NN2opt,104,104,0.45,1.1
blocks=3|exp=seq|k=10|one_way=False|seed=16,3,False,10,16,GA,104,104,403.672,27.8
blocks=3|exp=seq|k=10|one_way=False|seed=16,3,False,10,16,ACO,104,104,87.931,11.6
blocks=3|exp=seq|k=10|one_way=False|seed=16,3,False,10,16,ALO,138,104,342.34,34.6
blocks=3|exp=seq|k=10|one_way=False|seed=16,3,False,10,16,Hybrid,104,104,1.858,1.1
blocks=3|exp=seq|k=10|one_way=False|seed=17,3,False,10,17,HeldKarp,118,118,22.085,286.0
blocks=3|exp=seq|k=10|one_way=False|seed=17,3,False,10,17,NN,124,118,0.03,1.1
blocks=3|exp=seq|k=10|one_way=False|seed=17,3,False,10,17,NN2opt,118,118,0.463,1.1
blocks=3|exp=seq|k=10|one_way=False|seed=17,3,False,10,17,GA,126,118,398.989,27.4
blocks=3|exp=seq|k=10|one_way=False|seed=17,3,False,10,17,ACO,118,118,85.975,11.6
blocks=3|exp=seq|k=10|one_way=False|seed=17,3,False,10,17,ALO,128,118,336.081,34.8
blocks=3|exp=seq|k=10|one_way=False|seed=17,3,False,10,17,Hybrid,118,118,1.629,1.1
blocks=3|exp=seq|k=10|one_way=False|seed=18,3,False,10,18,HeldKarp,114,114,13.968,286.0
blocks=3|exp=seq|k=10|one_way=False|seed=18,3,False,10,18,NN,128,114,0.03,1.1
blocks=3|exp=seq|k=10|one_way=False|seed=18,3,False,10,18,NN2opt,114,114,0.456,1.1
blocks=3|exp=seq|k=10|one_way=False|seed=18,3,False,10,18,GA,114,114,426.242,27.8
blocks=3|exp=seq|k=10|one_way=False|seed=18,3,False,10,18,ACO,114,114,88.011,11.6
blocks=3|exp=seq|k=10|one_way=False|seed=18,3,False,10,18,ALO,144,114,345.296,34.6
blocks=3|exp=seq|k=10|one_way=False|seed=18,3,False,10,18,Hybrid,118,114,2.112,1.1
blocks=3|exp=seq|k=10|one_way=False|seed=19,3,False,10,19,HeldKarp,136,136,13.848,286.0
blocks=3|exp=seq|k=10|one_way=False|seed=19,3,False,10,19,NN,148,136,0.029,1.1
blocks=3|exp=seq|k=10|one_way=False|seed=19,3,False,10,19,NN2opt,142,136,0.311,1.1
blocks=3|exp=seq|k=10|one_way=False|seed=19,3,False,10,19,GA,140,136,399.005,27.3
blocks=3|exp=seq|k=10|one_way=False|seed=19,3,False,10,19,ACO,136,136,86.267,11.6
blocks=3|exp=seq|k=10|one_way=False|seed=19,3,False,10,19,ALO,154,136,335.132,34.8
blocks=3|exp=seq|k=10|one_way=False|seed=19,3,False,10,19,Hybrid,142,136,1.611,1.1
blocks=3|exp=seq|k=10|one_way=False|seed=20,3,False,10,20,HeldKarp,100,100,21.384,286.0
blocks=3|exp=seq|k=10|one_way=False|seed=20,3,False,10,20,NN,112,100,0.029,1.1
blocks=3|exp=seq|k=10|one_way=False|seed=20,3,False,10,20,NN2opt,106,100,0.314,1.1
blocks=3|exp=seq|k=10|one_way=False|seed=20,3,False,10,20,GA,100,100,397.145,27.8
blocks=3|exp=seq|k=10|one_way=False|seed=20,3,False,10,20,ACO,100,100,86.419,11.6
blocks=3|exp=seq|k=10|one_way=False|seed=20,3,False,10,20,ALO,128,100,337.051,34.6
blocks=3|exp=seq|k=10|one_way=False|seed=20,3,False,10,20,Hybrid,100,100,2.755,1.1
blocks=3|exp=seq|k=10|one_way=False|seed=21,3,False,10,21,HeldKarp,108,108,14.465,286.0
blocks=3|exp=seq|k=10|one_way=False|seed=21,3,False,10,21,NN,124,108,0.029,1.1
blocks=3|exp=seq|k=10|one_way=False|seed=21,3,False,10,21,NN2opt,108,108,0.443,1.1
blocks=3|exp=seq|k=10|one_way=False|seed=21,3,False,10,21,GA,108,108,398.813,27.5
blocks=3|exp=seq|k=10|one_way=False|seed=21,3,False,10,21,ACO,108,108,85.117,11.6
blocks=3|exp=seq|k=10|one_way=False|seed=21,3,False,10,21,ALO,124,108,343.06,34.7
blocks=3|exp=seq|k=10|one_way=False|seed=21,3,False,10,21,Hybrid,108,108,2.29,1.1
blocks=3|exp=seq|k=10|one_way=False|seed=22,3,False,10,22,HeldKarp,122,122,13.456,286.0
blocks=3|exp=seq|k=10|one_way=False|seed=22,3,False,10,22,NN,158,122,0.028,1.1
blocks=3|exp=seq|k=10|one_way=False|seed=22,3,False,10,22,NN2opt,122,122,0.86,1.1
blocks=3|exp=seq|k=10|one_way=False|seed=22,3,False,10,22,GA,122,122,401.83,27.2
blocks=3|exp=seq|k=10|one_way=False|seed=22,3,False,10,22,ACO,122,122,86.101,11.6
blocks=3|exp=seq|k=10|one_way=False|seed=22,3,False,10,22,ALO,154,122,346.4,34.7
blocks=3|exp=seq|k=10|one_way=False|seed=22,3,False,10,22,Hybrid,122,122,3.119,1.1
blocks=3|exp=seq|k=10|one_way=False|seed=23,3,False,10,23,HeldKarp,118,118,13.643,286.0
blocks=3|exp=seq|k=10|one_way=False|seed=23,3,False,10,23,NN,118,118,0.028,1.1
blocks=3|exp=seq|k=10|one_way=False|seed=23,3,False,10,23,NN2opt,118,118,0.17,1.1
blocks=3|exp=seq|k=10|one_way=False|seed=23,3,False,10,23,GA,118,118,397.922,27.5
blocks=3|exp=seq|k=10|one_way=False|seed=23,3,False,10,23,ACO,118,118,87.801,11.6
blocks=3|exp=seq|k=10|one_way=False|seed=23,3,False,10,23,ALO,142,118,337.224,34.6
blocks=3|exp=seq|k=10|one_way=False|seed=23,3,False,10,23,Hybrid,118,118,0.818,1.1
blocks=3|exp=seq|k=10|one_way=False|seed=24,3,False,10,24,HeldKarp,108,108,13.388,286.0
blocks=3|exp=seq|k=10|one_way=False|seed=24,3,False,10,24,NN,130,108,0.029,1.1
blocks=3|exp=seq|k=10|one_way=False|seed=24,3,False,10,24,NN2opt,108,108,0.591,1.1
blocks=3|exp=seq|k=10|one_way=False|seed=24,3,False,10,24,GA,124,108,401.123,27.2
blocks=3|exp=seq|k=10|one_way=False|seed=24,3,False,10,24,ACO,108,108,85.504,11.6
blocks=3|exp=seq|k=10|one_way=False|seed=24,3,False,10,24,ALO,108,108,378.559,34.8
blocks=3|exp=seq|k=10|one_way=False|seed=24,3,False,10,24,Hybrid,124,108,1.819,1.1
blocks=3|exp=seq|k=10|one_way=False|seed=25,3,False,10,25,HeldKarp,132,132,13.435,286.0
blocks=3|exp=seq|k=10|one_way=False|seed=25,3,False,10,25,NN,136,132,0.028,1.1
blocks=3|exp=seq|k=10|one_way=False|seed=25,3,False,10,25,NN2opt,132,132,0.306,1.1
blocks=3|exp=seq|k=10|one_way=False|seed=25,3,False,10,25,GA,134,132,394.442,27.3
blocks=3|exp=seq|k=10|one_way=False|seed=25,3,False,10,25,ACO,132,132,86.7,11.6
blocks=3|exp=seq|k=10|one_way=False|seed=25,3,False,10,25,ALO,154,132,335.553,34.9
blocks=3|exp=seq|k=10|one_way=False|seed=25,3,False,10,25,Hybrid,132,132,1.698,1.1
blocks=3|exp=seq|k=10|one_way=False|seed=26,3,False,10,26,HeldKarp,114,114,18.498,286.0
blocks=3|exp=seq|k=10|one_way=False|seed=26,3,False,10,26,NN,114,114,0.029,1.1
blocks=3|exp=seq|k=10|one_way=False|seed=26,3,False,10,26,NN2opt,114,114,0.17,1.1
blocks=3|exp=seq|k=10|one_way=False|seed=26,3,False,10,26,GA,114,114,403.031,27.4
blocks=3|exp=seq|k=10|one_way=False|seed=26,3,False,10,26,ACO,114,114,85.855,11.6
blocks=3|exp=seq|k=10|one_way=False|seed=26,3,False,10,26,ALO,120,114,340.017,34.7
blocks=3|exp=seq|k=10|one_way=False|seed=26,3,False,10,26,Hybrid,114,114,0.81,1.1
blocks=3|exp=seq|k=10|one_way=False|seed=27,3,False,10,27,HeldKarp,100,100,13.648,286.0
blocks=3|exp=seq|k=10|one_way=False|seed=27,3,False,10,27,NN,132,100,0.029,1.1
blocks=3|exp=seq|k=10|one_way=False|seed=27,3,False,10,27,NN2opt,100,100,0.601,1.1
blocks=3|exp=seq|k=10|one_way=False|seed=27,3,False,10,27,GA,100,100,407.679,27.2
blocks=3|exp=seq|k=10|one_way=False|seed=27,3,False,10,27,ACO,100,100,85.847,11.6
blocks=3|exp=seq|k=10|one_way=False|seed=27,3,False,10,27,ALO,112,100,337.189,34.6
blocks=3|exp=seq|k=10|one_way=False|seed=27,3,False,10,27,Hybrid,100,100,1.834,1.1
blocks=3|exp=seq|k=10|one_way=False|seed=28,3,False,10,28,HeldKarp,130,130,13.944,286.0
blocks=3|exp=seq|k=10|one_way=False|seed=28,3,False,10,28,NN,136,130,0.029,1.1
blocks=3|exp=seq|k=10|one_way=False|seed=28,3,False,10,28,NN2opt,130,130,0.319,1.1
blocks=3|exp=seq|k=10|one_way=False|seed=28,3,False,10,28,GA,130,130,398.278,27.5
blocks=3|exp=seq|k=10|one_way=False|seed=28,3,False,10,28,ACO,130,130,85.975,11.6
blocks=3|exp=seq|k=10|one_way=False|seed=28,3,False,10,28,ALO,134,130,335.593,34.6
blocks=3|exp=seq|k=10|one_way=False|seed=28,3,False,10,28,Hybrid,134,130,1.621,1.1
blocks=3|exp=seq|k=10|one_way=False|seed=29,3,False,10,29,HeldKarp,120,120,13.609,286.0
blocks=3|exp=seq|k=10|one_way=False|seed=29,3,False,10,29,NN,142,120,0.028,1.1
blocks=3|exp=seq|k=10|one_way=False|seed=29,3,False,10,29,NN2opt,124,120,0.441,1.1
blocks=3|exp=seq|k=10|one_way=False|seed=29,3,False,10,29,GA,122,120,394.483,27.2
blocks=3|exp=seq|k=10|one_way=False|seed=29,3,False,10,29,ACO,120,120,87.516,11.6
blocks=3|exp=seq|k=10|one_way=False|seed=29,3,False,10,29,ALO,130,120,336.385,35.0
blocks=3|exp=seq|k=10|one_way=False|seed=29,3,False,10,29,Hybrid,120,120,2.443,1.1
blocks=3|exp=seq|k=12|one_way=False|seed=0,3,False,12,0,HeldKarp,116,116,77.333,1277.3
blocks=3|exp=seq|k=12|one_way=False|seed=0,3,False,12,0,NN,140,116,0.037,1.1
blocks=3|exp=seq|k=12|one_way=False|seed=0,3,False,12,0,NN2opt,126,116,0.721,1.1
blocks=3|exp=seq|k=12|one_way=False|seed=0,3,False,12,0,GA,116,116,431.928,27.4
blocks=3|exp=seq|k=12|one_way=False|seed=0,3,False,12,0,ACO,116,116,114.901,14.7
blocks=3|exp=seq|k=12|one_way=False|seed=0,3,False,12,0,ALO,124,116,351.393,40.7
blocks=3|exp=seq|k=12|one_way=False|seed=0,3,False,12,0,Hybrid,116,116,3.454,1.1
blocks=3|exp=seq|k=12|one_way=False|seed=1,3,False,12,1,HeldKarp,116,116,75.924,1277.3
blocks=3|exp=seq|k=12|one_way=False|seed=1,3,False,12,1,NN,132,116,0.038,1.1
blocks=3|exp=seq|k=12|one_way=False|seed=1,3,False,12,1,NN2opt,124,116,0.711,1.1
blocks=3|exp=seq|k=12|one_way=False|seed=1,3,False,12,1,GA,116,116,420.585,27.3
blocks=3|exp=seq|k=12|one_way=False|seed=1,3,False,12,1,ACO,116,116,114.331,14.8
blocks=3|exp=seq|k=12|one_way=False|seed=1,3,False,12,1,ALO,132,116,347.312,40.7
blocks=3|exp=seq|k=12|one_way=False|seed=1,3,False,12,1,Hybrid,124,116,2.841,1.1
blocks=3|exp=seq|k=12|one_way=False|seed=2,3,False,12,2,HeldKarp,116,116,77.721,1277.3
blocks=3|exp=seq|k=12|one_way=False|seed=2,3,False,12,2,NN,144,116,0.038,1.1
blocks=3|exp=seq|k=12|one_way=False|seed=2,3,False,12,2,NN2opt,124,116,0.705,1.1
blocks=3|exp=seq|k=12|one_way=False|seed=2,3,False,12,2,GA,116,116,423.306,27.7
blocks=3|exp=seq|k=12|one_way=False|seed=2,3,False,12,2,ACO,120,116,110.667,14.7
blocks=3|exp=seq|k=12|one_way=False|seed=2,3,False,12,2,ALO,136,116,348.093,40.6
blocks=3|exp=seq|k=12|one_way=False|seed=2,3,False,12,2,Hybrid,116,116,4.296,1.1
blocks=3|exp=seq|k=12|one_way=False|seed=3,3,False,12,3,HeldKarp,120,120,76.673,1277.7
blocks=3|exp=seq|k=12|one_way=False|seed=3,3,False,12,3,NN,132,120,0.037,1.1
blocks=3|exp=seq|k=12|one_way=False|seed=3,3,False,12,3,NN2opt,120,120,0.696,1.1
blocks=3|exp=seq|k=12|one_way=False|seed=3,3,False,12,3,GA,120,120,430.012,28.1
blocks=3|exp=seq|k=12|one_way=False|seed=3,3,False,12,3,ACO,120,120,110.992,14.8
blocks=3|exp=seq|k=12|one_way=False|seed=3,3,False,12,3,ALO,158,120,353.827,40.7
blocks=3|exp=seq|k=12|one_way=False|seed=3,3,False,12,3,Hybrid,120,120,2.967,1.1
blocks=3|exp=seq|k=12|one_way=False|seed=4,3,False,12,4,HeldKarp,122,122,77.391,1277.3
blocks=3|exp=seq|k=12|one_way=False|seed=4,3,False,12,4,NN,128,122,0.038,1.1
blocks=3|exp=seq|k=12|one_way=False|seed=4,3,False,12,4,NN2opt,124,122,0.48,1.1
blocks=3|exp=seq|k=12|one_way=False|seed=4,3,False,12,4,GA,122,122,441.405,27.6
blocks=3|exp=seq|k=12|one_way=False|seed=4,3,False,12,4,ACO,122,122,112.0,14.7
blocks=3|exp=seq|k=12|one_way=False|seed=4,3,False,12,4,ALO,136,122,346.104,40.7
blocks=3|exp=seq|k=12|one_way=False|seed=4,3,False,12,4,Hybrid,122,122,3.4,1.1
blocks=3|exp=seq|k=12|one_way=False|seed=5,3,False,12,5,HeldKarp,110,110,77.075,1277.3
blocks=3|exp=seq|k=12|one_way=False|seed=5,3,False,12,5,NN,110,110,0.038,1.1
blocks=3|exp=seq|k=12|one_way=False|seed=5,3,False,12,5,NN2opt,110,110,0.277,1.1
blocks=3|exp=seq|k=12|one_way=False|seed=5,3,False,12,5,GA,110,110,425.571,27.7
blocks=3|exp=seq|k=12|one_way=False|seed=5,3,False,12,5,ACO,110,110,112.458,14.7
blocks=3|exp=seq|k=12|one_way=False|seed=5,3,False,12,5,ALO,118,110,382.654,40.7
blocks=3|exp=seq|k=12|one_way=False|seed=5,3,False,12,5,Hybrid,110,110,1.346,1.1
blocks=3|exp=seq|k=12|one_way=False|seed=6,3,False,12,6,HeldKarp,122,122,77.37,1277.3
blocks=3|exp=seq|k=12|one_way=False|seed=6,3,False,12,6,NN,142,122,0.037,1.1
blocks=3|exp=seq|k=12|one_way=False|seed=6,3,False,12,6,NN2opt,122,122,0.755,1.1
blocks=3|exp=seq|k=12|one_way=False|seed=6,3,False,12,6,GA,122,122,424.163,27.5
blocks=3|exp=seq|k=12|one_way=False|seed=6,3,False,12,6,ACO,122,122,111.435,14.8
blocks=3|exp=seq|k=12|one_way=False|seed=6,3,False,12,6,ALO,126,122,363.508,40.7
blocks=3|exp=seq|k=12|one_way=False|seed=6,3,False,12,6,Hybrid,122,122,3.569,1.1
blocks=3|exp=seq|k=12|one_way=False|seed=7,3,False,12,7,HeldKarp,126,126,75.851,1277.3
blocks=3|exp=seq|k=12|one_way=False|seed=7,3,False,12,7,NN,132,126,0.037,1.1
blocks=3|exp=seq|k=12|one_way=False|seed=7,3,False,12,7,NN2opt,126,126,0.919,1.1
blocks=3|exp=seq|k=12|one_way=False|seed=7,3,False,12,7,GA,126,126,415.591,27.9
blocks=3|exp=seq|k=12|one_way=False|seed=7,3,False,12,7,ACO,126,126,115.379,14.7
blocks=3|exp=seq|k=12|one_way=False|seed=7,3,False,12,7,ALO,142,126,354.879,40.6
blocks=3|exp=seq|k=12|one_way=False|seed=7,3,False,12,7,Hybrid,126,126,3.099,1.1
blocks=3|exp=seq|k=12|one_way=False|seed=8,3,False,12,8,HeldKarp,140,140,78.365,1277.3
blocks=3|exp=seq|k=12|one_way=False|seed=8,3,False,12,8,NN,188,140,0.039,1.1
blocks=3|exp=seq|k=12|one_way=False|seed=8,3,False,12,8,NN2opt,140,140,1.555,1.1
blocks=3|exp=seq|k=12|one_way=False|seed=8,3,False,12,8,GA,140,140,427.489,27.9
blocks=3|exp=seq|k=12|one_way=False|seed=8,3,False,12,8,ACO,140,140,111.784,14.7
blocks=3|exp=seq|k=12|one_way=False|seed=8,3,False,12,8,ALO,142,140,357.888,40.7
blocks=3|exp=seq|k=12|one_way=False|seed=8,3,False,12,8,Hybrid,140,140,5.106,1.1
blocks=3|exp=seq|k=12|one_way=False|seed=9,3,False,12,9,HeldKarp,144,144,77.035,1277.3
blocks=3|exp=seq|k=12|one_way=False|seed=9,3,False,12,9,NN,170,144,0.038,1.1
blocks=3|exp=seq|k=12|one_way=False|seed=9,3,False,12,9,NN2opt,144,144,0.926,1.1
blocks=3|exp=seq|k=12|one_way=False|seed=9,3,False,12,9,GA,146,144,444.703,27.3
blocks=3|exp=seq|k=12|one_way=False|seed=9,3,False,12,9,ACO,146,144,110.902,14.8
blocks=3|exp=seq|k=12|one_way=False|seed=9,3,False,12,9,ALO,190,144,351.414,40.6
blocks=3|exp=seq|k=12|one_way=False|seed=9,3,False,12,9,Hybrid,144,144,4.215,1.1
blocks=3|exp=seq|k=12|one_way=False|seed=10,3,False,12,10,HeldKarp,122,122,121.702,1277.3
blocks=3|exp=seq|k=12|one_way=False|seed=10,3,False,12,10,NN,148,122,0.037,1.1
blocks=3|exp=seq|k=12|one_way=False|seed=10,3,False,12,10,NN2opt,140,122,0.691,1.1
blocks=3|exp=seq|k=12|one_way=False|seed=10,3,False,12,10,GA,122,122,430.994,27.7
blocks=3|exp=seq|k=12|one_way=False|seed=10,3,False,12,10,ACO,122,122,114.281,14.8
blocks=3|exp=seq|k=12|one_way=False|seed=10,3,False,12,10,ALO,156,122,348.351,40.8
blocks=3|exp=seq|k=12|one_way=False|seed=10,3,False,12,10,Hybrid,124,122,3.546,1.1
blocks=3|exp=seq|k=12|one_way=False|seed=11,3,False,12,11,HeldKarp,128,128,85.768,1277.3
blocks=3|exp=seq|k=12|one_way=False|seed=11,3,False,12,11,NN,160,128,0.037,1.1
blocks=3|exp=seq|k=12|one_way=False|seed=11,3,False,12,11,NN2opt,130,128,0.711,1.1
blocks=3|exp=seq|k=12|one_way=False|seed=11,3,False,12,11,GA,130,128,428.431,27.7
blocks=3|exp=seq|k=12|one_way=False|seed=11,3,False,12,11,ACO,128,128,111.258,14.7
blocks=3|exp=seq|k=12|one_way=False|seed=11,3,False,12,11,ALO,164,128,354.692,40.6
blocks=3|exp=seq|k=12|one_way=False|seed=11,3,False,12,11,Hybrid,130,128,4.36,1.1
blocks=3|exp=seq|k=12|one_way=False|seed=12,3,False,12,12,HeldKarp,114,114,85.109,1277.3
blocks=3|exp=seq|k=12|one_way=False|seed=12,3,False,12,12,NN,120,114,0.037,1.1
blocks=3|exp=seq|k=12|one_way=False|seed=12,3,False,12,12,NN2opt,114,114,0.481,1.1
blocks=3|exp=seq|k=12|one_way=False|seed=12,3,False,12,12,GA,114,114,420.97,27.7
blocks=3|exp=seq|k=12|one_way=False|seed=12,3,False,12,12,ACO,114,114,112.005,14.7
blocks=3|exp=seq|k=12|one_way=False|seed=12,3,False,12,12,ALO,120,114,356.231,40.8
blocks=3|exp=seq|k=12|one_way=False|seed=12,3,False,12,12,Hybrid,114,114,2.825,1.1
blocks=3|exp=seq|k=12|one_way=False|seed=13,3,False,12,13,HeldKarp,114,114,77.648,1277.7
blocks=3|exp=seq|k=12|one_way=False|seed=13,3,False,12,13,NN,134,114,0.039,1.1
blocks=3|exp=seq|k=12|one_way=False|seed=13,3,False,12,13,NN2opt,116,114,0.693,1.1
blocks=3|exp=seq|k=12|one_way=False|seed=13,3,False,12,13,GA,114,114,427.934,27.6
blocks=3|exp=seq|k=12|one_way=False|seed=13,3,False,12,13,ACO,114,114,114.66,14.7
blocks=3|exp=seq|k=12|one_way=False|seed=13,3,False,12,13,ALO,132,114,369.357,40.6
blocks=3|exp=seq|k=12|one_way=False|seed=13,3,False,12,13,Hybrid,116,114,3.541,1.1
blocks=3|exp=seq|k=12|one_way=False|seed=14,3,False,12,14,HeldKarp,128,128,77.155,1277.7
blocks=3|exp=seq|k=12|one_way=False|seed=14,3,False,12,14,NN,148,128,0.037,1.1
blocks=3|exp=seq|k=12|one_way=False|seed=14,3,False,12,14,NN2opt,128,128,0.699,1.1
blocks=3|exp=seq|k=12|one_way=False|seed=14,3,False,12,14,GA,128,128,427.684,27.5
blocks=3|exp=seq|k=12|one_way=False|seed=14,3,False,12,14,ACO,128,128,113.351,14.8
blocks=3|exp=seq|k=12|one_way=False|seed=14,3,False,12,14,ALO,138,128,347.711,42.5
blocks=3|exp=seq|k=12|one_way=False|seed=14,3,False,12,14,Hybrid,128,128,3.249,1.1
blocks=3|exp=seq|k=12|one_way=False|seed=15,3,False,12,15,HeldKarp,126,126,76.371,1277.3
blocks=3|exp=seq|k=12|one_way=False|seed=15,3,False,12,15,NN,126,126,0.039,1.1
blocks=3|exp=seq|k=12|one_way=False|seed=15,3,False,12,15,NN2opt,126,126,0.265,1.1
blocks=3|exp=seq|k=12|one_way=False|seed=15,3,False,12,15,GA,126,126,433.142,27.5
blocks=3|exp=seq|k=12|one_way=False|seed=15,3,False,12,15,ACO,126,126,112.287,14.8
blocks=3|exp=seq|k=12|one_way=False|seed=15,3,False,12,15,ALO,168,126,349.788,40.7
blocks=3|exp=seq|k=12|one_way=False|seed=15,3,False,12,15,Hybrid,126,126,1.31,1.1
blocks=3|exp=seq|k=12|one_way=False|seed=16,3,False,12,16,HeldKarp,134,134,90.765,1277.3
blocks=3|exp=seq|k=12|one_way=False|seed=16,3,False,12,16,NN,150,134,0.039,1.1
blocks=3|exp=seq|k=12|one_way=False|seed=16,3,False,12,16,NN2opt,134,134,0.723,1.1
blocks=3|exp=seq|k=12|one_way=False|seed=16,3,False,12,16,GA,134,134,436.363,27.8
blocks=3|exp=seq|k=12|one_way=False|seed=16,3,False,12,16,ACO,134,134,116.629,14.7
blocks=3|exp=seq|k=12|one_way=False|seed=16,3,False,12,16,ALO,168,134,349.129,40.6
blocks=3|exp=seq|k=12|one_way=False|seed=16,3,False,12,16,Hybrid,134,134,3.055,1.1
blocks=3|exp=seq|k=12|one_way=False|seed=17,3,False,12,17,HeldKarp,116,116,79.773,1277.3
blocks=3|exp=seq|k=12|one_way=False|seed=17,3,False,12,17,NN,152,116,0.05,1.1
blocks=3|exp=seq|k=12|one_way=False|seed=17,3,False,12,17,NN2opt,120,116,0.904,1.1
blocks=3|exp=seq|k=12|one_way=False|seed=17,3,False,12,17,GA,116,116,425.887,27.5
blocks=3|exp=seq|k=12|one_way=False|seed=17,3,False,12,17,ACO,116,116,112.091,14.7
blocks=3|exp=seq|k=12|one_way=False|seed=17,3,False,12,17,ALO,136,116,361.542,40.7
blocks=3|exp=seq|k=12|one_way=False|seed=17,3,False,12,17,Hybrid,116,116,4.33,1.1
blocks=3|exp=seq|k=12|one_way=False|seed=18,3,False,12,18,HeldKarp,136,136,77.823,1277.3
blocks=3|exp=seq|k=12|one_way=False|seed=18,3,False,12,18,NN,182,136,0.039,1.1
blocks=3|exp=seq|k=12|one_way=False|seed=18,3,False,12,18,NN2opt,136,136,1.611,1.1
blocks=3|exp=seq|k=12|one_way=False|seed=18,3,False,12,18,GA,136,136,423.482,27.7
blocks=3|exp=seq|k=12|one_way=False|seed=18,3,False,12,18,ACO,136,136,123.661,14.8
blocks=3|exp=seq|k=12|one_way=False|seed=18,3,False,12,18,ALO,184,136,349.821,40.7
blocks=3|exp=seq|k=12|one_way=False|seed=18,3,False,12,18,Hybrid,144,136,3.419,1.1
blocks=3|exp=seq|k=12|one_way=False|seed=19,3,False,12,19,HeldKarp,126,126,77.727,1277.3
blocks=3|exp=seq|k=12|one_way=False|seed=19,3,False,12,19,NN,128,126,0.037,1.1
blocks=3|exp=seq|k=12|one_way=False|seed=19,3,False,12,19,NN2opt,126,126,0.481,1.1
blocks=3|exp=seq|k=12|one_way=False|seed=19,3,False,12,19,GA,126,126,419.174,28.0
blocks=3|exp=seq|k=12|one_way=False|seed=19,3,False,12,19,ACO,126,126,112.081,14.8
blocks=3|exp=seq|k=12|one_way=False|seed=19,3,False,12,19,ALO,182,126,354.905,40.6
blocks=3|exp=seq|k=12|one_way=False|seed=19,3,False,12,19,Hybrid,126,126,2.727,1.1
blocks=3|exp=seq|k=12|one_way=False|seed=20,3,False,12,20,HeldKarp,118,118,75.792,1277.3
blocks=3|exp=seq|k=12|one_way=False|seed=20,3,False,12,20,NN,128,118,0.038,1.1
blocks=3|exp=seq|k=12|one_way=False|seed=20,3,False,12,20,NN2opt,126,118,0.483,1.1
blocks=3|exp=seq|k=12|one_way=False|seed=20,3,False,12,20,GA,118,118,443.375,27.6
blocks=3|exp=seq|k=12|one_way=False|seed=20,3,False,12,20,ACO,118,118,112.711,14.8
blocks=3|exp=seq|k=12|one_way=False|seed=20,3,False,12,20,ALO,134,118,355.527,40.7
blocks=3|exp=seq|k=12|one_way=False|seed=20,3,False,12,20,Hybrid,118,118,4.142,1.1
blocks=3|exp=seq|k=12|one_way=False|seed=21,3,False,12,21,HeldKarp,116,116,80.716,1277.3
blocks=3|exp=seq|k=12|one_way=False|seed=21,3,False,12,21,NN,124,116,0.036,1.1
blocks=3|exp=seq|k=12|one_way=False|seed=21,3,False,12,21,NN2opt,116,116,0.483,1.1
blocks=3|exp=seq|k=12|one_way=False|seed=21,3,False,12,21,GA,124,116,428.743,27.5
blocks=3|exp=seq|k=12|one_way=False|seed=21,3,False,12,21,ACO,116,116,113.004,14.8
blocks=3|exp=seq|k=12|one_way=False|seed=21,3,False,12,21,ALO,124,116,348.002,40.6
blocks=3|exp=seq|k=12|one_way=False|seed=21,3,False,12,21,Hybrid,116,116,3.187,1.1
blocks=3|exp=seq|k=12|one_way=False|seed=22,3,False,12,22,HeldKarp,128,128,77.58,1277.3
blocks=3|exp=seq|k=12|one_way=False|seed=22,3,False,12,22,NN,156,128,0.038,1.1
blocks=3|exp=seq|k=12|one_way=False|seed=22,3,False,12,22,NN2opt,128,128,0.917,1.1
blocks=3|exp=seq|k=12|one_way=False|seed=22,3,False,12,22,GA,128,128,432.055,27.4
blocks=3|exp=seq|k=12|one_way=False|seed=22,3,False,12,22,ACO,128,128,112.421,14.7
blocks=3|exp=seq|k=12|one_way=False|seed=22,3,False,12,22,ALO,150,128,348.029,40.7
blocks=3|exp=seq|k=12|one_way=False|seed=22,3,False,12,22,Hybrid,128,128,4.83,1.1
blocks=3|exp=seq|k=12|one_way=False|seed=23,3,False,12,23,HeldKarp,132,132,77.538,1277.3
blocks=3|exp=seq|k=12|one_way=False|seed=23,3,False,12,23,NN,134,132,0.038,1.1
blocks=3|exp=seq|k=12|one_way=False|seed=23,3,False,12,23,NN2opt,132,132,0.493,1.1
blocks=3|exp=seq|k=12|one_way=False|seed=23,3,False,12,23,GA,132,132,434.721,27.4
blocks=3|exp=seq|k=12|one_way=False|seed=23,3,False,12,23,ACO,132,132,110.921,14.7
blocks=3|exp=seq|k=12|one_way=False|seed=23,3,False,12,23,ALO,154,132,346.359,40.7
blocks=3|exp=seq|k=12|one_way=False|seed=23,3,False,12,23,Hybrid,132,132,2.696,1.1
blocks=3|exp=seq|k=12|one_way=False|seed=24,3,False,12,24,HeldKarp,136,136,79.428,1277.3
blocks=3|exp=seq|k=12|one_way=False|seed=24,3,False,12,24,NN,150,136,0.038,1.1
blocks=3|exp=seq|k=12|one_way=False|seed=24,3,False,12,24,NN2opt,136,136,1.15,1.1
blocks=3|exp=seq|k=12|one_way=False|seed=24,3,False,12,24,GA,140,136,431.454,27.6
blocks=3|exp=seq|k=12|one_way=False|seed=24,3,False,12,24,ACO,136,136,110.77,14.8
blocks=3|exp=seq|k=12|one_way=False|seed=24,3,False,12,24,ALO,164,136,346.686,40.6
blocks=3|exp=seq|k=12|one_way=False|seed=24,3,False,12,24,Hybrid,140,136,2.95,1.1
blocks=3|exp=seq|k=12|one_way=False|seed=25,3,False,12,25,HeldKarp,118,118,76.178,1277.3
blocks=3|exp=seq|k=12|one_way=False|seed=25,3,False,12,25,NN,124,118,0.037,1.1
blocks=3|exp=seq|k=12|one_way=False|seed=25,3,False,12,25,NN2opt,120,118,0.485,1.1
blocks=3|exp=seq|k=12|one_way=False|seed=25,3,False,12,25,GA,118,118,420.828,27.5
blocks=3|exp=seq|k=12|one_way=False|seed=25,3,False,12,25,ACO,118,118,112.049,14.8
blocks=3|exp=seq|k=12|one_way=False|seed=25,3,False,12,25,ALO,132,118,372.955,41.2
blocks=3|exp=seq|k=12|one_way=False|seed=25,3,False,12,25,Hybrid,120,118,3.185,1.1
blocks=3|exp=seq|k=12|one_way=False|seed=26,3,False,12,26,HeldKarp,122,122,77.86,1277.3
blocks=3|exp=seq|k=12|one_way=False|seed=26,3,False,12,26,NN,148,122,0.038,1.1
blocks=3|exp=seq|k=12|one_way=False|seed=26,3,False,12,26,NN2opt,126,122,1.85,1.1
blocks=3|exp=seq|k=12|one_way=False|seed=26,3,False,12,26,GA,122,122,428.038,27.4
blocks=3|exp=seq|k=12|one_way=False|seed=26,3,False,12,26,ACO,122,122,112.752,14.8
blocks=3|exp=seq|k=12|one_way=False|seed=26,3,False,12,26,ALO,144,122,345.895,40.7
blocks=3|exp=seq|k=12|one_way=False|seed=26,3,False,12,26,Hybrid,136,122,3.07,1.1
blocks=3|exp=seq|k=12|one_way=False|seed=27,3,False,12,27,HeldKarp,152,152,76.175,1277.3
blocks=3|exp=seq|k=12|one_way=False|seed=27,3,False,12,27,NN,164,152,0.038,1.1
blocks=3|exp=seq|k=12|one_way=False|seed=27,3,False,12,27,NN2opt,152,152,1.184,1.1
blocks=3|exp=seq|k=12|one_way=False|seed=27,3,False,12,27,GA,152,152,427.04,27.8
blocks=3|exp=seq|k=12|one_way=False|seed=27,3,False,12,27,ACO,152,152,113.366,14.7
blocks=3|exp=seq|k=12|one_way=False|seed=27,3,False,12,27,ALO,190,152,349.259,41.0
blocks=3|exp=seq|k=12|one_way=False|seed=27,3,False,12,27,Hybrid,152,152,3.311,1.1
blocks=3|exp=seq|k=12|one_way=False|seed=28,3,False,12,28,HeldKarp,112,112,76.989,1277.3
blocks=3|exp=seq|k=12|one_way=False|seed=28,3,False,12,28,NN,134,112,0.036,1.1
blocks=3|exp=seq|k=12|one_way=False|seed=28,3,False,12,28,NN2opt,112,112,1.146,1.1
blocks=3|exp=seq|k=12|one_way=False|seed=28,3,False,12,28,GA,118,112,420.326,27.2
blocks=3|exp=seq|k=12|one_way=False|seed=28,3,False,12,28,ACO,112,112,113.426,14.7
blocks=3|exp=seq|k=12|one_way=False|seed=28,3,False,12,28,ALO,130,112,349.239,40.8
blocks=3|exp=seq|k=12|one_way=False|seed=28,3,False,12,28,Hybrid,112,112,3.525,1.1
blocks=3|exp=seq|k=12|one_way=False|seed=29,3,False,12,29,HeldKarp,126,126,76.091,1277.3
blocks=3|exp=seq|k=12|one_way=False|seed=29,3,False,12,29,NN,144,126,0.037,1.1
blocks=3|exp=seq|k=12|one_way=False|seed=29,3,False,12,29,NN2opt,128,126,0.704,1.1
blocks=3|exp=seq|k=12|one_way=False|seed=29,3,False,12,29,GA,126,126,425.374,27.6
blocks=3|exp=seq|k=12|one_way=False|seed=29,3,False,12,29,ACO,126,126,109.753,14.8
blocks=3|exp=seq|k=12|one_way=False|seed=29,3,False,12,29,ALO,152,126,371.812,40.7
blocks=3|exp=seq|k=12|one_way=False|seed=29,3,False,12,29,Hybrid,130,126,3.538,1.1
blocks=3|exp=seq|k=20|one_way=False|seed=0,3,False,20,0,NN,176,,0.07,2.9
blocks=3|exp=seq|k=20|one_way=False|seed=0,3,False,20,0,NN2opt,150,,4.139,2.9
blocks=3|exp=seq|k=20|one_way=False|seed=0,3,False,20,0,GA,156,,524.29,36.8
blocks=3|exp=seq|k=20|one_way=False|seed=0,3,False,20,0,ACO,154,,237.83,33.5
blocks=3|exp=seq|k=20|one_way=False|seed=0,3,False,20,0,ALO,278,,394.933,64.7
blocks=3|exp=seq|k=20|one_way=False|seed=0,3,False,20,0,Hybrid,150,,15.533,2.9
blocks=3|exp=seq|k=20|one_way=False|seed=1,3,False,20,1,NN,206,,0.072,2.9
blocks=3|exp=seq|k=20|one_way=False|seed=1,3,False,20,1,NN2opt,164,,4.134,2.9
blocks=3|exp=seq|k=20|one_way=False|seed=1,3,False,20,1,GA,168,,527.535,36.8
blocks=3|exp=seq|k=20|one_way=False|seed=1,3,False,20,1,ACO,162,,242.955,33.5
blocks=3|exp=seq|k=20|one_way=False|seed=1,3,False,20,1,ALO,212,,411.539,64.7
blocks=3|exp=seq|k=20|one_way=False|seed=1,3,False,20,1,Hybrid,162,,17.315,2.9
blocks=3|exp=seq|k=20|one_way=False|seed=2,3,False,20,2,NN,184,,0.076,2.9
blocks=3|exp=seq|k=20|one_way=False|seed=2,3,False,20,2,NN2opt,156,,3.355,2.9
blocks=3|exp=seq|k=20|one_way=False|seed=2,3,False,20,2,GA,166,,520.499,36.3
blocks=3|exp=seq|k=20|one_way=False|seed=2,3,False,20,2,ACO,156,,257.483,33.4
blocks=3|exp=seq|k=20|one_way=False|seed=2,3,False,20,2,ALO,228,,411.375,65.0
blocks=3|exp=seq|k=20|one_way=False|seed=2,3,False,20,2,Hybrid,156,,19.904,2.9
blocks=3|exp=seq|k=20|one_way=False|seed=3,3,False,20,3,NN,164,,0.075,2.9
blocks=3|exp=seq|k=20|one_way=False|seed=3,3,False,20,3,NN2opt,134,,5.055,2.9
blocks=3|exp=seq|k=20|one_way=False|seed=3,3,False,20,3,GA,146,,524.587,36.3
blocks=3|exp=seq|k=20|one_way=False|seed=3,3,False,20,3,ACO,134,,242.197,33.4
blocks=3|exp=seq|k=20|one_way=False|seed=3,3,False,20,3,ALO,248,,394.021,66.2
blocks=3|exp=seq|k=20|one_way=False|seed=3,3,False,20,3,Hybrid,138,,20.3,2.9
blocks=3|exp=seq|k=20|one_way=False|seed=4,3,False,20,4,NN,160,,0.072,2.9
blocks=3|exp=seq|k=20|one_way=False|seed=4,3,False,20,4,NN2opt,160,,0.897,2.9
blocks=3|exp=seq|k=20|one_way=False|seed=4,3,False,20,4,GA,164,,526.511,36.6
blocks=3|exp=seq|k=20|one_way=False|seed=4,3,False,20,4,ACO,160,,244.018,33.5
blocks=3|exp=seq|k=20|one_way=False|seed=4,3,False,20,4,ALO,248,,401.273,65.0
blocks=3|exp=seq|k=20|one_way=False|seed=4,3,False,20,4,Hybrid,160,,5.19,2.9
blocks=3|exp=seq|k=20|one_way=False|seed=5,3,False,20,5,NN,160,,0.069,2.9
blocks=3|exp=seq|k=20|one_way=False|seed=5,3,False,20,5,NN2opt,156,,1.749,2.9
blocks=3|exp=seq|k=20|one_way=False|seed=5,3,False,20,5,GA,160,,525.155,36.9
blocks=3|exp=seq|k=20|one_way=False|seed=5,3,False,20,5,ACO,154,,256.23,33.4
blocks=3|exp=seq|k=20|one_way=False|seed=5,3,False,20,5,ALO,224,,468.065,64.7
blocks=3|exp=seq|k=20|one_way=False|seed=5,3,False,20,5,Hybrid,156,,11.708,2.9
blocks=3|exp=seq|k=20|one_way=False|seed=6,3,False,20,6,NN,138,,0.073,2.9
blocks=3|exp=seq|k=20|one_way=False|seed=6,3,False,20,6,NN2opt,134,,1.732,2.9
blocks=3|exp=seq|k=20|one_way=False|seed=6,3,False,20,6,GA,124,,522.099,36.5
blocks=3|exp=seq|k=20|one_way=False|seed=6,3,False,20,6,ACO,128,,290.732,33.5
blocks=3|exp=seq|k=20|one_way=False|seed=6,3,False,20,6,ALO,234,,396.376,64.8
blocks=3|exp=seq|k=20|one_way=False|seed=6,3,False,20,6,Hybrid,130,,11.552,2.9
blocks=3|exp=seq|k=20|one_way=False|seed=7,3,False,20,7,NN,154,,0.077,2.9
blocks=3|exp=seq|k=20|one_way=False|seed=7,3,False,20,7,NN2opt,134,,2.897,2.9
blocks=3|exp=seq|k=20|one_way=False|seed=7,3,False,20,7,GA,142,,526.107,36.8
blocks=3|exp=seq|k=20|one_way=False|seed=7,3,False,20,7,ACO,134,,243.512,33.4
blocks=3|exp=seq|k=20|one_way=False|seed=7,3,False,20,7,ALO,248,,399.506,64.7
blocks=3|exp=seq|k=20|one_way=False|seed=7,3,False,20,7,Hybrid,146,,10.808,2.9
blocks=3|exp=seq|k=20|one_way=False|seed=8,3,False,20,8,NN,150,,0.073,2.9
blocks=3|exp=seq|k=20|one_way=False|seed=8,3,False,20,8,NN2opt,138,,3.435,2.9
blocks=3|exp=seq|k=20|one_way=False|seed=8,3,False,20,8,GA,138,,523.959,36.8
blocks=3|exp=seq|k=20|one_way=False|seed=8,3,False,20,8,ACO,140,,243.43,33.5
blocks=3|exp=seq|k=20|one_way=False|seed=8,3,False,20,8,ALO,236,,396.99,65.2
blocks=3|exp=seq|k=20|one_way=False|seed=8,3,False,20,8,Hybrid,138,,10.934,2.9
blocks=3|exp=seq|k=20|one_way=False|seed=9,3,False,20,9,NN,144,,0.073,2.9
blocks=3|exp=seq|k=20|one_way=False|seed=9,3,False,20,9,NN2opt,144,,0.9,2.9
blocks=3|exp=seq|k=20|one_way=False|seed=9,3,False,20,9,GA,144,,522.379,37.0
blocks=3|exp=seq|k=20|one_way=False|seed=9,3,False,20,9,ACO,144,,243.489,33.4
blocks=3|exp=seq|k=20|one_way=False|seed=9,3,False,20,9,ALO,236,,408.574,65.6
blocks=3|exp=seq|k=20|one_way=False|seed=9,3,False,20,9,Hybrid,144,,5.181,2.9
blocks=3|exp=seq|k=20|one_way=False|seed=10,3,False,20,10,NN,162,,0.071,2.9
blocks=3|exp=seq|k=20|one_way=False|seed=10,3,False,20,10,NN2opt,150,,4.32,2.9
blocks=3|exp=seq|k=20|one_way=False|seed=10,3,False,20,10,GA,150,,528.711,36.5
blocks=3|exp=seq|k=20|one_way=False|seed=10,3,False,20,10,ACO,148,,245.142,33.4
blocks=3|exp=seq|k=20|one_way=False|seed=10,3,False,20,10,ALO,262,,398.26,64.9
blocks=3|exp=seq|k=20|one_way=False|seed=10,3,False,20,10,Hybrid,148,,14.307,2.9
blocks=3|exp=seq|k=20|one_way=False|seed=11,3,False,20,11,NN,166,,0.074,2.9
blocks=3|exp=seq|k=20|one_way=False|seed=11,3,False,20,11,NN2opt,132,,5.028,2.9
blocks=3|exp=seq|k=20|one_way=False|seed=11,3,False,20,11,GA,128,,523.012,36.8
blocks=3|exp=seq|k=20|one_way=False|seed=11,3,False,20,11,ACO,132,,242.973,33.4
blocks=3|exp=seq|k=20|one_way=False|seed=11,3,False,20,11,ALO,214,,398.972,64.7
blocks=3|exp=seq|k=20|one_way=False|seed=11,3,False,20,11,Hybrid,128,,15.734,2.9
blocks=3|exp=seq|k=20|one_way=False|seed=12,3,False,20,12,NN,156,,0.07,2.9
blocks=3|exp=seq|k=20|one_way=False|seed=12,3,False,20,12,NN2opt,154,,1.698,2.9
blocks=3|exp=seq|k=20|one_way=False|seed=12,3,False,20,12,GA,150,,518.574,36.6
blocks=3|exp=seq|k=20|one_way=False|seed=12,3,False,20,12,ACO,142,,248.95,33.4
blocks=3|exp=seq|k=20|one_way=False|seed=12,3,False,20,12,ALO,208,,398.753,64.7
blocks=3|exp=seq|k=20|one_way=False|seed=12,3,False,20,12,Hybrid,152,,14.031,2.9
blocks=3|exp=seq|k=20|one_way=False|seed=13,3,False,20,13,NN,160,,0.071,2.9
blocks=3|exp=seq|k=20|one_way=False|seed=13,3,False,20,13,NN2opt,154,,1.702,2.9
blocks=3|exp=seq|k=20|one_way=False|seed=13,3,False,20,13,GA,156,,520.191,36.3
blocks=3|exp=seq|k=20|one_way=False|seed=13,3,False,20,13,ACO,152,,241.132,33.5
blocks=3|exp=seq|k=20|one_way=False|seed=13,3,False,20,13,ALO,242,,406.723,64.7
blocks=3|exp=seq|k=20|one_way=False|seed=13,3,False,20,13,Hybrid,154,,12.64,2.9
blocks=3|exp=seq|k=20|one_way=False|seed=14,3,False,20,14,NN,166,,0.08,2.9
blocks=3|exp=seq|k=20|one_way=False|seed=14,3,False,20,14,NN2opt,150,,3.514,2.9
blocks=3|exp=seq|k=20|one_way=False|seed=14,3,False,20,14,GA,164,,527.637,36.5
blocks=3|exp=seq|k=20|one_way=False|seed=14,3,False,20,14,ACO,150,,244.895,33.4
blocks=3|exp=seq|k=20|one_way=False|seed=14,3,False,20,14,ALO,292,,400.744,64.7
blocks=3|exp=seq|k=20|one_way=False|seed=14,3,False,20,14,Hybrid,150,,13.867,2.9
blocks=3|exp=seq|k=20|one_way=False|seed=15,3,False,20,15,NN,174,,0.072,2.9
blocks=3|exp=seq|k=20|one_way=False|seed=15,3,False,20,15,NN2opt,170,,1.776,2.9
blocks=3|exp=seq|k=20|one_way=False|seed=15,3,False,20,15,GA,178,,529.322,36.7
blocks=3|exp=seq|k=20|one_way=False|seed=15,3,False,20,15,ACO,154,,243.039,33.5
blocks=3|exp=seq|k=20|one_way=False|seed=15,3,False,20,15,ALO,216,,397.084,64.6
blocks=3|exp=seq|k=20|one_way=False|seed=15,3,False,20,15,Hybrid,170,,11.789,2.9
blocks=3|exp=seq|k=20|one_way=False|seed=16,3,False,20,16,NN,178,,0.076,2.9
blocks=3|exp=seq|k=20|one_way=False|seed=16,3,False,20,16,NN2opt,148,,4.236,2.9
blocks=3|exp=seq|k=20|one_way=False|seed=16,3,False,20,16,GA,152,,530.105,36.6
blocks=3|exp=seq|k=20|one_way=False|seed=16,3,False,20,16,ACO,144,,243.142,33.5
blocks=3|exp=seq|k=20|one_way=False|seed=16,3,False,20,16,ALO,222,,398.315,64.8
blocks=3|exp=seq|k=20|one_way=False|seed=16,3,False,20,16,Hybrid,158,,14.389,2.9
blocks=3|exp=seq|k=20|one_way=False|seed=17,3,False,20,17,NN,188,,0.075,2.9
blocks=3|exp=seq|k=20|one_way=False|seed=17,3,False,20,17,NN2opt,166,,2.636,2.9
blocks=3|exp=seq|k=20|one_way=False|seed=17,3,False,20,17,GA,160,,523.276,36.4
blocks=3|exp=seq|k=20|one_way=False|seed=17,3,False,20,17,ACO,152,,244.953,33.5
blocks=3|exp=seq|k=20|one_way=False|seed=17,3,False,20,17,ALO,266,,394.956,64.7
blocks=3|exp=seq|k=20|one_way=False|seed=17,3,False,20,17,Hybrid,152,,20.429,2.9
blocks=3|exp=seq|k=20|one_way=False|seed=18,3,False,20,18,NN,186,,0.074,2.9
blocks=3|exp=seq|k=20|one_way=False|seed=18,3,False,20,18,NN2opt,178,,1.743,2.9
blocks=3|exp=seq|k=20|one_way=False|seed=18,3,False,20,18,GA,176,,524.318,36.6
blocks=3|exp=seq|k=20|one_way=False|seed=18,3,False,20,18,ACO,172,,251.554,33.5
blocks=3|exp=seq|k=20|one_way=False|seed=18,3,False,20,18,ALO,216,,393.658,64.7
blocks=3|exp=seq|k=20|one_way=False|seed=18,3,False,20,18,Hybrid,178,,11.205,2.9
blocks=3|exp=seq|k=20|one_way=False|seed=19,3,False,20,19,NN,172,,0.07,2.9
blocks=3|exp=seq|k=20|one_way=False|seed=19,3,False,20,19,NN2opt,146,,3.334,2.9
blocks=3|exp=seq|k=20|one_way=False|seed=19,3,False,20,19,GA,142,,525.255,36.8
blocks=3|exp=seq|k=20|one_way=False|seed=19,3,False,20,19,ACO,144,,243.1,33.4
blocks=3|exp=seq|k=20|one_way=False|seed=19,3,False,20,19,ALO,222,,403.815,64.7
blocks=3|exp=seq|k=20|one_way=False|seed=19,3,False,20,19,Hybrid,158,,11.576,2.9
blocks=3|exp=seq|k=20|one_way=False|seed=20,3,False,20,20,NN,162,,0.07,2.9
blocks=3|exp=seq|k=20|one_way=False|seed=20,3,False,20,20,NN2opt,156,,1.747,2.9
blocks=3|exp=seq|k=20|one_way=False|seed=20,3,False,20,20,GA,158,,519.91,36.4
blocks=3|exp=seq|k=20|one_way=False|seed=20,3,False,20,20,ACO,152,,243.584,33.4
blocks=3|exp=seq|k=20|one_way=False|seed=20,3,False,20,20,ALO,202,,410.792,64.7
blocks=3|exp=seq|k=20|one_way=False|seed=20,3,False,20,20,Hybrid,152,,12.498,2.9
blocks=3|exp=seq|k=20|one_way=False|seed=21,3,False,20,21,NN,188,,0.077,2.9
blocks=3|exp=seq|k=20|one_way=False|seed=21,3,False,20,21,NN2opt,156,,3.352,2.9
blocks=3|exp=seq|k=20|one_way=False|seed=21,3,False,20,21,GA,160,,515.454,36.8
blocks=3|exp=seq|k=20|one_way=False|seed=21,3,False,20,21,ACO,158,,242.65,33.4
blocks=3|exp=seq|k=20|one_way=False|seed=21,3,False,20,21,ALO,280,,395.186,64.7
blocks=3|exp=seq|k=20|one_way=False|seed=21,3,False,20,21,Hybrid,158,,12.522,2.9
blocks=3|exp=seq|k=20|one_way=False|seed=22,3,False,20,22,NN,178,,0.073,2.9
blocks=3|exp=seq|k=20|one_way=False|seed=22,3,False,20,22,NN2opt,166,,2.566,2.9
blocks=3|exp=seq|k=20|one_way=False|seed=22,3,False,20,22,GA,170,,527.315,36.6
blocks=3|exp=seq|k=20|one_way=False|seed=22,3,False,20,22,ACO,172,,242.958,33.5
blocks=3|exp=seq|k=20|one_way=False|seed=22,3,False,20,22,ALO,268,,406.534,64.7
blocks=3|exp=seq|k=20|one_way=False|seed=22,3,False,20,22,Hybrid,172,,11.06,2.9
blocks=3|exp=seq|k=20|one_way=False|seed=23,3,False,20,23,NN,168,,0.075,2.9
blocks=3|exp=seq|k=20|one_way=False|seed=23,3,False,20,23,NN2opt,148,,5.046,2.9
blocks=3|exp=seq|k=20|one_way=False|seed=23,3,False,20,23,GA,152,,563.728,36.9
blocks=3|exp=seq|k=20|one_way=False|seed=23,3,False,20,23,ACO,148,,258.445,33.4
blocks=3|exp=seq|k=20|one_way=False|seed=23,3,False,20,23,ALO,248,,399.501,65.3
blocks=3|exp=seq|k=20|one_way=False|seed=23,3,False,20,23,Hybrid,148,,15.137,2.9
blocks=3|exp=seq|k=20|one_way=False|seed=24,3,False,20,24,NN,168,,0.077,2.9
blocks=3|exp=seq|k=20|one_way=False|seed=24,3,False,20,24,NN2opt,168,,0.918,2.9
blocks=3|exp=seq|k=20|one_way=False|seed=24,3,False,20,24,GA,168,,524.338,36.7
blocks=3|exp=seq|k=20|one_way=False|seed=24,3,False,20,24,ACO,168,,245.227,33.5
blocks=3|exp=seq|k=20|one_way=False|seed=24,3,False,20,24,ALO,262,,392.169,64.7
blocks=3|exp=seq|k=20|one_way=False|seed=24,3,False,20,24,Hybrid,168,,4.983,2.9
blocks=3|exp=seq|k=20|one_way=False|seed=25,3,False,20,25,NN,130,,0.072,2.9
blocks=3|exp=seq|k=20|one_way=False|seed=25,3,False,20,25,NN2opt,130,,0.903,2.9
blocks=3|exp=seq|k=20|one_way=False|seed=25,3,False,20,25,GA,130,,525.86,36.5
blocks=3|exp=seq|k=20|one_way=False|seed=25,3,False,20,25,ACO,130,,246.292,33.5
blocks=3|exp=seq|k=20|one_way=False|seed=25,3,False,20,25,ALO,190,,398.725,64.7
blocks=3|exp=seq|k=20|one_way=False|seed=25,3,False,20,25,Hybrid,130,,5.117,2.9
blocks=3|exp=seq|k=20|one_way=False|seed=26,3,False,20,26,NN,180,,0.079,2.9
blocks=3|exp=seq|k=20|one_way=False|seed=26,3,False,20,26,NN2opt,172,,3.404,2.9
blocks=3|exp=seq|k=20|one_way=False|seed=26,3,False,20,26,GA,178,,523.721,36.6
blocks=3|exp=seq|k=20|one_way=False|seed=26,3,False,20,26,ACO,174,,241.766,33.5
blocks=3|exp=seq|k=20|one_way=False|seed=26,3,False,20,26,ALO,254,,415.976,64.7
blocks=3|exp=seq|k=20|one_way=False|seed=26,3,False,20,26,Hybrid,172,,14.178,2.9
blocks=3|exp=seq|k=20|one_way=False|seed=27,3,False,20,27,NN,158,,0.076,2.9
blocks=3|exp=seq|k=20|one_way=False|seed=27,3,False,20,27,NN2opt,150,,2.561,2.9
blocks=3|exp=seq|k=20|one_way=False|seed=27,3,False,20,27,GA,154,,532.886,35.9
blocks=3|exp=seq|k=20|one_way=False|seed=27,3,False,20,27,ACO,152,,250.929,33.5
blocks=3|exp=seq|k=20|one_way=False|seed=27,3,False,20,27,ALO,222,,396.812,64.7
blocks=3|exp=seq|k=20|one_way=False|seed=27,3,False,20,27,Hybrid,150,,12.822,2.9
blocks=3|exp=seq|k=20|one_way=False|seed=28,3,False,20,28,NN,144,,0.077,2.9
blocks=3|exp=seq|k=20|one_way=False|seed=28,3,False,20,28,NN2opt,144,,0.916,2.9
blocks=3|exp=seq|k=20|one_way=False|seed=28,3,False,20,28,GA,144,,519.134,36.4
blocks=3|exp=seq|k=20|one_way=False|seed=28,3,False,20,28,ACO,146,,247.23,33.5
blocks=3|exp=seq|k=20|one_way=False|seed=28,3,False,20,28,ALO,258,,397.915,64.6
blocks=3|exp=seq|k=20|one_way=False|seed=28,3,False,20,28,Hybrid,144,,5.059,2.9
blocks=3|exp=seq|k=20|one_way=False|seed=29,3,False,20,29,NN,170,,0.074,2.9
blocks=3|exp=seq|k=20|one_way=False|seed=29,3,False,20,29,NN2opt,170,,0.927,2.9
blocks=3|exp=seq|k=20|one_way=False|seed=29,3,False,20,29,GA,164,,523.919,36.6
blocks=3|exp=seq|k=20|one_way=False|seed=29,3,False,20,29,ACO,162,,245.721,33.5
blocks=3|exp=seq|k=20|one_way=False|seed=29,3,False,20,29,ALO,264,,395.025,64.6
blocks=3|exp=seq|k=20|one_way=False|seed=29,3,False,20,29,Hybrid,162,,10.565,2.9
blocks=3|exp=seq|k=30|one_way=False|seed=0,3,False,30,0,NN,214,,0.142,2.9
blocks=3|exp=seq|k=30|one_way=False|seed=0,3,False,30,0,NN2opt,208,,5.137,2.9
blocks=3|exp=seq|k=30|one_way=False|seed=0,3,False,30,0,GA,206,,652.825,39.7
blocks=3|exp=seq|k=30|one_way=False|seed=0,3,False,30,0,ACO,196,,480.36,67.5
blocks=3|exp=seq|k=30|one_way=False|seed=0,3,False,30,0,ALO,444,,471.959,94.7
blocks=3|exp=seq|k=30|one_way=False|seed=0,3,False,30,0,Hybrid,206,,35.626,2.9
blocks=3|exp=seq|k=30|one_way=False|seed=1,3,False,30,1,NN,218,,0.135,2.9
blocks=3|exp=seq|k=30|one_way=False|seed=1,3,False,30,1,NN2opt,192,,12.53,2.9
blocks=3|exp=seq|k=30|one_way=False|seed=1,3,False,30,1,GA,198,,662.432,39.7
blocks=3|exp=seq|k=30|one_way=False|seed=1,3,False,30,1,ACO,192,,476.86,67.5
blocks=3|exp=seq|k=30|one_way=False|seed=1,3,False,30,1,ALO,446,,466.721,94.7
blocks=3|exp=seq|k=30|one_way=False|seed=1,3,False,30,1,Hybrid,192,,47.699,2.9
blocks=3|exp=seq|k=30|one_way=False|seed=2,3,False,30,2,NN,216,,0.137,2.9
blocks=3|exp=seq|k=30|one_way=False|seed=2,3,False,30,2,NN2opt,204,,10.133,2.9
blocks=3|exp=seq|k=30|one_way=False|seed=2,3,False,30,2,GA,204,,647.704,39.7
blocks=3|exp=seq|k=30|one_way=False|seed=2,3,False,30,2,ACO,196,,475.993,67.5
blocks=3|exp=seq|k=30|one_way=False|seed=2,3,False,30,2,ALO,374,,470.896,94.7
blocks=3|exp=seq|k=30|one_way=False|seed=2,3,False,30,2,Hybrid,196,,50.898,2.9
blocks=3|exp=seq|k=30|one_way=False|seed=3,3,False,30,3,NN,178,,0.136,2.9
blocks=3|exp=seq|k=30|one_way=False|seed=3,3,False,30,3,NN2opt,172,,5.278,2.9
blocks=3|exp=seq|k=30|one_way=False|seed=3,3,False,30,3,GA,180,,646.173,39.7
blocks=3|exp=seq|k=30|one_way=False|seed=3,3,False,30,3,ACO,172,,469.83,67.5
blocks=3|exp=seq|k=30|one_way=False|seed=3,3,False,30,3,ALO,398,,477.754,94.7
blocks=3|exp=seq|k=30|one_way=False|seed=3,3,False,30,3,Hybrid,172,,30.82,2.9
blocks=3|exp=seq|k=30|one_way=False|seed=4,3,False,30,4,NN,208,,0.132,2.9
blocks=3|exp=seq|k=30|one_way=False|seed=4,3,False,30,4,NN2opt,198,,7.497,2.9
blocks=3|exp=seq|k=30|one_way=False|seed=4,3,False,30,4,GA,228,,640.758,39.7
blocks=3|exp=seq|k=30|one_way=False|seed=4,3,False,30,4,ACO,200,,476.367,67.5
blocks=3|exp=seq|k=30|one_way=False|seed=4,3,False,30,4,ALO,408,,473.218,94.8
blocks=3|exp=seq|k=30|one_way=False|seed=4,3,False,30,4,Hybrid,198,,42.182,2.9
blocks=3|exp=seq|k=30|one_way=False|seed=5,3,False,30,5,NN,208,,0.141,2.9
blocks=3|exp=seq|k=30|one_way=False|seed=5,3,False,30,5,NN2opt,186,,14.916,2.9
blocks=3|exp=seq|k=30|one_way=False|seed=5,3,False,30,5,GA,218,,639.038,39.7
blocks=3|exp=seq|k=30|one_way=False|seed=5,3,False,30,5,ACO,192,,480.731,67.5
blocks=3|exp=seq|k=30|one_way=False|seed=5,3,False,30,5,ALO,324,,466.356,94.7
blocks=3|exp=seq|k=30|one_way=False|seed=5,3,False,30,5,Hybrid,196,,37.832,2.9
blocks=3|exp=seq|k=30|one_way=False|seed=6,3,False,30,6,NN,208,,0.14,2.9
blocks=3|exp=seq|k=30|one_way=False|seed=6,3,False,30,6,NN2opt,200,,7.535,2.9
blocks=3|exp=seq|k=30|one_way=False|seed=6,3,False,30,6,GA,202,,654.305,39.7
blocks=3|exp=seq|k=30|one_way=False|seed=6,3,False,30,6,ACO,204,,480.466,67.5
blocks=3|exp=seq|k=30|one_way=False|seed=6,3,False,30,6,ALO,402,,470.345,95.0
blocks=3|exp=seq|k=30|one_way=False|seed=6,3,False,30,6,Hybrid,200,,34.457,2.9
blocks=3|exp=seq|k=30|one_way=False|seed=7,3,False,30,7,NN,232,,0.136,2.9
blocks=3|exp=seq|k=30|one_way=False|seed=7,3,False,30,7,NN2opt,182,,12.213,2.9
blocks=3|exp=seq|k=30|one_way=False|seed=7,3,False,30,7,GA,178,,651.846,39.7
blocks=3|exp=seq|k=30|one_way=False|seed=7,3,False,30,7,ACO,182,,476.899,67.5
blocks=3|exp=seq|k=30|one_way=False|seed=7,3,False,30,7,ALO,394,,472.038,94.7
blocks=3|exp=seq|k=30|one_way=False|seed=7,3,False,30,7,Hybrid,186,,72.272,2.9
blocks=3|exp=seq|k=30|one_way=False|seed=8,3,False,30,8,NN,244,,0.132,2.9
blocks=3|exp=seq|k=30|one_way=False|seed=8,3,False,30,8,NN2opt,216,,10.068,2.9
blocks=3|exp=seq|k=30|one_way=False|seed=8,3,False,30,8,GA,222,,710.382,39.7
blocks=3|exp=seq|k=30|one_way=False|seed=8,3,False,30,8,ACO,214,,480.722,67.5
blocks=3|exp=seq|k=30|one_way=False|seed=8,3,False,30,8,ALO,426,,469.722,94.7
blocks=3|exp=seq|k=30|one_way=False|seed=8,3,False,30,8,Hybrid,214,,42.746,2.9
blocks=3|exp=seq|k=30|one_way=False|seed=9,3,False,30,9,NN,210,,0.137,2.9
blocks=3|exp=seq|k=30|one_way=False|seed=9,3,False,30,9,NN2opt,196,,10.519,2.9
blocks=3|exp=seq|k=30|one_way=False|seed=9,3,False,30,9,GA,204,,719.591,39.7
blocks=3|exp=seq|k=30|one_way=False|seed=9,3,False,30,9,ACO,194,,478.939,67.5
blocks=3|exp=seq|k=30|one_way=False|seed=9,3,False,30,9,ALO,376,,465.249,94.7
blocks=3|exp=seq|k=30|one_way=False|seed=9,3,False,30,9,Hybrid,196,,40.913,2.9
blocks=3|exp=seq|k=30|one_way=False|seed=10,3,False,30,10,NN,208,,0.14,2.9
blocks=3|exp=seq|k=30|one_way=False|seed=10,3,False,30,10,NN2opt,194,,9.984,2.9
blocks=3|exp=seq|k=30|one_way=False|seed=10,3,False,30,10,GA,198,,645.412,39.8
blocks=3|exp=seq|k=30|one_way=False|seed=10,3,False,30,10,ACO,196,,506.79,67.5
blocks=3|exp=seq|k=30|one_way=False|seed=10,3,False,30,10,ALO,430,,467.105,94.7
blocks=3|exp=seq|k=30|one_way=False|seed=10,3,False,30,10,Hybrid,194,,49.545,2.9
blocks=3|exp=seq|k=30|one_way=False|seed=11,3,False,30,11,NN,236,,0.136,2.9
blocks=3|exp=seq|k=30|one_way=False|seed=11,3,False,30,11,NN2opt,190,,12.511,2.9
blocks=3|exp=seq|k=30|one_way=False|seed=11,3,False,30,11,GA,180,,638.951,39.7
blocks=3|exp=seq|k=30|one_way=False|seed=11,3,False,30,11,ACO,182,,475.423,67.5
blocks=3|exp=seq|k=30|one_way=False|seed=11,3,False,30,11,ALO,408,,472.145,94.7
blocks=3|exp=seq|k=30|one_way=False|seed=11,3,False,30,11,Hybrid,202,,70.023,2.9
blocks=3|exp=seq|k=30|one_way=False|seed=12,3,False,30,12,NN,252,,0.134,2.9
blocks=3|exp=seq|k=30|one_way=False|seed=12,3,False,30,12,NN2opt,200,,12.37,2.9
blocks=3|exp=seq|k=30|one_way=False|seed=12,3,False,30,12,GA,212,,645.161,39.7
blocks=3|exp=seq|k=30|one_way=False|seed=12,3,False,30,12,ACO,198,,481.812,67.5
blocks=3|exp=seq|k=30|one_way=False|seed=12,3,False,30,12,ALO,364,,473.113,94.7
blocks=3|exp=seq|k=30|one_way=False|seed=12,3,False,30,12,Hybrid,198,,93.05,2.9
blocks=3|exp=seq|k=30|one_way=False|seed=13,3,False,30,13,NN,218,,0.14,2.9
blocks=3|exp=seq|k=30|one_way=False|seed=13,3,False,30,13,NN2opt,166,,15.855,2.9
blocks=3|exp=seq|k=30|one_way=False|seed=13,3,False,30,13,GA,186,,647.778,39.7
blocks=3|exp=seq|k=30|one_way=False|seed=13,3,False,30,13,ACO,166,,479.092,67.5
blocks=3|exp=seq|k=30|one_way=False|seed=13,3,False,30,13,ALO,346,,472.148,95.0
blocks=3|exp=seq|k=30|one_way=False|seed=13,3,False,30,13,Hybrid,168,,58.579,2.9
blocks=3|exp=seq|k=30|one_way=False|seed=15,3,False,30,15,NN,188,,0.137,2.9
blocks=3|exp=seq|k=30|one_way=False|seed=15,3,False,30,15,NN2opt,182,,7.557,2.9
blocks=3|exp=seq|k=30|one_way=False|seed=15,3,False,30,15,GA,186,,654.848,39.6
blocks=3|exp=seq|k=30|one_way=False|seed=15,3,False,30,15,ACO,182,,478.331,67.5
blocks=3|exp=seq|k=30|one_way=False|seed=15,3,False,30,15,ALO,374,,471.456,94.7
blocks=3|exp=seq|k=30|one_way=False|seed=15,3,False,30,15,Hybrid,182,,38.177,2.9
blocks=3|exp=seq|k=30|one_way=False|seed=14,3,False,30,14,NN,204,,0.14,2.9
blocks=3|exp=seq|k=30|one_way=False|seed=14,3,False,30,14,NN2opt,190,,10.305,2.9
blocks=3|exp=seq|k=30|one_way=False|seed=14,3,False,30,14,GA,184,,647.348,39.7
blocks=3|exp=seq|k=30|one_way=False|seed=14,3,False,30,14,ACO,180,,479.986,67.5
blocks=3|exp=seq|k=30|one_way=False|seed=14,3,False,30,14,ALO,340,,467.839,94.7
blocks=3|exp=seq|k=30|one_way=False|seed=14,3,False,30,14,Hybrid,186,,59.298,2.9
blocks=3|exp=seq|k=30|one_way=False|seed=16,3,False,30,16,NN,228,,0.161,2.9
blocks=3|exp=seq|k=30|one_way=False|seed=16,3,False,30,16,NN2opt,184,,15.503,2.9
blocks=3|exp=seq|k=30|one_way=False|seed=16,3,False,30,16,GA,216,,648.698,39.7
blocks=3|exp=seq|k=30|one_way=False|seed=16,3,False,30,16,ACO,186,,480.362,67.5
blocks=3|exp=seq|k=30|one_way=False|seed=16,3,False,30,16,ALO,356,,464.195,94.8
blocks=3|exp=seq|k=30|one_way=False|seed=16,3,False,30,16,Hybrid,188,,55.161,2.9
blocks=3|exp=seq|k=30|one_way=False|seed=17,3,False,30,17,NN,210,,0.141,2.9
blocks=3|exp=seq|k=30|one_way=False|seed=17,3,False,30,17,NN2opt,204,,5.957,2.9
blocks=3|exp=seq|k=30|one_way=False|seed=17,3,False,30,17,GA,208,,651.239,39.7
blocks=3|exp=seq|k=30|one_way=False|seed=17,3,False,30,17,ACO,188,,480.02,67.5
blocks=3|exp=seq|k=30|one_way=False|seed=17,3,False,30,17,ALO,402,,497.451,94.7
blocks=3|exp=seq|k=30|one_way=False|seed=17,3,False,30,17,Hybrid,194,,53.043,2.9
blocks=3|exp=seq|k=30|one_way=False|seed=18,3,False,30,18,NN,212,,0.136,2.9
blocks=3|exp=seq|k=30|one_way=False|seed=18,3,False,30,18,NN2opt,182,,15.024,2.9
blocks=3|exp=seq|k=30|one_way=False|seed=18,3,False,30,18,GA,216,,642.859,39.7
blocks=3|exp=seq|k=30|one_way=False|seed=18,3,False,30,18,ACO,194,,475.787,67.5
blocks=3|exp=seq|k=30|one_way=False|seed=18,3,False,30,18,ALO,328,,469.889,94.7
blocks=3|exp=seq|k=30|one_way=False|seed=18,3,False,30,18,Hybrid,186,,45.779,2.9
blocks=3|exp=seq|k=30|one_way=False|seed=19,3,False,30,19,NN,220,,0.142,2.9
blocks=3|exp=seq|k=30|one_way=False|seed=19,3,False,30,19,NN2opt,192,,7.768,2.9
blocks=3|exp=seq|k=30|one_way=False|seed=19,3,False,30,19,GA,194,,643.151,39.7
blocks=3|exp=seq|k=30|one_way=False|seed=19,3,False,30,19,ACO,192,,480.538,67.5
blocks=3|exp=seq|k=30|one_way=False|seed=19,3,False,30,19,ALO,380,,470.97,94.6
blocks=3|exp=seq|k=30|one_way=False|seed=19,3,False,30,19,Hybrid,200,,34.832,2.9
blocks=3|exp=seq|k=30|one_way=False|seed=20,3,False,30,20,NN,204,,0.133,2.9
blocks=3|exp=seq|k=30|one_way=False|seed=20,3,False,30,20,NN2opt,200,,5.127,2.9
blocks=3|exp=seq|k=30|one_way=False|seed=20,3,False,30,20,GA,190,,647.267,39.7
blocks=3|exp=seq|k=30|one_way=False|seed=20,3,False,30,20,ACO,200,,496.679,67.5
blocks=3|exp=seq|k=30|one_way=False|seed=20,3,False,30,20,ALO,360,,471.373,94.6
blocks=3|exp=seq|k=30|one_way=False|seed=20,3,False,30,20,Hybrid,188,,44.996,2.9
blocks=3|exp=seq|k=30|one_way=False|seed=21,3,False,30,21,NN,228,,0.134,2.9
blocks=3|exp=seq|k=30|one_way=False|seed=21,3,False,30,21,NN2opt,198,,19.489,2.9
blocks=3|exp=seq|k=30|one_way=False|seed=21,3,False,30,21,GA,212,,677.664,39.7
blocks=3|exp=seq|k=30|one_way=False|seed=21,3,False,30,21,ACO,202,,480.157,67.5
blocks=3|exp=seq|k=30|one_way=False|seed=21,3,False,30,21,ALO,354,,463.522,94.7
blocks=3|exp=seq|k=30|one_way=False|seed=21,3,False,30,21,Hybrid,204,,41.239,2.9
blocks=3|exp=seq|k=30|one_way=False|seed=22,3,False,30,22,NN,216,,0.149,2.9
blocks=3|exp=seq|k=30|one_way=False|seed=22,3,False,30,22,NN2opt,210,,5.34,2.9
blocks=3|exp=seq|k=30|one_way=False|seed=22,3,False,30,22,GA,210,,674.084,39.7
blocks=3|exp=seq|k=30|one_way=False|seed=22,3,False,30,22,ACO,194,,479.556,67.5
blocks=3|exp=seq|k=30|one_way=False|seed=22,3,False,30,22,ALO,422,,467.132,94.7
blocks=3|exp=seq|k=30|one_way=False|seed=22,3,False,30,22,Hybrid,200,,65.054,2.9
blocks=3|exp=seq|k=30|one_way=False|seed=23,3,False,30,23,NN,250,,0.131,2.9
blocks=3|exp=seq|k=30|one_way=False|seed=23,3,False,30,23,NN2opt,190,,17.334,2.9
blocks=3|exp=seq|k=30|one_way=False|seed=23,3,False,30,23,GA,210,,643.394,39.6
blocks=3|exp=seq|k=30|one_way=False|seed=23,3,False,30,23,ACO,200,,487.619,67.5
blocks=3|exp=seq|k=30|one_way=False|seed=23,3,False,30,23,ALO,408,,467.961,94.7
blocks=3|exp=seq|k=30|one_way=False|seed=23,3,False,30,23,Hybrid,194,,66.126,2.9
blocks=3|exp=seq|k=30|one_way=False|seed=24,3,False,30,24,NN,208,,0.135,2.9
blocks=3|exp=seq|k=30|one_way=False|seed=24,3,False,30,24,NN2opt,190,,10.077,2.9
blocks=3|exp=seq|k=30|one_way=False|seed=24,3,False,30,24,GA,200,,640.837,39.7
blocks=3|exp=seq|k=30|one_way=False|seed=24,3,False,30,24,ACO,194,,490.159,67.5
blocks=3|exp=seq|k=30|one_way=False|seed=24,3,False,30,24,ALO,360,,468.143,94.7
blocks=3|exp=seq|k=30|one_way=False|seed=24,3,False,30,24,Hybrid,190,,43.46,2.9
blocks=3|exp=seq|k=30|one_way=False|seed=25,3,False,30,25,NN,176,,0.134,2.9
blocks=3|exp=seq|k=30|one_way=False|seed=25,3,False,30,25,NN2opt,172,,7.54,2.9
blocks=3|exp=seq|k=30|one_way=False|seed=25,3,False,30,25,GA,178,,659.412,39.7
blocks=3|exp=seq|k=30|one_way=False|seed=25,3,False,30,25,ACO,172,,475.791,67.5
blocks=3|exp=seq|k=30|one_way=False|seed=25,3,False,30,25,ALO,376,,416.779,94.7
blocks=3|exp=seq|k=30|one_way=False|seed=25,3,False,30,25,Hybrid,172,,31.303,2.9
blocks=3|exp=seq|k=30|one_way=False|seed=26,3,False,30,26,NN,244,,0.138,2.9
blocks=3|exp=seq|k=30|one_way=False|seed=26,3,False,30,26,NN2opt,208,,16.427,2.9
blocks=3|exp=seq|k=30|one_way=False|seed=26,3,False,30,26,GA,208,,655.68,39.7
blocks=3|exp=seq|k=30|one_way=False|seed=26,3,False,30,26,ACO,204,,490.79,67.5
blocks=3|exp=seq|k=30|one_way=False|seed=26,3,False,30,26,ALO,344,,420.941,94.7
blocks=3|exp=seq|k=30|one_way=False|seed=26,3,False,30,26,Hybrid,200,,42.695,2.9
blocks=3|exp=seq|k=30|one_way=False|seed=27,3,False,30,27,NN,214,,0.132,2.9
blocks=3|exp=seq|k=30|one_way=False|seed=27,3,False,30,27,NN2opt,196,,9.826,2.9
blocks=3|exp=seq|k=30|one_way=False|seed=27,3,False,30,27,GA,196,,641.156,39.7
blocks=3|exp=seq|k=30|one_way=False|seed=27,3,False,30,27,ACO,200,,480.759,67.5
blocks=3|exp=seq|k=30|one_way=False|seed=27,3,False,30,27,ALO,356,,431.31,94.7
blocks=3|exp=seq|k=30|one_way=False|seed=27,3,False,30,27,Hybrid,196,,33.382,2.9
blocks=3|exp=seq|k=30|one_way=False|seed=28,3,False,30,28,NN,204,,0.144,2.9
blocks=3|exp=seq|k=30|one_way=False|seed=28,3,False,30,28,NN2opt,174,,15.186,2.9
blocks=3|exp=seq|k=30|one_way=False|seed=28,3,False,30,28,GA,182,,647.612,39.7
blocks=3|exp=seq|k=30|one_way=False|seed=28,3,False,30,28,ACO,174,,424.259,67.5
blocks=3|exp=seq|k=30|one_way=False|seed=28,3,False,30,28,ALO,400,,315.686,94.7
blocks=3|exp=seq|k=30|one_way=False|seed=28,3,False,30,28,Hybrid,168,,31.226,2.9
blocks=3|exp=seq|k=30|one_way=False|seed=29,3,False,30,29,NN,228,,0.142,2.9
blocks=3|exp=seq|k=30|one_way=False|seed=29,3,False,30,29,NN2opt,206,,12.477,2.9
blocks=3|exp=seq|k=30|one_way=False|seed=29,3,False,30,29,GA,214,,640.834,39.7
blocks=3|exp=seq|k=30|one_way=False|seed=29,3,False,30,29,ACO,214,,423.071,67.5
blocks=3|exp=seq|k=30|one_way=False|seed=29,3,False,30,29,ALO,460,,316.169,94.7
blocks=3|exp=seq|k=30|one_way=False|seed=29,3,False,30,29,Hybrid,208,,25.894,2.9
