job,width,one_way,robots,algo,policy,seed,success,makespan,distance,planned_distance,wait_time,conflicts,replans,deadlocks,sidesteps,planning_ms
algo=HeldKarp|exp=sim|one_way=True|policy=wait|robots=1|seed=1|width=1,1,True,1,HeldKarp,wait,1,True,360.0,312,312,0.0,0,0,0,0,6.53
algo=HeldKarp|exp=sim|one_way=True|policy=wait|robots=1|seed=0|width=1,1,True,1,HeldKarp,wait,0,True,354.0,306,306,0.0,0,0,0,0,6.49
algo=HeldKarp|exp=sim|one_way=True|policy=wait|robots=1|seed=2|width=1,1,True,1,HeldKarp,wait,2,True,394.0,346,346,0.0,0,0,0,0,6.4
algo=HeldKarp|exp=sim|one_way=True|policy=wait|robots=1|seed=3|width=1,1,True,1,HeldKarp,wait,3,True,382.0,334,334,0.0,0,0,0,0,6.43
algo=HeldKarp|exp=sim|one_way=True|policy=wait|robots=1|seed=4|width=1,1,True,1,HeldKarp,wait,4,True,360.0,312,312,0.0,0,0,0,0,6.55
algo=HeldKarp|exp=sim|one_way=True|policy=wait|robots=1|seed=5|width=1,1,True,1,HeldKarp,wait,5,True,372.0,324,324,0.0,0,0,0,0,6.69
algo=HeldKarp|exp=sim|one_way=True|policy=wait|robots=1|seed=6|width=1,1,True,1,HeldKarp,wait,6,True,404.0,356,356,0.0,0,0,0,0,6.47
algo=HeldKarp|exp=sim|one_way=True|policy=wait|robots=1|seed=7|width=1,1,True,1,HeldKarp,wait,7,True,356.0,308,308,0.0,0,0,0,0,6.52
algo=HeldKarp|exp=sim|one_way=True|policy=wait|robots=1|seed=9|width=1,1,True,1,HeldKarp,wait,9,True,366.0,318,318,0.0,0,0,0,0,6.62
algo=HeldKarp|exp=sim|one_way=True|policy=wait|robots=1|seed=8|width=1,1,True,1,HeldKarp,wait,8,True,394.0,346,346,0.0,0,0,0,0,6.98
algo=HeldKarp|exp=sim|one_way=True|policy=wait|robots=1|seed=11|width=1,1,True,1,HeldKarp,wait,11,True,360.0,312,312,0.0,0,0,0,0,7.67
algo=HeldKarp|exp=sim|one_way=True|policy=wait|robots=1|seed=13|width=1,1,True,1,HeldKarp,wait,13,True,400.0,352,352,0.0,0,0,0,0,8.35
algo=HeldKarp|exp=sim|one_way=True|policy=wait|robots=1|seed=10|width=1,1,True,1,HeldKarp,wait,10,True,394.0,346,346,0.0,0,0,0,0,6.53
algo=HeldKarp|exp=sim|one_way=True|policy=wait|robots=1|seed=12|width=1,1,True,1,HeldKarp,wait,12,True,384.0,336,336,0.0,0,0,0,0,6.64
algo=HeldKarp|exp=sim|one_way=True|policy=wait|robots=1|seed=14|width=1,1,True,1,HeldKarp,wait,14,True,410.0,362,362,0.0,0,0,0,0,6.99
algo=HeldKarp|exp=sim|one_way=True|policy=wait|robots=1|seed=15|width=1,1,True,1,HeldKarp,wait,15,True,360.0,312,312,0.0,0,0,0,0,12.24
algo=HeldKarp|exp=sim|one_way=True|policy=wait|robots=1|seed=16|width=1,1,True,1,HeldKarp,wait,16,True,372.0,324,324,0.0,0,0,0,0,9.31
algo=HeldKarp|exp=sim|one_way=True|policy=wait|robots=1|seed=17|width=1,1,True,1,HeldKarp,wait,17,True,366.0,318,318,0.0,0,0,0,0,6.69
algo=HeldKarp|exp=sim|one_way=True|policy=wait|robots=1|seed=18|width=1,1,True,1,HeldKarp,wait,18,True,344.0,296,296,0.0,0,0,0,0,6.79
algo=HeldKarp|exp=sim|one_way=True|policy=replan|robots=1|seed=0|width=1,1,True,1,HeldKarp,replan,0,True,354.0,306,306,0.0,0,0,0,0,7.71
algo=HeldKarp|exp=sim|one_way=True|policy=wait|robots=1|seed=19|width=1,1,True,1,HeldKarp,wait,19,True,382.0,334,334,0.0,0,0,0,0,6.76
algo=HeldKarp|exp=sim|one_way=True|policy=replan|robots=1|seed=1|width=1,1,True,1,HeldKarp,replan,1,True,360.0,312,312,0.0,0,0,0,0,10.56
algo=HeldKarp|exp=sim|one_way=True|policy=replan|robots=1|seed=2|width=1,1,True,1,HeldKarp,replan,2,True,394.0,346,346,0.0,0,0,0,0,10.04
algo=HeldKarp|exp=sim|one_way=True|policy=replan|robots=1|seed=3|width=1,1,True,1,HeldKarp,replan,3,True,382.0,334,334,0.0,0,0,0,0,7.51
algo=HeldKarp|exp=sim|one_way=True|policy=replan|robots=1|seed=4|width=1,1,True,1,HeldKarp,replan,4,True,360.0,312,312,0.0,0,0,0,0,6.8
algo=HeldKarp|exp=sim|one_way=True|policy=replan|robots=1|seed=6|width=1,1,True,1,HeldKarp,replan,6,True,404.0,356,356,0.0,0,0,0,0,7.16
algo=HeldKarp|exp=sim|one_way=True|policy=replan|robots=1|seed=5|width=1,1,True,1,HeldKarp,replan,5,True,372.0,324,324,0.0,0,0,0,0,10.81
algo=HeldKarp|exp=sim|one_way=True|policy=replan|robots=1|seed=7|width=1,1,True,1,HeldKarp,replan,7,True,356.0,308,308,0.0,0,0,0,0,8.66
algo=HeldKarp|exp=sim|one_way=True|policy=replan|robots=1|seed=9|width=1,1,True,1,HeldKarp,replan,9,True,366.0,318,318,0.0,0,0,0,0,7.11
algo=HeldKarp|exp=sim|one_way=True|policy=replan|robots=1|seed=10|width=1,1,True,1,HeldKarp,replan,10,True,394.0,346,346,0.0,0,0,0,0,7.96
algo=HeldKarp|exp=sim|one_way=True|policy=replan|robots=1|seed=8|width=1,1,True,1,HeldKarp,replan,8,True,394.0,346,346,0.0,0,0,0,0,6.73
algo=HeldKarp|exp=sim|one_way=True|policy=replan|robots=1|seed=11|width=1,1,True,1,HeldKarp,replan,11,True,360.0,312,312,0.0,0,0,0,0,12.61
algo=HeldKarp|exp=sim|one_way=True|policy=replan|robots=1|seed=13|width=1,1,True,1,HeldKarp,replan,13,True,400.0,352,352,0.0,0,0,0,0,6.61
algo=HeldKarp|exp=sim|one_way=True|policy=replan|robots=1|seed=12|width=1,1,True,1,HeldKarp,replan,12,True,384.0,336,336,0.0,0,0,0,0,7.47
algo=HeldKarp|exp=sim|one_way=True|policy=replan|robots=1|seed=14|width=1,1,True,1,HeldKarp,replan,14,True,410.0,362,362,0.0,0,0,0,0,6.95
algo=HeldKarp|exp=sim|one_way=True|policy=replan|robots=1|seed=15|width=1,1,True,1,HeldKarp,replan,15,True,360.0,312,312,0.0,0,0,0,0,6.76
algo=HeldKarp|exp=sim|one_way=True|policy=replan|robots=1|seed=16|width=1,1,True,1,HeldKarp,replan,16,True,372.0,324,324,0.0,0,0,0,0,7.63
algo=HeldKarp|exp=sim|one_way=True|policy=replan|robots=1|seed=18|width=1,1,True,1,HeldKarp,replan,18,True,344.0,296,296,0.0,0,0,0,0,6.84
algo=NN|exp=sim|one_way=True|policy=wait|robots=1|seed=0|width=1,1,True,1,NN,wait,0,True,354.0,306,306,0.0,0,0,0,0,0.1
algo=NN|exp=sim|one_way=True|policy=wait|robots=1|seed=1|width=1,1,True,1,NN,wait,1,True,360.0,312,312,0.0,0,0,0,0,0.09
algo=HeldKarp|exp=sim|one_way=True|policy=replan|robots=1|seed=19|width=1,1,True,1,HeldKarp,replan,19,True,382.0,334,334,0.0,0,0,0,0,6.68
algo=NN|exp=sim|one_way=True|policy=wait|robots=1|seed=2|width=1,1,True,1,NN,wait,2,True,418.0,370,370,0.0,0,0,0,0,0.1
algo=NN|exp=sim|one_way=True|policy=wait|robots=1|seed=3|width=1,1,True,1,NN,wait,3,True,388.0,340,340,0.0,0,0,0,0,0.09
algo=NN|exp=sim|one_way=True|policy=wait|robots=1|seed=4|width=1,1,True,1,NN,wait,4,True,378.0,330,330,0.0,0,0,0,0,0.08
algo=NN|exp=sim|one_way=True|policy=wait|robots=1|seed=5|width=1,1,True,1,NN,wait,5,True,378.0,330,330,0.0,0,0,0,0,0.08
algo=HeldKarp|exp=sim|one_way=True|policy=replan|robots=1|seed=17|width=1,1,True,1,HeldKarp,replan,17,True,366.0,318,318,0.0,0,0,0,0,6.74
algo=NN|exp=sim|one_way=True|policy=wait|robots=1|seed=6|width=1,1,True,1,NN,wait,6,True,404.0,356,356,0.0,0,0,0,0,0.09
algo=NN|exp=sim|one_way=True|policy=wait|robots=1|seed=7|width=1,1,True,1,NN,wait,7,True,374.0,326,326,0.0,0,0,0,0,0.09
algo=NN|exp=sim|one_way=True|policy=wait|robots=1|seed=8|width=1,1,True,1,NN,wait,8,True,400.0,352,352,0.0,0,0,0,0,0.08
algo=NN|exp=sim|one_way=True|policy=wait|robots=1|seed=10|width=1,1,True,1,NN,wait,10,True,418.0,370,370,0.0,0,0,0,0,0.08
algo=NN|exp=sim|one_way=True|policy=wait|robots=1|seed=9|width=1,1,True,1,NN,wait,9,True,372.0,324,324,0.0,0,0,0,0,0.34
algo=NN|exp=sim|one_way=True|policy=wait|robots=1|seed=12|width=1,1,True,1,NN,wait,12,True,396.0,348,348,0.0,0,0,0,0,0.09
algo=NN|exp=sim|one_way=True|policy=wait|robots=1|seed=13|width=1,1,True,1,NN,wait,13,True,400.0,352,352,0.0,0,0,0,0,0.08
algo=NN|exp=sim|one_way=True|policy=wait|robots=1|seed=14|width=1,1,True,1,NN,wait,14,True,440.0,392,392,0.0,0,0,0,0,0.1
algo=NN|exp=sim|one_way=True|policy=wait|robots=1|seed=11|width=1,1,True,1,NN,wait,11,True,390.0,342,342,0.0,0,0,0,0,0.08
algo=NN|exp=sim|one_way=True|policy=wait|robots=1|seed=16|width=1,1,True,1,NN,wait,16,True,384.0,336,336,0.0,0,0,0,0,0.08
algo=NN|exp=sim|one_way=True|policy=wait|robots=1|seed=15|width=1,1,True,1,NN,wait,15,True,366.0,318,318,0.0,0,0,0,0,0.13
algo=NN|exp=sim|one_way=True|policy=wait|robots=1|seed=18|width=1,1,True,1,NN,wait,18,True,356.0,308,308,0.0,0,0,0,0,0.08
algo=NN|exp=sim|one_way=True|policy=wait|robots=1|seed=17|width=1,1,True,1,NN,wait,17,True,378.0,330,330,0.0,0,0,0,0,0.09
algo=NN|exp=sim|one_way=True|policy=wait|robots=1|seed=19|width=1,1,True,1,NN,wait,19,True,406.0,358,358,0.0,0,0,0,0,0.08
algo=NN|exp=sim|one_way=True|policy=replan|robots=1|seed=0|width=1,1,True,1,NN,replan,0,True,354.0,306,306,0.0,0,0,0,0,0.09
algo=NN|exp=sim|one_way=True|policy=replan|robots=1|seed=1|width=1,1,True,1,NN,replan,1,True,360.0,312,312,0.0,0,0,0,0,0.08
algo=NN|exp=sim|one_way=True|policy=replan|robots=1|seed=4|width=1,1,True,1,NN,replan,4,True,378.0,330,330,0.0,0,0,0,0,0.08
algo=NN|exp=sim|one_way=True|policy=replan|robots=1|seed=3|width=1,1,True,1,NN,replan,3,True,388.0,340,340,0.0,0,0,0,0,0.09
algo=NN|exp=sim|one_way=True|policy=replan|robots=1|seed=2|width=1,1,True,1,NN,replan,2,True,418.0,370,370,0.0,0,0,0,0,0.08
algo=NN|exp=sim|one_way=True|policy=replan|robots=1|seed=5|width=1,1,True,1,NN,replan,5,True,378.0,330,330,0.0,0,0,0,0,0.09
algo=NN|exp=sim|one_way=True|policy=replan|robots=1|seed=6|width=1,1,True,1,NN,replan,6,True,404.0,356,356,0.0,0,0,0,0,0.08
algo=NN|exp=sim|one_way=True|policy=replan|robots=1|seed=7|width=1,1,True,1,NN,replan,7,True,374.0,326,326,0.0,0,0,0,0,0.08
algo=NN|exp=sim|one_way=True|policy=replan|robots=1|seed=8|width=1,1,True,1,NN,replan,8,True,400.0,352,352,0.0,0,0,0,0,0.08
algo=NN|exp=sim|one_way=True|policy=replan|robots=1|seed=11|width=1,1,True,1,NN,replan,11,True,390.0,342,342,0.0,0,0,0,0,0.07
algo=NN|exp=sim|one_way=True|policy=replan|robots=1|seed=10|width=1,1,True,1,NN,replan,10,True,418.0,370,370,0.0,0,0,0,0,0.08
algo=NN|exp=sim|one_way=True|policy=replan|robots=1|seed=9|width=1,1,True,1,NN,replan,9,True,372.0,324,324,0.0,0,0,0,0,0.1
algo=NN|exp=sim|one_way=True|policy=replan|robots=1|seed=12|width=1,1,True,1,NN,replan,12,True,396.0,348,348,0.0,0,0,0,0,0.08
algo=NN|exp=sim|one_way=True|policy=replan|robots=1|seed=13|width=1,1,True,1,NN,replan,13,True,400.0,352,352,0.0,0,0,0,0,0.07
algo=NN|exp=sim|one_way=True|policy=replan|robots=1|seed=14|width=1,1,True,1,NN,replan,14,True,440.0,392,392,0.0,0,0,0,0,0.1
algo=NN|exp=sim|one_way=True|policy=replan|robots=1|seed=15|width=1,1,True,1,NN,replan,15,True,366.0,318,318,0.0,0,0,0,0,0.08
algo=NN|exp=sim|one_way=True|policy=replan|robots=1|seed=16|width=1,1,True,1,NN,replan,16,True,384.0,336,336,0.0,0,0,0,0,0.08
algo=NN|exp=sim|one_way=True|policy=replan|robots=1|seed=18|width=1,1,True,1,NN,replan,18,True,356.0,308,308,0.0,0,0,0,0,0.08
algo=NN|exp=sim|one_way=True|policy=replan|robots=1|seed=17|width=1,1,True,1,NN,replan,17,True,378.0,330,330,0.0,0,0,0,0,0.08
algo=NN|exp=sim|one_way=True|policy=replan|robots=1|seed=19|width=1,1,True,1,NN,replan,19,True,406.0,358,358,0.0,0,0,0,0,0.07
algo=NN2opt|exp=sim|one_way=True|policy=wait|robots=1|seed=0|width=1,1,True,1,NN2opt,wait,0,True,354.0,306,306,0.0,0,0,0,0,0.36
algo=NN2opt|exp=sim|one_way=True|policy=wait|robots=1|seed=1|width=1,1,True,1,NN2opt,wait,1,True,360.0,312,312,0.0,0,0,0,0,0.35
algo=NN2opt|exp=sim|one_way=True|policy=wait|robots=1|seed=2|width=1,1,True,1,NN2opt,wait,2,True,418.0,370,370,0.0,0,0,0,0,0.37
algo=NN2opt|exp=sim|one_way=True|policy=wait|robots=1|seed=3|width=1,1,True,1,NN2opt,wait,3,True,388.0,340,340,0.0,0,0,0,0,0.37
algo=NN2opt|exp=sim|one_way=True|policy=wait|robots=1|seed=4|width=1,1,True,1,NN2opt,wait,4,True,378.0,330,330,0.0,0,0,0,0,0.36
algo=NN2opt|exp=sim|one_way=True|policy=wait|robots=1|seed=5|width=1,1,True,1,NN2opt,wait,5,True,378.0,330,330,0.0,0,0,0,0,0.36
algo=NN2opt|exp=sim|one_way=True|policy=wait|robots=1|seed=6|width=1,1,True,1,NN2opt,wait,6,True,404.0,356,356,0.0,0,0,0,0,0.36
algo=NN2opt|exp=sim|one_way=True|policy=wait|robots=1|seed=8|width=1,1,True,1,NN2opt,wait,8,True,400.0,352,352,0.0,0,0,0,0,0.35
algo=NN2opt|exp=sim|one_way=True|policy=wait|robots=1|seed=7|width=1,1,True,1,NN2opt,wait,7,True,368.0,320,320,0.0,0,0,0,0,0.43
algo=NN2opt|exp=sim|one_way=True|policy=wait|robots=1|seed=9|width=1,1,True,1,NN2opt,wait,9,True,372.0,324,324,0.0,0,0,0,0,0.35
algo=NN2opt|exp=sim|one_way=True|policy=wait|robots=1|seed=11|width=1,1,True,1,NN2opt,wait,11,True,390.0,342,342,0.0,0,0,0,0,0.34
algo=NN2opt|exp=sim|one_way=True|policy=wait|robots=1|seed=12|width=1,1,True,1,NN2opt,wait,12,True,396.0,348,348,0.0,0,0,0,0,0.36
algo=NN2opt|exp=sim|one_way=True|policy=wait|robots=1|seed=10|width=1,1,True,1,NN2opt,wait,10,True,418.0,370,370,0.0,0,0,0,0,0.35
algo=NN2opt|exp=sim|one_way=True|policy=wait|robots=1|seed=13|width=1,1,True,1,NN2opt,wait,13,True,400.0,352,352,0.0,0,0,0,0,0.36
algo=NN2opt|exp=sim|one_way=True|policy=wait|robots=1|seed=14|width=1,1,True,1,NN2opt,wait,14,True,422.0,374,374,0.0,0,0,0,0,0.52
algo=NN2opt|exp=sim|one_way=True|policy=wait|robots=1|seed=15|width=1,1,True,1,NN2opt,wait,15,True,366.0,318,318,0.0,0,0,0,0,0.4
algo=NN2opt|exp=sim|one_way=True|policy=wait|robots=1|seed=16|width=1,1,True,1,NN2opt,wait,16,True,384.0,336,336,0.0,0,0,0,0,0.44
algo=NN2opt|exp=sim|one_way=True|policy=wait|robots=1|seed=17|width=1,1,True,1,NN2opt,wait,17,True,372.0,324,324,0.0,0,0,0,0,0.42
algo=NN2opt|exp=sim|one_way=True|policy=wait|robots=1|seed=18|width=1,1,True,1,NN2opt,wait,18,True,356.0,308,308,0.0,0,0,0,0,0.34
algo=NN2opt|exp=sim|one_way=True|policy=wait|robots=1|seed=19|width=1,1,True,1,NN2opt,wait,19,True,400.0,352,352,0.0,0,0,0,0,0.42
algo=NN2opt|exp=sim|one_way=True|policy=replan|robots=1|seed=0|width=1,1,True,1,NN2opt,replan,0,True,354.0,306,306,0.0,0,0,0,0,0.34
algo=NN2opt|exp=sim|one_way=True|policy=replan|robots=1|seed=1|width=1,1,True,1,NN2opt,replan,1,True,360.0,312,312,0.0,0,0,0,0,0.38
algo=NN2opt|exp=sim|one_way=True|policy=replan|robots=1|seed=2|width=1,1,True,1,NN2opt,replan,2,True,418.0,370,370,0.0,0,0,0,0,0.35
algo=NN2opt|exp=sim|one_way=True|policy=replan|robots=1|seed=3|width=1,1,True,1,NN2opt,replan,3,True,388.0,340,340,0.0,0,0,0,0,0.33
algo=NN2opt|exp=sim|one_way=True|policy=replan|robots=1|seed=4|width=1,1,True,1,NN2opt,replan,4,True,378.0,330,330,0.0,0,0,0,0,0.45
algo=NN2opt|exp=sim|one_way=True|policy=replan|robots=1|seed=6|width=1,1,True,1,NN2opt,replan,6,True,404.0,356,356,0.0,0,0,0,0,0.34
algo=NN2opt|exp=sim|one_way=True|policy=replan|robots=1|seed=7|width=1,1,True,1,NN2opt,replan,7,True,368.0,320,320,0.0,0,0,0,0,0.57
algo=NN2opt|exp=sim|one_way=True|policy=replan|robots=1|seed=5|width=1,1,True,1,NN2opt,replan,5,True,378.0,330,330,0.0,0,0,0,0,0.45
algo=NN2opt|exp=sim|one_way=True|policy=replan|robots=1|seed=8|width=1,1,True,1,NN2opt,replan,8,True,400.0,352,352,0.0,0,0,0,0,0.34
algo=NN2opt|exp=sim|one_way=True|policy=replan|robots=1|seed=9|width=1,1,True,1,NN2opt,replan,9,True,372.0,324,324,0.0,0,0,0,0,0.36
algo=NN2opt|exp=sim|one_way=True|policy=replan|robots=1|seed=10|width=1,1,True,1,NN2opt,replan,10,True,418.0,370,370,0.0,0,0,0,0,0.34
algo=NN2opt|exp=sim|one_way=True|policy=replan|robots=1|seed=11|width=1,1,True,1,NN2opt,replan,11,True,390.0,342,342,0.0,0,0,0,0,0.94
algo=NN2opt|exp=sim|one_way=True|policy=replan|robots=1|seed=12|width=1,1,True,1,NN2opt,replan,12,True,396.0,348,348,0.0,0,0,0,0,0.35
algo=NN2opt|exp=sim|one_way=True|policy=replan|robots=1|seed=13|width=1,1,True,1,NN2opt,replan,13,True,400.0,352,352,0.0,0,0,0,0,0.36
algo=NN2opt|exp=sim|one_way=True|policy=replan|robots=1|seed=14|width=1,1,True,1,NN2opt,replan,14,True,422.0,374,374,0.0,0,0,0,0,0.52
algo=NN2opt|exp=sim|one_way=True|policy=replan|robots=1|seed=15|width=1,1,True,1,NN2opt,replan,15,True,366.0,318,318,0.0,0,0,0,0,0.35
algo=NN2opt|exp=sim|one_way=True|policy=replan|robots=1|seed=16|width=1,1,True,1,NN2opt,replan,16,True,384.0,336,336,0.0,0,0,0,0,0.35
algo=NN2opt|exp=sim|one_way=True|policy=replan|robots=1|seed=17|width=1,1,True,1,NN2opt,replan,17,True,372.0,324,324,0.0,0,0,0,0,0.41
algo=NN2opt|exp=sim|one_way=True|policy=replan|robots=1|seed=18|width=1,1,True,1,NN2opt,replan,18,True,356.0,308,308,0.0,0,0,0,0,0.34
algo=NN2opt|exp=sim|one_way=True|policy=replan|robots=1|seed=19|width=1,1,True,1,NN2opt,replan,19,True,400.0,352,352,0.0,0,0,0,0,0.42
algo=GA|exp=sim|one_way=True|policy=wait|robots=1|seed=0|width=1,1,True,1,GA,wait,0,True,354.0,306,306,0.0,0,0,0,0,1151.87
algo=GA|exp=sim|one_way=True|policy=wait|robots=1|seed=2|width=1,1,True,1,GA,wait,2,True,400.0,352,352,0.0,0,0,0,0,1164.67
algo=GA|exp=sim|one_way=True|policy=wait|robots=1|seed=3|width=1,1,True,1,GA,wait,3,True,382.0,334,334,0.0,0,0,0,0,1179.73
algo=GA|exp=sim|one_way=True|policy=wait|robots=1|seed=1|width=1,1,True,1,GA,wait,1,True,366.0,318,318,0.0,0,0,0,0,1200.78
algo=GA|exp=sim|one_way=True|policy=wait|robots=1|seed=4|width=1,1,True,1,GA,wait,4,True,366.0,318,318,0.0,0,0,0,0,1199.79
algo=GA|exp=sim|one_way=True|policy=wait|robots=1|seed=6|width=1,1,True,1,GA,wait,6,True,404.0,356,356,0.0,0,0,0,0,1203.91
algo=GA|exp=sim|one_way=True|policy=wait|robots=1|seed=5|width=1,1,True,1,GA,wait,5,True,372.0,324,324,0.0,0,0,0,0,1215.77
algo=GA|exp=sim|one_way=True|policy=wait|robots=1|seed=7|width=1,1,True,1,GA,wait,7,True,368.0,320,320,0.0,0,0,0,0,1128.82
algo=GA|exp=sim|one_way=True|policy=wait|robots=1|seed=8|width=1,1,True,1,GA,wait,8,True,400.0,352,352,0.0,0,0,0,0,1130.12
algo=GA|exp=sim|one_way=True|policy=wait|robots=1|seed=9|width=1,1,True,1,GA,wait,9,True,378.0,330,330,0.0,0,0,0,0,1122.37
algo=GA|exp=sim|one_way=True|policy=wait|robots=1|seed=11|width=1,1,True,1,GA,wait,11,True,360.0,312,312,0.0,0,0,0,0,1117.7
algo=GA|exp=sim|one_way=True|policy=wait|robots=1|seed=10|width=1,1,True,1,GA,wait,10,True,400.0,352,352,0.0,0,0,0,0,1138.86
algo=GA|exp=sim|one_way=True|policy=wait|robots=1|seed=12|width=1,1,True,1,GA,wait,12,True,396.0,348,348,0.0,0,0,0,0,1137.5
algo=GA|exp=sim|one_way=True|policy=wait|robots=1|seed=13|width=1,1,True,1,GA,wait,13,True,400.0,352,352,0.0,0,0,0,0,1131.83
algo=GA|exp=sim|one_way=True|policy=wait|robots=1|seed=14|width=1,1,True,1,GA,wait,14,True,410.0,362,362,0.0,0,0,0,0,1144.85
algo=GA|exp=sim|one_way=True|policy=wait|robots=1|seed=15|width=1,1,True,1,GA,wait,15,True,382.0,334,334,0.0,0,0,0,0,1139.94
algo=GA|exp=sim|one_way=True|policy=wait|robots=1|seed=16|width=1,1,True,1,GA,wait,16,True,378.0,330,330,0.0,0,0,0,0,1164.0
algo=GA|exp=sim|one_way=True|policy=wait|robots=1|seed=17|width=1,1,True,1,GA,wait,17,True,388.0,340,340,0.0,0,0,0,0,1148.86
algo=GA|exp=sim|one_way=True|policy=wait|robots=1|seed=18|width=1,1,True,1,GA,wait,18,True,344.0,296,296,0.0,0,0,0,0,1145.6
algo=GA|exp=sim|one_way=True|policy=replan|robots=1|seed=0|width=1,1,True,1,GA,replan,0,True,354.0,306,306,0.0,0,0,0,0,1141.81
algo=GA|exp=sim|one_way=True|policy=wait|robots=1|seed=19|width=1,1,True,1,GA,wait,19,True,382.0,334,334,0.0,0,0,0,0,1155.31
algo=GA|exp=sim|one_way=True|policy=replan|robots=1|seed=2|width=1,1,True,1,GA,replan,2,True,400.0,352,352,0.0,0,0,0,0,1175.8
algo=GA|exp=sim|one_way=True|policy=replan|robots=1|seed=1|width=1,1,True,1,GA,replan,1,True,366.0,318,318,0.0,0,0,0,0,1193.93
algo=GA|exp=sim|one_way=True|policy=replan|robots=1|seed=4|width=1,1,True,1,GA,replan,4,True,366.0,318,318,0.0,0,0,0,0,1168.98
algo=GA|exp=sim|one_way=True|policy=replan|robots=1|seed=5|width=1,1,True,1,GA,replan,5,True,372.0,324,324,0.0,0,0,0,0,1166.43
algo=GA|exp=sim|one_way=True|policy=replan|robots=1|seed=6|width=1,1,True,1,GA,replan,6,True,404.0,356,356,0.0,0,0,0,0,1151.9
algo=GA|exp=sim|one_way=True|policy=replan|robots=1|seed=3|width=1,1,True,1,GA,replan,3,True,382.0,334,334,0.0,0,0,0,0,1191.0
algo=GA|exp=sim|one_way=True|policy=replan|robots=1|seed=7|width=1,1,True,1,GA,replan,7,True,368.0,320,320,0.0,0,0,0,0,1168.49
algo=GA|exp=sim|one_way=True|policy=replan|robots=1|seed=9|width=1,1,True,1,GA,replan,9,True,378.0,330,330,0.0,0,0,0,0,1127.17
algo=GA|exp=sim|one_way=True|policy=replan|robots=1|seed=8|width=1,1,True,1,GA,replan,8,True,400.0,352,352,0.0,0,0,0,0,1136.99
algo=GA|exp=sim|one_way=True|policy=replan|robots=1|seed=10|width=1,1,True,1,GA,replan,10,True,400.0,352,352,0.0,0,0,0,0,1133.94
algo=GA|exp=sim|one_way=True|policy=replan|robots=1|seed=11|width=1,1,True,1,GA,replan,11,True,360.0,312,312,0.0,0,0,0,0,1135.16
algo=GA|exp=sim|one_way=True|policy=replan|robots=1|seed=12|width=1,1,True,1,GA,replan,12,True,396.0,348,348,0.0,0,0,0,0,1130.85
algo=GA|exp=sim|one_way=True|policy=replan|robots=1|seed=13|width=1,1,True,1,GA,replan,13,True,400.0,352,352,0.0,0,0,0,0,1129.83
algo=GA|exp=sim|one_way=True|policy=replan|robots=1|seed=14|width=1,1,True,1,GA,replan,14,True,410.0,362,362,0.0,0,0,0,0,1139.89
algo=ACO|exp=sim|one_way=True|policy=wait|robots=1|seed=0|width=1,1,True,1,ACO,wait,0,True,354.0,306,306,0.0,0,0,0,0,189.8
algo=ACO|exp=sim|one_way=True|policy=wait|robots=1|seed=1|width=1,1,True,1,ACO,wait,1,True,360.0,312,312,0.0,0,0,0,0,190.08
algo=ACO|exp=sim|one_way=True|policy=wait|robots=1|seed=2|width=1,1,True,1,ACO,wait,2,True,394.0,346,346,0.0,0,0,0,0,190.61
algo=ACO|exp=sim|one_way=True|policy=wait|robots=1|seed=3|width=1,1,True,1,ACO,wait,3,True,382.0,334,334,0.0,0,0,0,0,188.89
algo=ACO|exp=sim|one_way=True|policy=wait|robots=1|seed=4|width=1,1,True,1,ACO,wait,4,True,360.0,312,312,0.0,0,0,0,0,190.87
algo=ACO|exp=sim|one_way=True|policy=wait|robots=1|seed=5|width=1,1,True,1,ACO,wait,5,True,372.0,324,324,0.0,0,0,0,0,188.43
algo=ACO|exp=sim|one_way=True|policy=wait|robots=1|seed=6|width=1,1,True,1,ACO,wait,6,True,404.0,356,356,0.0,0,0,0,0,195.96
algo=ACO|exp=sim|one_way=True|policy=wait|robots=1|seed=7|width=1,1,True,1,ACO,wait,7,True,356.0,308,308,0.0,0,0,0,0,194.49
algo=ACO|exp=sim|one_way=True|policy=wait|robots=1|seed=8|width=1,1,True,1,ACO,wait,8,True,394.0,346,346,0.0,0,0,0,0,195.94
algo=ACO|exp=sim|one_way=True|policy=wait|robots=1|seed=9|width=1,1,True,1,ACO,wait,9,True,366.0,318,318,0.0,0,0,0,0,194.3
algo=GA|exp=sim|one_way=True|policy=replan|robots=1|seed=15|width=1,1,True,1,GA,replan,15,True,382.0,334,334,0.0,0,0,0,0,1129.03
algo=GA|exp=sim|one_way=True|policy=replan|robots=1|seed=16|width=1,1,True,1,GA,replan,16,True,378.0,330,330,0.0,0,0,0,0,1129.36
algo=GA|exp=sim|one_way=True|policy=replan|robots=1|seed=17|width=1,1,True,1,GA,replan,17,True,388.0,340,340,0.0,0,0,0,0,1120.57
algo=GA|exp=sim|one_way=True|policy=replan|robots=1|seed=19|width=1,1,True,1,GA,replan,19,True,382.0,334,334,0.0,0,0,0,0,1115.29
algo=GA|exp=sim|one_way=True|policy=replan|robots=1|seed=18|width=1,1,True,1,GA,replan,18,True,344.0,296,296,0.0,0,0,0,0,1130.8
algo=ACO|exp=sim|one_way=True|policy=wait|robots=1|seed=10|width=1,1,True,1,ACO,wait,10,True,394.0,346,346,0.0,0,0,0,0,195.33
algo=ACO|exp=sim|one_way=True|policy=wait|robots=1|seed=11|width=1,1,True,1,ACO,wait,11,True,360.0,312,312,0.0,0,0,0,0,194.69
algo=ACO|exp=sim|one_way=True|policy=wait|robots=1|seed=12|width=1,1,True,1,ACO,wait,12,True,384.0,336,336,0.0,0,0,0,0,191.67
algo=ACO|exp=sim|one_way=True|policy=wait|robots=1|seed=13|width=1,1,True,1,ACO,wait,13,True,400.0,352,352,0.0,0,0,0,0,194.82
algo=ACO|exp=sim|one_way=True|policy=wait|robots=1|seed=14|width=1,1,True,1,ACO,wait,14,True,410.0,362,362,0.0,0,0,0,0,192.83
algo=ACO|exp=sim|one_way=True|policy=wait|robots=1|seed=15|width=1,1,True,1,ACO,wait,15,True,360.0,312,312,0.0,0,0,0,0,195.88
algo=ACO|exp=sim|one_way=True|policy=wait|robots=1|seed=16|width=1,1,True,1,ACO,wait,16,True,372.0,324,324,0.0,0,0,0,0,194.14
algo=ACO|exp=sim|one_way=True|policy=wait|robots=1|seed=17|width=1,1,True,1,ACO,wait,17,True,366.0,318,318,0.0,0,0,0,0,194.21
algo=ACO|exp=sim|one_way=True|policy=wait|robots=1|seed=18|width=1,1,True,1,ACO,wait,18,True,344.0,296,296,0.0,0,0,0,0,192.22
algo=ACO|exp=sim|one_way=True|policy=wait|robots=1|seed=19|width=1,1,True,1,ACO,wait,19,True,382.0,334,334,0.0,0,0,0,0,192.71
algo=ACO|exp=sim|one_way=True|policy=replan|robots=1|seed=0|width=1,1,True,1,ACO,replan,0,True,354.0,306,306,0.0,0,0,0,0,191.09
algo=ACO|exp=sim|one_way=True|policy=replan|robots=1|seed=1|width=1,1,True,1,ACO,replan,1,True,360.0,312,312,0.0,0,0,0,0,196.94
algo=ACO|exp=sim|one_way=True|policy=replan|robots=1|seed=2|width=1,1,True,1,ACO,replan,2,True,394.0,346,346,0.0,0,0,0,0,192.21
algo=ACO|exp=sim|one_way=True|policy=replan|robots=1|seed=3|width=1,1,True,1,ACO,replan,3,True,382.0,334,334,0.0,0,0,0,0,196.09
algo=ACO|exp=sim|one_way=True|policy=replan|robots=1|seed=4|width=1,1,True,1,ACO,replan,4,True,360.0,312,312,0.0,0,0,0,0,194.58
algo=ACO|exp=sim|one_way=True|policy=replan|robots=1|seed=5|width=1,1,True,1,ACO,replan,5,True,372.0,324,324,0.0,0,0,0,0,192.09
algo=ACO|exp=sim|one_way=True|policy=replan|robots=1|seed=6|width=1,1,True,1,ACO,replan,6,True,404.0,356,356,0.0,0,0,0,0,195.27
algo=ACO|exp=sim|one_way=True|policy=replan|robots=1|seed=7|width=1,1,True,1,ACO,replan,7,True,356.0,308,308,0.0,0,0,0,0,191.11
algo=ACO|exp=sim|one_way=True|policy=replan|robots=1|seed=8|width=1,1,True,1,ACO,replan,8,True,394.0,346,346,0.0,0,0,0,0,189.89
algo=ACO|exp=sim|one_way=True|policy=replan|robots=1|seed=9|width=1,1,True,1,ACO,replan,9,True,366.0,318,318,0.0,0,0,0,0,189.24
algo=ACO|exp=sim|one_way=True|policy=replan|robots=1|seed=10|width=1,1,True,1,ACO,replan,10,True,394.0,346,346,0.0,0,0,0,0,190.68
algo=ACO|exp=sim|one_way=True|policy=replan|robots=1|seed=11|width=1,1,True,1,ACO,replan,11,True,360.0,312,312,0.0,0,0,0,0,189.01
algo=ACO|exp=sim|one_way=True|policy=replan|robots=1|seed=12|width=1,1,True,1,ACO,replan,12,True,384.0,336,336,0.0,0,0,0,0,185.94
algo=ACO|exp=sim|one_way=True|policy=replan|robots=1|seed=13|width=1,1,True,1,ACO,replan,13,True,400.0,352,352,0.0,0,0,0,0,189.31
algo=ACO|exp=sim|one_way=True|policy=replan|robots=1|seed=14|width=1,1,True,1,ACO,replan,14,True,410.0,362,362,0.0,0,0,0,0,189.43
algo=ACO|exp=sim|one_way=True|policy=replan|robots=1|seed=16|width=1,1,True,1,ACO,replan,16,True,372.0,324,324,0.0,0,0,0,0,188.41
algo=ACO|exp=sim|one_way=True|policy=replan|robots=1|seed=15|width=1,1,True,1,ACO,replan,15,True,360.0,312,312,0.0,0,0,0,0,190.3
algo=ACO|exp=sim|one_way=True|policy=replan|robots=1|seed=17|width=1,1,True,1,ACO,replan,17,True,366.0,318,318,0.0,0,0,0,0,189.72
algo=ACO|exp=sim|one_way=True|policy=replan|robots=1|seed=18|width=1,1,True,1,ACO,replan,18,True,344.0,296,296,0.0,0,0,0,0,207.5
algo=ACO|exp=sim|one_way=True|policy=replan|robots=1|seed=19|width=1,1,True,1,ACO,replan,19,True,382.0,334,334,0.0,0,0,0,0,205.29
algo=ALO|exp=sim|one_way=True|policy=wait|robots=1|seed=1|width=1,1,True,1,ALO,wait,1,True,428.0,380,380,0.0,0,0,0,0,1029.67
algo=ALO|exp=sim|one_way=True|policy=wait|robots=1|seed=0|width=1,1,True,1,ALO,wait,0,True,382.0,334,334,0.0,0,0,0,0,1037.98
algo=ALO|exp=sim|one_way=True|policy=wait|robots=1|seed=4|width=1,1,True,1,ALO,wait,4,True,360.0,312,312,0.0,0,0,0,0,1024.6
algo=ALO|exp=sim|one_way=True|policy=wait|robots=1|seed=2|width=1,1,True,1,ALO,wait,2,True,416.0,368,368,0.0,0,0,0,0,1049.59
algo=ALO|exp=sim|one_way=True|policy=wait|robots=1|seed=3|width=1,1,True,1,ALO,wait,3,True,434.0,386,386,0.0,0,0,0,0,1066.3
algo=ALO|exp=sim|one_way=True|policy=wait|robots=1|seed=5|width=1,1,True,1,ALO,wait,5,True,450.0,402,402,0.0,0,0,0,0,1030.79
algo=ALO|exp=sim|one_way=True|policy=wait|robots=1|seed=6|width=1,1,True,1,ALO,wait,6,True,434.0,386,386,0.0,0,0,0,0,1024.01
algo=ALO|exp=sim|one_way=True|policy=wait|robots=1|seed=7|width=1,1,True,1,ALO,wait,7,True,412.0,364,364,0.0,0,0,0,0,972.33
algo=ALO|exp=sim|one_way=True|policy=wait|robots=1|seed=8|width=1,1,True,1,ALO,wait,8,True,468.0,420,420,0.0,0,0,0,0,992.48
algo=ALO|exp=sim|one_way=True|policy=wait|robots=1|seed=10|width=1,1,True,1,ALO,wait,10,True,418.0,370,370,0.0,0,0,0,0,967.39
algo=ALO|exp=sim|one_way=True|policy=wait|robots=1|seed=9|width=1,1,True,1,ALO,wait,9,True,388.0,340,340,0.0,0,0,0,0,991.59
algo=ALO|exp=sim|one_way=True|policy=wait|robots=1|seed=11|width=1,1,True,1,ALO,wait,11,True,394.0,346,346,0.0,0,0,0,0,983.7
algo=ALO|exp=sim|one_way=True|policy=wait|robots=1|seed=13|width=1,1,True,1,ALO,wait,13,True,448.0,400,400,0.0,0,0,0,0,974.4
algo=ALO|exp=sim|one_way=True|policy=wait|robots=1|seed=12|width=1,1,True,1,ALO,wait,12,True,468.0,420,420,0.0,0,0,0,0,984.35
algo=ALO|exp=sim|one_way=True|policy=wait|robots=1|seed=14|width=1,1,True,1,ALO,wait,14,True,462.0,414,414,0.0,0,0,0,0,964.44
algo=ALO|exp=sim|one_way=True|policy=wait|robots=1|seed=15|width=1,1,True,1,ALO,wait,15,True,410.0,362,362,0.0,0,0,0,0,971.1
algo=ALO|exp=sim|one_way=True|policy=wait|robots=1|seed=16|width=1,1,True,1,ALO,wait,16,True,412.0,364,364,0.0,0,0,0,0,973.1
algo=ALO|exp=sim|one_way=True|policy=wait|robots=1|seed=17|width=1,1,True,1,ALO,wait,17,True,406.0,358,358,0.0,0,0,0,0,974.9
algo=ALO|exp=sim|one_way=True|policy=wait|robots=1|seed=18|width=1,1,True,1,ALO,wait,18,True,390.0,342,342,0.0,0,0,0,0,967.55
algo=ALO|exp=sim|one_way=True|policy=wait|robots=1|seed=19|width=1,1,True,1,ALO,wait,19,True,428.0,380,380,0.0,0,0,0,0,965.4
algo=ALO|exp=sim|one_way=True|policy=replan|robots=1|seed=0|width=1,1,True,1,ALO,replan,0,True,382.0,334,334,0.0,0,0,0,0,967.17
algo=ALO|exp=sim|one_way=True|policy=replan|robots=1|seed=1|width=1,1,True,1,ALO,replan,1,True,428.0,380,380,0.0,0,0,0,0,983.04
algo=ALO|exp=sim|one_way=True|policy=replan|robots=1|seed=2|width=1,1,True,1,ALO,replan,2,True,416.0,368,368,0.0,0,0,0,0,970.93
algo=ALO|exp=sim|one_way=True|policy=replan|robots=1|seed=3|width=1,1,True,1,ALO,replan,3,True,434.0,386,386,0.0,0,0,0,0,991.12
algo=ALO|exp=sim|one_way=True|policy=replan|robots=1|seed=4|width=1,1,True,1,ALO,replan,4,True,360.0,312,312,0.0,0,0,0,0,995.82
algo=ALO|exp=sim|one_way=True|policy=replan|robots=1|seed=5|width=1,1,True,1,ALO,replan,5,True,450.0,402,402,0.0,0,0,0,0,985.77
algo=ALO|exp=sim|one_way=True|policy=replan|robots=1|seed=6|width=1,1,True,1,ALO,replan,6,True,434.0,386,386,0.0,0,0,0,0,975.42
algo=ALO|exp=sim|one_way=True|policy=replan|robots=1|seed=7|width=1,1,True,1,ALO,replan,7,True,412.0,364,364,0.0,0,0,0,0,1013.06
algo=ALO|exp=sim|one_way=True|policy=replan|robots=1|seed=8|width=1,1,True,1,ALO,replan,8,True,468.0,420,420,0.0,0,0,0,0,1034.64
algo=ALO|exp=sim|one_way=True|policy=replan|robots=1|seed=9|width=1,1,True,1,ALO,replan,9,True,388.0,340,340,0.0,0,0,0,0,1029.06
algo=ALO|exp=sim|one_way=True|policy=replan|robots=1|seed=10|width=1,1,True,1,ALO,replan,10,True,418.0,370,370,0.0,0,0,0,0,1005.29
algo=ALO|exp=sim|one_way=True|policy=replan|robots=1|seed=11|width=1,1,True,1,ALO,replan,11,True,394.0,346,346,0.0,0,0,0,0,1022.3
algo=ALO|exp=sim|one_way=True|policy=replan|robots=1|seed=12|width=1,1,True,1,ALO,replan,12,True,468.0,420,420,0.0,0,0,0,0,1023.26
algo=ALO|exp=sim|one_way=True|policy=replan|robots=1|seed=13|width=1,1,True,1,ALO,replan,13,True,448.0,400,400,0.0,0,0,0,0,1016.21
algo=Hybrid|exp=sim|one_way=True|policy=wait|robots=1|seed=0|width=1,1,True,1,Hybrid,wait,0,True,354.0,306,306,0.0,0,0,0,0,1.41
algo=ALO|exp=sim|one_way=True|policy=replan|robots=1|seed=14|width=1,1,True,1,ALO,replan,14,True,462.0,414,414,0.0,0,0,0,0,1007.77
algo=Hybrid|exp=sim|one_way=True|policy=wait|robots=1|seed=1|width=1,1,True,1,Hybrid,wait,1,True,360.0,312,312,0.0,0,0,0,0,1.38
algo=Hybrid|exp=sim|one_way=True|policy=wait|robots=1|seed=2|width=1,1,True,1,Hybrid,wait,2,True,394.0,346,346,0.0,0,0,0,0,2.56
algo=Hybrid|exp=sim|one_way=True|policy=wait|robots=1|seed=3|width=1,1,True,1,Hybrid,wait,3,True,388.0,340,340,0.0,0,0,0,0,1.41
algo=Hybrid|exp=sim|one_way=True|policy=wait|robots=1|seed=4|width=1,1,True,1,Hybrid,wait,4,True,360.0,312,312,0.0,0,0,0,0,3.02
algo=Hybrid|exp=sim|one_way=True|policy=wait|robots=1|seed=5|width=1,1,True,1,Hybrid,wait,5,True,372.0,324,324,0.0,0,0,0,0,1.88
algo=Hybrid|exp=sim|one_way=True|policy=wait|robots=1|seed=6|width=1,1,True,1,Hybrid,wait,6,True,404.0,356,356,0.0,0,0,0,0,1.37
algo=Hybrid|exp=sim|one_way=True|policy=wait|robots=1|seed=7|width=1,1,True,1,Hybrid,wait,7,True,356.0,308,308,0.0,0,0,0,0,2.86
algo=Hybrid|exp=sim|one_way=True|policy=wait|robots=1|seed=8|width=1,1,True,1,Hybrid,wait,8,True,394.0,346,346,0.0,0,0,0,0,1.97
algo=Hybrid|exp=sim|one_way=True|policy=wait|robots=1|seed=9|width=1,1,True,1,Hybrid,wait,9,True,366.0,318,318,0.0,0,0,0,0,2.17
algo=Hybrid|exp=sim|one_way=True|policy=wait|robots=1|seed=10|width=1,1,True,1,Hybrid,wait,10,True,394.0,346,346,0.0,0,0,0,0,2.93
algo=Hybrid|exp=sim|one_way=True|policy=wait|robots=1|seed=11|width=1,1,True,1,Hybrid,wait,11,True,360.0,312,312,0.0,0,0,0,0,2.82
algo=Hybrid|exp=sim|one_way=True|policy=wait|robots=1|seed=12|width=1,1,True,1,Hybrid,wait,12,True,384.0,336,336,0.0,0,0,0,0,2.4
algo=Hybrid|exp=sim|one_way=True|policy=wait|robots=1|seed=13|width=1,1,True,1,Hybrid,wait,13,True,400.0,352,352,0.0,0,0,0,0,1.38
algo=Hybrid|exp=sim|one_way=True|policy=wait|robots=1|seed=15|width=1,1,True,1,Hybrid,wait,15,True,360.0,312,312,0.0,0,0,0,0,1.88
algo=Hybrid|exp=sim|one_way=True|policy=wait|robots=1|seed=14|width=1,1,True,1,Hybrid,wait,14,True,410.0,362,362,0.0,0,0,0,0,4.19
algo=Hybrid|exp=sim|one_way=True|policy=wait|robots=1|seed=16|width=1,1,True,1,Hybrid,wait,16,True,372.0,324,324,0.0,0,0,0,0,2.71
algo=Hybrid|exp=sim|one_way=True|policy=wait|robots=1|seed=17|width=1,1,True,1,Hybrid,wait,17,True,366.0,318,318,0.0,0,0,0,0,2.63
algo=Hybrid|exp=sim|one_way=True|policy=wait|robots=1|seed=18|width=1,1,True,1,Hybrid,wait,18,True,344.0,296,296,0.0,0,0,0,0,2.67
algo=Hybrid|exp=sim|one_way=True|policy=wait|robots=1|seed=19|width=1,1,True,1,Hybrid,wait,19,True,394.0,346,346,0.0,0,0,0,0,2.04
algo=Hybrid|exp=sim|one_way=True|policy=replan|robots=1|seed=0|width=1,1,True,1,Hybrid,replan,0,True,354.0,306,306,0.0,0,0,0,0,1.49
algo=Hybrid|exp=sim|one_way=True|policy=replan|robots=1|seed=1|width=1,1,True,1,Hybrid,replan,1,True,360.0,312,312,0.0,0,0,0,0,1.39
algo=Hybrid|exp=sim|one_way=True|policy=replan|robots=1|seed=2|width=1,1,True,1,Hybrid,replan,2,True,394.0,346,346,0.0,0,0,0,0,2.42
algo=Hybrid|exp=sim|one_way=True|policy=replan|robots=1|seed=3|width=1,1,True,1,Hybrid,replan,3,True,388.0,340,340,0.0,0,0,0,0,1.39
algo=Hybrid|exp=sim|one_way=True|policy=replan|robots=1|seed=4|width=1,1,True,1,Hybrid,replan,4,True,360.0,312,312,0.0,0,0,0,0,2.55
algo=Hybrid|exp=sim|one_way=True|policy=replan|robots=1|seed=5|width=1,1,True,1,Hybrid,replan,5,True,372.0,324,324,0.0,0,0,0,0,1.89
algo=Hybrid|exp=sim|one_way=True|policy=replan|robots=1|seed=7|width=1,1,True,1,Hybrid,replan,7,True,356.0,308,308,0.0,0,0,0,0,2.78
algo=Hybrid|exp=sim|one_way=True|policy=replan|robots=1|seed=6|width=1,1,True,1,Hybrid,replan,6,True,404.0,356,356,0.0,0,0,0,0,1.51
algo=Hybrid|exp=sim|one_way=True|policy=replan|robots=1|seed=9|width=1,1,True,1,Hybrid,replan,9,True,366.0,318,318,0.0,0,0,0,0,2.12
algo=Hybrid|exp=sim|one_way=True|policy=replan|robots=1|seed=8|width=1,1,True,1,Hybrid,replan,8,True,394.0,346,346,0.0,0,0,0,0,2.14
algo=Hybrid|exp=sim|one_way=True|policy=replan|robots=1|seed=11|width=1,1,True,1,Hybrid,replan,11,True,360.0,312,312,0.0,0,0,0,0,2.8
algo=Hybrid|exp=sim|one_way=True|policy=replan|robots=1|seed=10|width=1,1,True,1,Hybrid,replan,10,True,394.0,346,346,0.0,0,0,0,0,2.73
algo=Hybrid|exp=sim|one_way=True|policy=replan|robots=1|seed=12|width=1,1,True,1,Hybrid,replan,12,True,384.0,336,336,0.0,0,0,0,0,2.1
algo=Hybrid|exp=sim|one_way=True|policy=replan|robots=1|seed=13|width=1,1,True,1,Hybrid,replan,13,True,400.0,352,352,0.0,0,0,0,0,1.4
algo=Hybrid|exp=sim|one_way=True|policy=replan|robots=1|seed=15|width=1,1,True,1,Hybrid,replan,15,True,360.0,312,312,0.0,0,0,0,0,1.85
algo=Hybrid|exp=sim|one_way=True|policy=replan|robots=1|seed=14|width=1,1,True,1,Hybrid,replan,14,True,410.0,362,362,0.0,0,0,0,0,2.96
algo=Hybrid|exp=sim|one_way=True|policy=replan|robots=1|seed=16|width=1,1,True,1,Hybrid,replan,16,True,372.0,324,324,0.0,0,0,0,0,2.72
algo=Hybrid|exp=sim|one_way=True|policy=replan|robots=1|seed=17|width=1,1,True,1,Hybrid,replan,17,True,366.0,318,318,0.0,0,0,0,0,2.62
algo=Hybrid|exp=sim|one_way=True|policy=replan|robots=1|seed=18|width=1,1,True,1,Hybrid,replan,18,True,344.0,296,296,0.0,0,0,0,0,2.68
algo=Hybrid|exp=sim|one_way=True|policy=replan|robots=1|seed=19|width=1,1,True,1,Hybrid,replan,19,True,394.0,346,346,0.0,0,0,0,0,2.08
algo=HeldKarp|exp=sim|one_way=True|policy=wait|robots=3|seed=0|width=1,1,True,3,HeldKarp,wait,0,True,457.0,1086,1036,29.0,12,2,4,2,19.98
algo=HeldKarp|exp=sim|one_way=True|policy=wait|robots=3|seed=1|width=1,1,True,3,HeldKarp,wait,1,True,455.0,1112,1004,41.0,15,5,5,0,20.23
algo=HeldKarp|exp=sim|one_way=True|policy=wait|robots=3|seed=2|width=1,1,True,3,HeldKarp,wait,2,True,404.0,1030,1030,15.0,11,0,0,0,19.56
algo=HeldKarp|exp=sim|one_way=True|policy=wait|robots=3|seed=3|width=1,1,True,3,HeldKarp,wait,3,True,443.0,1014,984,27.0,12,1,4,3,19.72
algo=HeldKarp|exp=sim|one_way=True|policy=wait|robots=3|seed=4|width=1,1,True,3,HeldKarp,wait,4,True,444.0,1054,984,19.0,7,2,3,1,19.7
algo=HeldKarp|exp=sim|one_way=True|policy=wait|robots=3|seed=5|width=1,1,True,3,HeldKarp,wait,5,True,464.0,1064,930,32.0,13,4,5,1,20.35
algo=ALO|exp=sim|one_way=True|policy=replan|robots=1|seed=15|width=1,1,True,1,ALO,replan,15,True,410.0,362,362,0.0,0,0,0,0,987.64
algo=ALO|exp=sim|one_way=True|policy=replan|robots=1|seed=16|width=1,1,True,1,ALO,replan,16,True,412.0,364,364,0.0,0,0,0,0,996.11
algo=ALO|exp=sim|one_way=True|policy=replan|robots=1|seed=17|width=1,1,True,1,ALO,replan,17,True,406.0,358,358,0.0,0,0,0,0,984.84
algo=HeldKarp|exp=sim|one_way=True|policy=wait|robots=3|seed=6|width=1,1,True,3,HeldKarp,wait,6,True,439.0,1080,1030,26.0,9,2,4,2,20.34
algo=HeldKarp|exp=sim|one_way=True|policy=wait|robots=3|seed=7|width=1,1,True,3,HeldKarp,wait,7,True,443.0,1012,976,12.0,8,1,1,0,20.31
algo=ALO|exp=sim|one_way=True|policy=replan|robots=1|seed=18|width=1,1,True,1,ALO,replan,18,True,390.0,342,342,0.0,0,0,0,0,982.09
algo=ALO|exp=sim|one_way=True|policy=replan|robots=1|seed=19|width=1,1,True,1,ALO,replan,19,True,428.0,380,380,0.0,0,0,0,0,978.56
algo=HeldKarp|exp=sim|one_way=True|policy=wait|robots=3|seed=8|width=1,1,True,3,HeldKarp,wait,8,True,490.0,1220,1076,51.0,23,4,7,3,19.68
algo=HeldKarp|exp=sim|one_way=True|policy=wait|robots=3|seed=9|width=1,1,True,3,HeldKarp,wait,9,True,374.0,918,880,15.0,6,1,2,1,20.88
algo=HeldKarp|exp=sim|one_way=True|policy=wait|robots=3|seed=10|width=1,1,True,3,HeldKarp,wait,10,True,425.0,1040,992,16.0,6,2,2,0,21.45
algo=HeldKarp|exp=sim|one_way=True|policy=wait|robots=3|seed=12|width=1,1,True,3,HeldKarp,wait,12,True,426.0,1036,998,18.0,8,1,2,1,19.48
algo=HeldKarp|exp=sim|one_way=True|policy=wait|robots=3|seed=11|width=1,1,True,3,HeldKarp,wait,11,True,488.0,1112,996,34.0,12,4,5,1,29.65
algo=HeldKarp|exp=sim|one_way=True|policy=wait|robots=3|seed=13|width=1,1,True,3,HeldKarp,wait,13,True,456.0,1124,1038,40.29,14,4,6,1,19.33
algo=HeldKarp|exp=sim|one_way=True|policy=wait|robots=3|seed=14|width=1,1,True,3,HeldKarp,wait,14,True,467.0,1090,1022,22.0,8,2,3,1,19.72
algo=HeldKarp|exp=sim|one_way=True|policy=wait|robots=3|seed=15|width=1,1,True,3,HeldKarp,wait,15,True,456.0,1074,974,20.0,6,3,3,0,19.43
algo=HeldKarp|exp=sim|one_way=True|policy=wait|robots=3|seed=16|width=1,1,True,3,HeldKarp,wait,16,True,433.0,1008,930,37.0,15,4,5,1,19.27
algo=HeldKarp|exp=sim|one_way=True|policy=wait|robots=3|seed=17|width=1,1,True,3,HeldKarp,wait,17,True,480.0,1124,1004,61.0,25,4,6,2,20.41
algo=HeldKarp|exp=sim|one_way=True|policy=wait|robots=3|seed=18|width=1,1,True,3,HeldKarp,wait,18,True,394.0,906,852,38.0,14,2,6,4,19.4
algo=HeldKarp|exp=sim|one_way=True|policy=wait|robots=3|seed=19|width=1,1,True,3,HeldKarp,wait,19,True,414.0,1046,1020,13.0,5,1,2,1,19.93
algo=HeldKarp|exp=sim|one_way=True|policy=replan|robots=3|seed=0|width=1,1,True,3,HeldKarp,replan,0,True,497.0,1120,1036,41.0,17,3,6,4,19.54
algo=HeldKarp|exp=sim|one_way=True|policy=replan|robots=3|seed=1|width=1,1,True,3,HeldKarp,replan,1,True,451.0,1064,1004,26.0,11,5,3,0,21.08
algo=HeldKarp|exp=sim|one_way=True|policy=replan|robots=3|seed=2|width=1,1,True,3,HeldKarp,replan,2,True,404.0,1030,1030,15.0,11,0,0,0,20.61
algo=HeldKarp|exp=sim|one_way=True|policy=replan|robots=3|seed=3|width=1,1,True,3,HeldKarp,replan,3,True,443.0,1014,984,27.0,12,2,4,3,19.86
algo=HeldKarp|exp=sim|one_way=True|policy=replan|robots=3|seed=5|width=1,1,True,3,HeldKarp,replan,5,True,465.0,1110,930,40.0,18,10,5,0,20.26
algo=HeldKarp|exp=sim|one_way=True|policy=replan|robots=3|seed=4|width=1,1,True,3,HeldKarp,replan,4,True,527.0,1244,984,107.0,38,15,17,8,21.01
algo=HeldKarp|exp=sim|one_way=True|policy=replan|robots=3|seed=6|width=1,1,True,3,HeldKarp,replan,6,True,423.0,1090,1030,13.0,5,2,2,1,19.94
algo=HeldKarp|exp=sim|one_way=True|policy=replan|robots=3|seed=7|width=1,1,True,3,HeldKarp,replan,7,True,505.0,1134,976,37.0,14,8,5,1,19.68
algo=HeldKarp|exp=sim|one_way=True|policy=replan|robots=3|seed=8|width=1,1,True,3,HeldKarp,replan,8,True,527.0,1330,1076,52.0,24,14,8,1,19.87
algo=HeldKarp|exp=sim|one_way=True|policy=replan|robots=3|seed=9|width=1,1,True,3,HeldKarp,replan,9,True,433.0,996,880,26.0,10,5,4,1,20.04
algo=HeldKarp|exp=sim|one_way=True|policy=replan|robots=3|seed=10|width=1,1,True,3,HeldKarp,replan,10,True,466.0,1108,992,27.0,10,6,4,1,19.41
algo=HeldKarp|exp=sim|one_way=True|policy=replan|robots=3|seed=11|width=1,1,True,3,HeldKarp,replan,11,True,447.0,1026,996,9.0,4,1,1,1,20.12
algo=HeldKarp|exp=sim|one_way=True|policy=replan|robots=3|seed=12|width=1,1,True,3,HeldKarp,replan,12,True,422.0,1092,998,25.0,14,4,3,1,19.48
algo=HeldKarp|exp=sim|one_way=True|policy=replan|robots=3|seed=13|width=1,1,True,3,HeldKarp,replan,13,True,467.0,1134,1038,24.0,9,6,3,0,19.32
algo=HeldKarp|exp=sim|one_way=True|policy=replan|robots=3|seed=14|width=1,1,True,3,HeldKarp,replan,14,True,460.0,1112,1022,31.0,13,6,4,1,19.51
algo=HeldKarp|exp=sim|one_way=True|policy=replan|robots=3|seed=15|width=1,1,True,3,HeldKarp,replan,15,True,480.0,1182,974,50.0,21,9,7,2,19.79
algo=HeldKarp|exp=sim|one_way=True|policy=replan|robots=3|seed=16|width=1,1,True,3,HeldKarp,replan,16,True,472.0,1066,930,41.0,15,9,6,1,19.58
algo=HeldKarp|exp=sim|one_way=True|policy=replan|robots=3|seed=17|width=1,1,True,3,HeldKarp,replan,17,True,504.0,1174,1004,75.0,31,8,8,3,19.4
algo=HeldKarp|exp=sim|one_way=True|policy=replan|robots=3|seed=18|width=1,1,True,3,HeldKarp,replan,18,True,394.0,906,852,38.0,14,3,6,4,19.64
algo=NN|exp=sim|one_way=True|policy=wait|robots=3|seed=1|width=1,1,True,3,NN,wait,1,True,444.0,1070,1066,10.0,4,1,1,0,0.18
algo=NN|exp=sim|one_way=True|policy=wait|robots=3|seed=0|width=1,1,True,3,NN,wait,0,True,468.0,1118,1084,10.0,7,1,1,0,0.19
algo=HeldKarp|exp=sim|one_way=True|policy=replan|robots=3|seed=19|width=1,1,True,3,HeldKarp,replan,19,True,423.0,1080,1020,13.0,5,2,2,1,20.21
algo=NN|exp=sim|one_way=True|policy=wait|robots=3|seed=2|width=1,1,True,3,NN,wait,2,True,465.0,1134,1068,32.0,15,3,3,0,0.21
algo=NN|exp=sim|one_way=True|policy=wait|robots=3|seed=3|width=1,1,True,3,NN,wait,3,True,432.0,1072,1034,12.0,4,1,2,1,0.21
algo=NN|exp=sim|one_way=True|policy=wait|robots=3|seed=4|width=1,1,True,3,NN,wait,4,True,418.0,1058,1028,19.0,10,1,2,1,0.2
algo=NN|exp=sim|one_way=True|policy=wait|robots=3|seed=6|width=1,1,True,3,NN,wait,6,True,410.0,1054,1054,11.0,8,0,0,0,0.19
algo=NN|exp=sim|one_way=True|policy=wait|robots=3|seed=5|width=1,1,True,3,NN,wait,5,True,451.0,1032,986,21.0,11,2,2,0,0.23
algo=NN|exp=sim|one_way=True|policy=wait|robots=3|seed=7|width=1,1,True,3,NN,wait,7,True,445.0,1016,1000,42.0,17,1,5,4,0.26
algo=NN|exp=sim|one_way=True|policy=wait|robots=3|seed=8|width=1,1,True,3,NN,wait,8,True,482.0,1204,1114,45.0,24,3,5,2,0.22
algo=NN|exp=sim|one_way=True|policy=wait|robots=3|seed=9|width=1,1,True,3,NN,wait,9,True,372.0,908,908,1.0,3,0,0,0,0.18
algo=NN|exp=sim|one_way=True|policy=wait|robots=3|seed=10|width=1,1,True,3,NN,wait,10,True,457.0,1120,1024,30.0,12,3,4,1,0.19
algo=NN|exp=sim|one_way=True|policy=wait|robots=3|seed=11|width=1,1,True,3,NN,wait,11,True,441.0,1082,1050,7.0,5,1,1,0,0.18
algo=NN|exp=sim|one_way=True|policy=wait|robots=3|seed=12|width=1,1,True,3,NN,wait,12,True,421.0,1044,1022,12.0,8,1,1,0,0.19
algo=NN|exp=sim|one_way=True|policy=wait|robots=3|seed=13|width=1,1,True,3,NN,wait,13,True,472.0,1118,1052,45.16,18,4,5,0,0.2
algo=NN|exp=sim|one_way=True|policy=wait|robots=3|seed=14|width=1,1,True,3,NN,wait,14,True,521.0,1126,1074,46.0,25,2,3,1,0.2
algo=NN|exp=sim|one_way=True|policy=wait|robots=3|seed=15|width=1,1,True,3,NN,wait,15,True,482.0,1160,1026,47.0,16,4,7,3,0.21
algo=NN|exp=sim|one_way=True|policy=wait|robots=3|seed=16|width=1,1,True,3,NN,wait,16,True,421.0,1016,956,22.0,9,2,3,1,0.19
algo=NN|exp=sim|one_way=True|policy=wait|robots=3|seed=17|width=1,1,True,3,NN,wait,17,True,456.0,1122,1054,39.0,14,4,6,2,0.19
algo=NN|exp=sim|one_way=True|policy=wait|robots=3|seed=18|width=1,1,True,3,NN,wait,18,True,443.0,1010,902,37.0,12,5,5,0,0.2
algo=NN|exp=sim|one_way=True|policy=wait|robots=3|seed=19|width=1,1,True,3,NN,wait,19,True,517.0,1230,1104,65.0,23,3,9,6,0.19
algo=NN|exp=sim|one_way=True|policy=replan|robots=3|seed=0|width=1,1,True,3,NN,replan,0,True,468.0,1118,1084,10.0,7,1,1,0,0.19
algo=NN|exp=sim|one_way=True|policy=replan|robots=3|seed=1|width=1,1,True,3,NN,replan,1,True,444.0,1070,1066,10.0,4,1,1,0,0.19
algo=NN|exp=sim|one_way=True|policy=replan|robots=3|seed=3|width=1,1,True,3,NN,replan,3,True,444.0,1136,1034,26.0,11,5,4,1,0.2
algo=NN|exp=sim|one_way=True|policy=replan|robots=3|seed=2|width=1,1,True,3,NN,replan,2,True,504.0,1206,1068,45.0,18,7,6,2,0.2
algo=NN|exp=sim|one_way=True|policy=replan|robots=3|seed=4|width=1,1,True,3,NN,replan,4,True,438.0,1082,1028,23.0,13,2,2,1,0.2
algo=NN|exp=sim|one_way=True|policy=replan|robots=3|seed=5|width=1,1,True,3,NN,replan,5,True,451.0,1052,986,21.0,11,4,2,0,0.21
algo=NN|exp=sim|one_way=True|policy=replan|robots=3|seed=6|width=1,1,True,3,NN,replan,6,True,410.0,1054,1054,11.0,8,0,0,0,0.19
algo=NN|exp=sim|one_way=True|policy=replan|robots=3|seed=7|width=1,1,True,3,NN,replan,7,True,456.0,1060,1000,20.0,8,3,3,1,0.28
algo=NN|exp=sim|one_way=True|policy=replan|robots=3|seed=8|width=1,1,True,3,NN,replan,8,True,518.0,1254,1114,42.0,22,8,5,1,0.24
algo=NN|exp=sim|one_way=True|policy=replan|robots=3|seed=9|width=1,1,True,3,NN,replan,9,True,372.0,908,908,1.0,3,0,0,0,0.21
algo=NN|exp=sim|one_way=True|policy=replan|robots=3|seed=12|width=1,1,True,3,NN,replan,12,True,421.0,1044,1022,12.0,8,1,1,0,0.2
algo=NN|exp=sim|one_way=True|policy=replan|robots=3|seed=11|width=1,1,True,3,NN,replan,11,True,441.0,1148,1050,19.0,9,4,3,1,0.19
algo=NN|exp=sim|one_way=True|policy=replan|robots=3|seed=10|width=1,1,True,3,NN,replan,10,True,491.0,1216,1024,58.0,21,11,9,3,0.21
algo=NN|exp=sim|one_way=True|policy=replan|robots=3|seed=14|width=1,1,True,3,NN,replan,14,True,551.0,1194,1074,58.0,29,8,5,1,0.2
algo=NN|exp=sim|one_way=True|policy=replan|robots=3|seed=13|width=1,1,True,3,NN,replan,13,True,600.0,1368,1052,80.0,27,22,13,1,0.19
algo=NN|exp=sim|one_way=True|policy=replan|robots=3|seed=15|width=1,1,True,3,NN,replan,15,True,425.0,1088,1026,19.0,13,2,2,2,0.18
algo=NN|exp=sim|one_way=True|policy=replan|robots=3|seed=16|width=1,1,True,3,NN,replan,16,True,430.0,1046,956,28.0,11,6,4,1,0.2
algo=NN|exp=sim|one_way=True|policy=replan|robots=3|seed=19|width=1,1,True,3,NN,replan,19,True,486.0,1188,1104,35.0,15,4,4,2,0.2
algo=NN|exp=sim|one_way=True|policy=replan|robots=3|seed=18|width=1,1,True,3,NN,replan,18,True,486.0,1210,902,61.0,21,14,9,1,0.19
algo=NN|exp=sim|one_way=True|policy=replan|robots=3|seed=17|width=1,1,True,3,NN,replan,17,True,687.0,1474,1054,97.0,33,23,16,4,0.19
algo=NN2opt|exp=sim|one_way=True|policy=wait|robots=3|seed=1|width=1,1,True,3,NN2opt,wait,1,True,444.0,1070,1066,10.0,4,1,1,0,1.02
algo=NN2opt|exp=sim|one_way=True|policy=wait|robots=3|seed=0|width=1,1,True,3,NN2opt,wait,0,True,468.0,1128,1068,21.0,9,2,3,1,1.28
algo=NN2opt|exp=sim|one_way=True|policy=wait|robots=3|seed=2|width=1,1,True,3,NN2opt,wait,2,True,465.0,1134,1068,32.0,15,3,3,0,1.02
algo=NN2opt|exp=sim|one_way=True|policy=wait|robots=3|seed=3|width=1,1,True,3,NN2opt,wait,3,True,432.0,1072,1034,12.0,4,1,2,1,1.04
algo=NN2opt|exp=sim|one_way=True|policy=wait|robots=3|seed=5|width=1,1,True,3,NN2opt,wait,5,True,454.0,1000,964,23.0,11,2,2,0,1.35
algo=NN2opt|exp=sim|one_way=True|policy=wait|robots=3|seed=4|width=1,1,True,3,NN2opt,wait,4,True,429.0,1056,1018,26.0,13,1,2,1,1.22
algo=NN2opt|exp=sim|one_way=True|policy=wait|robots=3|seed=6|width=1,1,True,3,NN2opt,wait,6,True,412.0,1048,1048,13.0,8,0,0,0,1.1
algo=NN2opt|exp=sim|one_way=True|policy=wait|robots=3|seed=7|width=1,1,True,3,NN2opt,wait,7,True,453.0,1076,994,58.0,22,4,8,4,1.08
algo=NN2opt|exp=sim|one_way=True|policy=wait|robots=3|seed=9|width=1,1,True,3,NN2opt,wait,9,True,372.0,908,908,1.0,3,0,0,0,1.01
algo=NN2opt|exp=sim|one_way=True|policy=wait|robots=3|seed=8|width=1,1,True,3,NN2opt,wait,8,True,507.0,1196,1092,44.0,22,3,5,2,1.33
algo=NN2opt|exp=sim|one_way=True|policy=wait|robots=3|seed=10|width=1,1,True,3,NN2opt,wait,10,True,457.0,1120,1024,30.0,12,3,4,1,1.0
algo=NN2opt|exp=sim|one_way=True|policy=wait|robots=3|seed=12|width=1,1,True,3,NN2opt,wait,12,True,421.0,1038,1016,12.0,8,1,1,0,1.08
algo=NN2opt|exp=sim|one_way=True|policy=wait|robots=3|seed=11|width=1,1,True,3,NN2opt,wait,11,True,431.0,1070,1038,15.0,10,1,2,1,1.11
algo=NN2opt|exp=sim|one_way=True|policy=wait|robots=3|seed=13|width=1,1,True,3,NN2opt,wait,13,True,472.0,1118,1052,45.16,18,4,5,0,1.0
algo=NN2opt|exp=sim|one_way=True|policy=wait|robots=3|seed=14|width=1,1,True,3,NN2opt,wait,14,True,477.0,1074,1046,25.0,10,1,3,2,1.24
algo=NN2opt|exp=sim|one_way=True|policy=wait|robots=3|seed=15|width=1,1,True,3,NN2opt,wait,15,True,466.0,1144,1010,47.0,16,4,7,3,1.16
algo=NN2opt|exp=sim|one_way=True|policy=wait|robots=3|seed=16|width=1,1,True,3,NN2opt,wait,16,True,389.0,992,950,14.0,5,2,2,0,1.09
algo=NN2opt|exp=sim|one_way=True|policy=wait|robots=3|seed=17|width=1,1,True,3,NN2opt,wait,17,True,445.0,1078,1048,24.0,10,2,4,2,1.06
algo=NN2opt|exp=sim|one_way=True|policy=wait|robots=3|seed=18|width=1,1,True,3,NN2opt,wait,18,True,417.0,984,876,37.0,13,5,5,0,1.05
algo=NN2opt|exp=sim|one_way=True|policy=wait|robots=3|seed=19|width=1,1,True,3,NN2opt,wait,19,True,480.0,1170,1056,68.0,24,3,10,7,1.38
algo=NN2opt|exp=sim|one_way=True|policy=replan|robots=3|seed=0|width=1,1,True,3,NN2opt,replan,0,True,442.0,1102,1068,15.0,7,2,2,1,1.23
algo=NN2opt|exp=sim|one_way=True|policy=replan|robots=3|seed=1|width=1,1,True,3,NN2opt,replan,1,True,444.0,1070,1066,10.0,4,1,1,0,1.0
algo=NN2opt|exp=sim|one_way=True|policy=replan|robots=3|seed=2|width=1,1,True,3,NN2opt,replan,2,True,504.0,1206,1068,45.0,18,7,6,2,1.04
algo=NN2opt|exp=sim|one_way=True|policy=replan|robots=3|seed=3|width=1,1,True,3,NN2opt,replan,3,True,444.0,1136,1034,26.0,11,5,4,1,1.23
algo=NN2opt|exp=sim|one_way=True|policy=replan|robots=3|seed=4|width=1,1,True,3,NN2opt,replan,4,True,429.0,1056,1018,26.0,13,1,2,1,1.19
algo=NN2opt|exp=sim|one_way=True|policy=replan|robots=3|seed=6|width=1,1,True,3,NN2opt,replan,6,True,412.0,1048,1048,13.0,8,0,0,0,1.1
algo=NN2opt|exp=sim|one_way=True|policy=replan|robots=3|seed=5|width=1,1,True,3,NN2opt,replan,5,True,590.0,1266,964,73.0,29,20,11,1,1.34
algo=NN2opt|exp=sim|one_way=True|policy=replan|robots=3|seed=7|width=1,1,True,3,NN2opt,replan,7,True,457.0,1054,994,28.0,12,3,3,1,1.18
algo=NN2opt|exp=sim|one_way=True|policy=replan|robots=3|seed=8|width=1,1,True,3,NN2opt,replan,8,True,488.0,1202,1092,60.0,27,4,8,7,1.24
algo=NN2opt|exp=sim|one_way=True|policy=replan|robots=3|seed=9|width=1,1,True,3,NN2opt,replan,9,True,372.0,908,908,1.0,3,0,0,0,1.0
algo=NN2opt|exp=sim|one_way=True|policy=replan|robots=3|seed=11|width=1,1,True,3,NN2opt,replan,11,True,431.0,1070,1038,15.0,10,1,2,1,1.1
algo=NN2opt|exp=sim|one_way=True|policy=replan|robots=3|seed=10|width=1,1,True,3,NN2opt,replan,10,True,491.0,1216,1024,58.0,21,11,9,3,1.01
algo=NN2opt|exp=sim|one_way=True|policy=replan|robots=3|seed=12|width=1,1,True,3,NN2opt,replan,12,True,421.0,1038,1016,12.0,8,1,1,0,1.18
algo=NN2opt|exp=sim|one_way=True|policy=replan|robots=3|seed=14|width=1,1,True,3,NN2opt,replan,14,True,477.0,1082,1046,31.0,14,2,3,2,1.2
algo=NN2opt|exp=sim|one_way=True|policy=replan|robots=3|seed=13|width=1,1,True,3,NN2opt,replan,13,True,600.0,1368,1052,80.0,27,22,13,1,1.02
algo=NN2opt|exp=sim|one_way=True|policy=replan|robots=3|seed=15|width=1,1,True,3,NN2opt,replan,15,True,417.0,1072,1010,19.0,13,2,2,2,1.09
algo=NN2opt|exp=sim|one_way=True|policy=replan|robots=3|seed=16|width=1,1,True,3,NN2opt,replan,16,True,470.0,1094,950,39.0,15,8,5,1,1.09
algo=NN2opt|exp=sim|one_way=True|policy=replan|robots=3|seed=17|width=1,1,True,3,NN2opt,replan,17,True,518.0,1206,1048,85.14,29,8,12,8,1.13
algo=NN2opt|exp=sim|one_way=True|policy=replan|robots=3|seed=18|width=1,1,True,3,NN2opt,replan,18,True,562.0,1378,876,112.0,38,24,18,5,1.38
algo=NN2opt|exp=sim|one_way=True|policy=replan|robots=3|seed=19|width=1,1,True,3,NN2opt,replan,19,True,505.0,1210,1056,55.0,19,8,8,3,1.58
algo=GA|exp=sim|one_way=True|policy=wait|robots=3|seed=1|width=1,1,True,3,GA,wait,1,True,441.0,1038,1014,22.0,12,1,1,0,3414.98
algo=GA|exp=sim|one_way=True|policy=wait|robots=3|seed=0|width=1,1,True,3,GA,wait,0,True,503.0,1166,1036,40.0,18,3,6,3,3430.7
algo=GA|exp=sim|one_way=True|policy=wait|robots=3|seed=3|width=1,1,True,3,GA,wait,3,True,402.0,1014,988,16.0,7,1,1,0,3416.41
algo=GA|exp=sim|one_way=True|policy=wait|robots=3|seed=4|width=1,1,True,3,GA,wait,4,True,422.0,1040,990,12.0,5,2,2,0,3413.8
algo=GA|exp=sim|one_way=True|policy=wait|robots=3|seed=2|width=1,1,True,3,GA,wait,2,True,412.0,1040,1036,16.0,8,1,1,0,3452.12
algo=GA|exp=sim|one_way=True|policy=wait|robots=3|seed=6|width=1,1,True,3,GA,wait,6,True,442.0,1086,1030,25.0,10,2,3,1,3409.0
algo=GA|exp=sim|one_way=True|policy=wait|robots=3|seed=5|width=1,1,True,3,GA,wait,5,True,433.0,1044,954,23.0,10,3,3,0,3445.29
algo=GA|exp=sim|one_way=True|policy=wait|robots=3|seed=9|width=1,1,True,3,GA,wait,9,True,485.0,1062,892,58.24,22,6,9,2,3382.58
algo=GA|exp=sim|one_way=True|policy=wait|robots=3|seed=7|width=1,1,True,3,GA,wait,7,True,460.0,1076,988,56.0,20,3,8,5,3410.4
algo=GA|exp=sim|one_way=True|policy=wait|robots=3|seed=8|width=1,1,True,3,GA,wait,8,True,460.0,1164,1084,39.13,11,4,7,1,3413.57
algo=GA|exp=sim|one_way=True|policy=wait|robots=3|seed=11|width=1,1,True,3,GA,wait,11,True,439.0,1036,996,40.37,18,1,6,4,3392.83
algo=GA|exp=sim|one_way=True|policy=wait|robots=3|seed=10|width=1,1,True,3,GA,wait,10,True,452.0,1104,998,62.0,22,4,9,5,3396.12
algo=GA|exp=sim|one_way=True|policy=wait|robots=3|seed=12|width=1,1,True,3,GA,wait,12,True,421.0,1074,1014,29.0,14,2,3,1,3423.32
algo=GA|exp=sim|one_way=True|policy=wait|robots=3|seed=13|width=1,1,True,3,GA,wait,13,True,460.0,1104,1060,23.0,9,2,2,0,3407.31
algo=GA|exp=sim|one_way=True|policy=wait|robots=3|seed=16|width=1,1,True,3,GA,wait,16,True,416.0,1036,936,23.0,11,3,3,0,3382.96
algo=GA|exp=sim|one_way=True|policy=wait|robots=3|seed=15|width=1,1,True,3,GA,wait,15,True,462.0,1066,996,25.0,13,2,2,0,3403.83
algo=GA|exp=sim|one_way=True|policy=wait|robots=3|seed=18|width=1,1,True,3,GA,wait,18,True,390.0,894,856,21.0,12,1,2,1,3385.25
algo=GA|exp=sim|one_way=True|policy=wait|robots=3|seed=14|width=1,1,True,3,GA,wait,14,True,479.0,1106,1022,31.0,11,3,3,0,3420.92
algo=GA|exp=sim|one_way=True|policy=wait|robots=3|seed=19|width=1,1,True,3,GA,wait,19,True,442.0,1054,1020,39.0,17,2,4,2,3373.67
algo=GA|exp=sim|one_way=True|policy=wait|robots=3|seed=17|width=1,1,True,3,GA,wait,17,True,478.0,1152,1032,36.0,14,4,5,1,3459.2
algo=GA|exp=sim|one_way=True|policy=replan|robots=3|seed=0|width=1,1,True,3,GA,replan,0,True,506.0,1176,1036,48.0,20,9,6,1,3409.4
algo=GA|exp=sim|one_way=True|policy=replan|robots=3|seed=3|width=1,1,True,3,GA,replan,3,True,476.0,1082,988,32.0,13,6,4,1,3431.5
algo=GA|exp=sim|one_way=True|policy=replan|robots=3|seed=4|width=1,1,True,3,GA,replan,4,True,422.0,1040,990,12.0,5,3,2,0,3461.47
algo=GA|exp=sim|one_way=True|policy=replan|robots=3|seed=2|width=1,1,True,3,GA,replan,2,True,527.0,1206,1036,50.0,19,12,7,1,3462.73
algo=GA|exp=sim|one_way=True|policy=replan|robots=3|seed=5|width=1,1,True,3,GA,replan,5,True,432.0,1068,954,29.0,12,7,4,0,3453.04
algo=GA|exp=sim|one_way=True|policy=replan|robots=3|seed=1|width=1,1,True,3,GA,replan,1,True,441.0,1038,1014,22.0,12,1,1,0,3507.71
algo=GA|exp=sim|one_way=True|policy=replan|robots=3|seed=6|width=1,1,True,3,GA,replan,6,True,451.0,1116,1030,27.0,11,3,3,1,3481.5
algo=GA|exp=sim|one_way=True|policy=replan|robots=3|seed=7|width=1,1,True,3,GA,replan,7,True,488.0,1136,988,39.0,15,7,5,1,3489.8
algo=GA|exp=sim|one_way=True|policy=replan|robots=3|seed=8|width=1,1,True,3,GA,replan,8,True,566.0,1286,1084,84.74,31,11,12,5,3396.7
algo=GA|exp=sim|one_way=True|policy=replan|robots=3|seed=9|width=1,1,True,3,GA,replan,9,True,543.0,1176,892,90.0,35,13,14,7,3387.81
algo=GA|exp=sim|one_way=True|policy=replan|robots=3|seed=10|width=1,1,True,3,GA,replan,10,True,416.0,1024,998,11.0,7,1,1,1,3396.79
algo=GA|exp=sim|one_way=True|policy=replan|robots=3|seed=11|width=1,1,True,3,GA,replan,11,True,439.0,1036,996,40.37,18,1,6,4,3397.71
algo=GA|exp=sim|one_way=True|policy=replan|robots=3|seed=12|width=1,1,True,3,GA,replan,12,True,519.0,1232,1014,56.0,21,10,8,3,3418.98
algo=GA|exp=sim|one_way=True|policy=replan|robots=3|seed=13|width=1,1,True,3,GA,replan,13,True,493.0,1196,1060,40.0,13,9,6,1,3388.08
algo=GA|exp=sim|one_way=True|policy=replan|robots=3|seed=14|width=1,1,True,3,GA,replan,14,True,467.0,1108,1022,28.0,14,4,3,1,3398.86
algo=ACO|exp=sim|one_way=True|policy=wait|robots=3|seed=0|width=1,1,True,3,ACO,wait,0,True,418.0,1036,1036,11.0,7,0,0,0,652.31
algo=ACO|exp=sim|one_way=True|policy=wait|robots=3|seed=1|width=1,1,True,3,ACO,wait,1,True,409.0,1004,1004,10.0,6,1,1,0,637.01
algo=ACO|exp=sim|one_way=True|policy=wait|robots=3|seed=3|width=1,1,True,3,ACO,wait,3,True,414.0,1044,984,14.0,6,2,2,0,591.17
algo=ACO|exp=sim|one_way=True|policy=wait|robots=3|seed=2|width=1,1,True,3,ACO,wait,2,True,437.0,1060,1030,16.0,8,1,1,0,612.7
algo=ACO|exp=sim|one_way=True|policy=wait|robots=3|seed=5|width=1,1,True,3,ACO,wait,5,True,390.0,930,930,3.0,3,0,0,0,568.17
algo=ACO|exp=sim|one_way=True|policy=wait|robots=3|seed=4|width=1,1,True,3,ACO,wait,4,True,424.0,1042,984,20.0,11,2,2,0,574.17
algo=ACO|exp=sim|one_way=True|policy=wait|robots=3|seed=7|width=1,1,True,3,ACO,wait,7,True,408.0,1034,976,19.0,8,2,2,0,589.33
algo=ACO|exp=sim|one_way=True|policy=wait|robots=3|seed=6|width=1,1,True,3,ACO,wait,6,True,446.0,1076,1030,35.0,15,3,3,0,598.13
algo=ACO|exp=sim|one_way=True|policy=wait|robots=3|seed=8|width=1,1,True,3,ACO,wait,8,True,452.0,1132,1076,43.13,14,3,6,1,586.85
algo=ACO|exp=sim|one_way=True|policy=wait|robots=3|seed=9|width=1,1,True,3,ACO,wait,9,True,370.0,902,880,8.0,4,1,1,0,586.09
algo=GA|exp=sim|one_way=True|policy=replan|robots=3|seed=15|width=1,1,True,3,GA,replan,15,True,500.0,1180,996,47.0,19,9,7,2,3504.63
algo=GA|exp=sim|one_way=True|policy=replan|robots=3|seed=16|width=1,1,True,3,GA,replan,16,True,445.0,1060,936,26.0,9,6,4,2,3506.78
algo=GA|exp=sim|one_way=True|policy=replan|robots=3|seed=17|width=1,1,True,3,GA,replan,17,True,481.0,1176,1032,42.0,16,7,6,1,3530.92
algo=GA|exp=sim|one_way=True|policy=replan|robots=3|seed=18|width=1,1,True,3,GA,replan,18,True,391.0,974,856,30.0,11,6,5,2,3526.4
algo=GA|exp=sim|one_way=True|policy=replan|robots=3|seed=19|width=1,1,True,3,GA,replan,19,True,465.0,1078,1020,44.0,17,6,5,2,3505.3
algo=ACO|exp=sim|one_way=True|policy=wait|robots=3|seed=10|width=1,1,True,3,ACO,wait,10,True,441.0,1024,992,34.0,13,1,5,4,571.76
algo=ACO|exp=sim|one_way=True|policy=wait|robots=3|seed=11|width=1,1,True,3,ACO,wait,11,True,484.0,1058,996,13.0,6,2,2,0,574.14
algo=ACO|exp=sim|one_way=True|policy=wait|robots=3|seed=12|width=1,1,True,3,ACO,wait,12,True,444.0,1078,998,32.0,15,3,4,1,567.88
algo=ACO|exp=sim|one_way=True|policy=wait|robots=3|seed=13|width=1,1,True,3,ACO,wait,13,True,435.0,1060,1038,6.0,2,1,1,0,577.23
algo=ACO|exp=sim|one_way=True|policy=wait|robots=3|seed=14|width=1,1,True,3,ACO,wait,14,True,458.0,1058,1022,24.0,11,2,2,0,569.29
algo=ACO|exp=sim|one_way=True|policy=wait|robots=3|seed=15|width=1,1,True,3,ACO,wait,15,True,461.0,1064,974,30.0,12,3,4,1,572.27
algo=ACO|exp=sim|one_way=True|policy=wait|robots=3|seed=16|width=1,1,True,3,ACO,wait,16,True,435.0,980,930,34.0,19,1,4,3,571.56
algo=ACO|exp=sim|one_way=True|policy=wait|robots=3|seed=18|width=1,1,True,3,ACO,wait,18,True,419.0,938,852,37.27,16,3,4,0,572.45
algo=ACO|exp=sim|one_way=True|policy=wait|robots=3|seed=17|width=1,1,True,3,ACO,wait,17,True,421.0,1034,1004,27.0,11,2,3,1,576.07
algo=ACO|exp=sim|one_way=True|policy=wait|robots=3|seed=19|width=1,1,True,3,ACO,wait,19,True,475.0,1120,1020,45.0,18,3,5,2,566.74
algo=ACO|exp=sim|one_way=True|policy=replan|robots=3|seed=0|width=1,1,True,3,ACO,replan,0,True,418.0,1036,1036,11.0,7,0,0,0,579.22
algo=ACO|exp=sim|one_way=True|policy=replan|robots=3|seed=1|width=1,1,True,3,ACO,replan,1,True,409.0,1004,1004,10.0,6,2,1,0,574.97
algo=ACO|exp=sim|one_way=True|policy=replan|robots=3|seed=2|width=1,1,True,3,ACO,replan,2,True,440.0,1090,1030,21.0,9,4,2,0,575.45
algo=ACO|exp=sim|one_way=True|policy=replan|robots=3|seed=3|width=1,1,True,3,ACO,replan,3,True,414.0,1044,984,14.0,6,2,2,0,571.42
algo=ACO|exp=sim|one_way=True|policy=replan|robots=3|seed=5|width=1,1,True,3,ACO,replan,5,True,390.0,930,930,3.0,3,0,0,0,601.77
algo=ACO|exp=sim|one_way=True|policy=replan|robots=3|seed=4|width=1,1,True,3,ACO,replan,4,True,485.0,1192,984,60.0,24,13,8,1,623.19
algo=ACO|exp=sim|one_way=True|policy=replan|robots=3|seed=6|width=1,1,True,3,ACO,replan,6,True,446.0,1106,1030,27.0,13,4,2,0,603.27
algo=ACO|exp=sim|one_way=True|policy=replan|robots=3|seed=7|width=1,1,True,3,ACO,replan,7,True,449.0,1098,976,27.0,10,7,4,0,615.57
algo=ACO|exp=sim|one_way=True|policy=replan|robots=3|seed=8|width=1,1,True,3,ACO,replan,8,True,626.0,1428,1076,104.02,39,21,14,2,591.99
algo=ACO|exp=sim|one_way=True|policy=replan|robots=3|seed=9|width=1,1,True,3,ACO,replan,9,True,370.0,902,880,8.0,4,1,1,0,600.76
algo=ACO|exp=sim|one_way=True|policy=replan|robots=3|seed=10|width=1,1,True,3,ACO,replan,10,True,444.0,1062,992,37.0,15,3,6,4,607.5
algo=ACO|exp=sim|one_way=True|policy=replan|robots=3|seed=11|width=1,1,True,3,ACO,replan,11,True,562.0,1190,996,51.0,19,11,8,2,582.34
algo=ACO|exp=sim|one_way=True|policy=replan|robots=3|seed=12|width=1,1,True,3,ACO,replan,12,True,476.0,1138,998,69.0,26,8,9,5,593.81
algo=ACO|exp=sim|one_way=True|policy=replan|robots=3|seed=13|width=1,1,True,3,ACO,replan,13,True,435.0,1088,1038,12.0,5,3,2,0,588.08
algo=ACO|exp=sim|one_way=True|policy=replan|robots=3|seed=14|width=1,1,True,3,ACO,replan,14,True,458.0,1058,1022,24.0,11,2,2,0,591.86
algo=ACO|exp=sim|one_way=True|policy=replan|robots=3|seed=15|width=1,1,True,3,ACO,replan,15,True,441.0,1104,974,33.0,14,8,4,0,583.82
algo=ACO|exp=sim|one_way=True|policy=replan|robots=3|seed=16|width=1,1,True,3,ACO,replan,16,True,414.0,996,930,25.0,14,4,3,1,587.87
algo=ACO|exp=sim|one_way=True|policy=replan|robots=3|seed=17|width=1,1,True,3,ACO,replan,17,True,493.0,1228,1004,46.0,17,11,7,1,593.22
algo=ACO|exp=sim|one_way=True|policy=replan|robots=3|seed=18|width=1,1,True,3,ACO,replan,18,True,392.0,938,852,32.27,15,5,4,0,571.91
algo=ACO|exp=sim|one_way=True|policy=replan|robots=3|seed=19|width=1,1,True,3,ACO,replan,19,True,434.0,1102,1020,16.0,8,4,2,0,567.77
algo=ALO|exp=sim|one_way=True|policy=wait|robots=3|seed=0|width=1,1,True,3,ALO,wait,0,True,530.0,1264,1106,60.0,20,6,8,2,2947.55
algo=ALO|exp=sim|one_way=True|policy=wait|robots=3|seed=2|width=1,1,True,3,ALO,wait,2,True,438.0,1130,1130,3.0,2,0,0,0,2939.82
algo=ALO|exp=sim|one_way=True|policy=wait|robots=3|seed=3|width=1,1,True,3,ALO,wait,3,True,449.0,1130,1090,13.0,5,1,1,0,2927.67
algo=ALO|exp=sim|one_way=True|policy=wait|robots=3|seed=1|width=1,1,True,3,ALO,wait,1,True,501.0,1222,1140,23.0,10,3,3,0,3001.96
algo=ALO|exp=sim|one_way=True|policy=wait|robots=3|seed=4|width=1,1,True,3,ALO,wait,4,True,456.0,1114,1024,33.0,11,4,5,1,2959.45
algo=ALO|exp=sim|one_way=True|policy=wait|robots=3|seed=5|width=1,1,True,3,ALO,wait,5,True,483.0,1154,1124,6.0,4,1,1,0,2957.66
algo=ALO|exp=sim|one_way=True|policy=wait|robots=3|seed=6|width=1,1,True,3,ALO,wait,6,True,478.0,1172,1114,23.0,15,2,2,0,2988.28
algo=ALO|exp=sim|one_way=True|policy=wait|robots=3|seed=9|width=1,1,True,3,ALO,wait,9,True,398.0,1024,992,17.0,10,1,1,0,2901.57
algo=ALO|exp=sim|one_way=True|policy=wait|robots=3|seed=7|width=1,1,True,3,ALO,wait,7,True,442.0,1144,1144,3.0,3,0,0,0,2941.02
algo=ALO|exp=sim|one_way=True|policy=wait|robots=3|seed=8|width=1,1,True,3,ALO,wait,8,True,546.0,1270,1204,25.0,11,2,2,0,2923.24
algo=ALO|exp=sim|one_way=True|policy=wait|robots=3|seed=11|width=1,1,True,3,ALO,wait,11,True,544.0,1234,1076,66.0,24,7,10,3,2925.28
algo=ALO|exp=sim|one_way=True|policy=wait|robots=3|seed=10|width=1,1,True,3,ALO,wait,10,True,466.0,1154,1058,36.0,15,3,4,1,2966.28
algo=ALO|exp=sim|one_way=True|policy=wait|robots=3|seed=12|width=1,1,True,3,ALO,wait,12,True,484.0,1252,1192,31.0,10,2,5,3,2906.25
algo=ALO|exp=sim|one_way=True|policy=wait|robots=3|seed=13|width=1,1,True,3,ALO,wait,13,True,495.0,1220,1130,54.0,20,2,6,4,2925.78
algo=ALO|exp=sim|one_way=True|policy=wait|robots=3|seed=14|width=1,1,True,3,ALO,wait,14,True,467.0,1104,1104,8.0,7,0,0,0,2943.81
algo=ALO|exp=sim|one_way=True|policy=wait|robots=3|seed=15|width=1,1,True,3,ALO,wait,15,True,443.0,1110,1076,17.0,7,1,1,0,2953.21
algo=ALO|exp=sim|one_way=True|policy=wait|robots=3|seed=16|width=1,1,True,3,ALO,wait,16,True,520.0,1100,982,29.0,12,4,4,0,2978.01
algo=ALO|exp=sim|one_way=True|policy=wait|robots=3|seed=17|width=1,1,True,3,ALO,wait,17,True,480.0,1168,1080,42.0,16,3,6,3,2956.1
algo=ALO|exp=sim|one_way=True|policy=wait|robots=3|seed=18|width=1,1,True,3,ALO,wait,18,True,422.0,1056,970,38.0,15,4,4,0,2960.66
algo=ALO|exp=sim|one_way=True|policy=wait|robots=3|seed=19|width=1,1,True,3,ALO,wait,19,True,477.0,1204,1156,13.0,4,1,2,1,2948.29
algo=ALO|exp=sim|one_way=True|policy=replan|robots=3|seed=0|width=1,1,True,3,ALO,replan,0,True,531.0,1280,1106,62.0,23,8,7,1,2985.21
algo=ALO|exp=sim|one_way=True|policy=replan|robots=3|seed=2|width=1,1,True,3,ALO,replan,2,True,438.0,1130,1130,3.0,2,0,0,0,2939.73
algo=ALO|exp=sim|one_way=True|policy=replan|robots=3|seed=1|width=1,1,True,3,ALO,replan,1,True,501.0,1230,1140,40.33,18,6,4,1,2989.84
algo=ALO|exp=sim|one_way=True|policy=replan|robots=3|seed=3|width=1,1,True,3,ALO,replan,3,True,465.0,1156,1090,13.0,6,2,1,0,2944.14
algo=ALO|exp=sim|one_way=True|policy=replan|robots=3|seed=4|width=1,1,True,3,ALO,replan,4,True,447.0,1108,1024,29.0,12,5,4,1,2955.36
algo=ALO|exp=sim|one_way=True|policy=replan|robots=3|seed=5|width=1,1,True,3,ALO,replan,5,True,483.0,1154,1124,6.0,4,1,1,0,2983.04
algo=ALO|exp=sim|one_way=True|policy=replan|robots=3|seed=6|width=1,1,True,3,ALO,replan,6,True,550.0,1306,1114,43.0,20,11,6,0,2971.42
algo=ALO|exp=sim|one_way=True|policy=replan|robots=3|seed=7|width=1,1,True,3,ALO,replan,7,True,442.0,1144,1144,3.0,3,0,0,0,2997.93
algo=ALO|exp=sim|one_way=True|policy=replan|robots=3|seed=8|width=1,1,True,3,ALO,replan,8,True,546.0,1294,1204,21.0,10,3,2,0,2919.98
algo=ALO|exp=sim|one_way=True|policy=replan|robots=3|seed=9|width=1,1,True,3,ALO,replan,9,True,439.0,1060,992,29.0,14,3,3,1,2898.06
algo=ALO|exp=sim|one_way=True|policy=replan|robots=3|seed=10|width=1,1,True,3,ALO,replan,10,True,445.0,1082,1058,10.0,4,1,1,1,2905.37
algo=ALO|exp=sim|one_way=True|policy=replan|robots=3|seed=11|width=1,1,True,3,ALO,replan,11,True,486.0,1198,1076,46.0,17,6,7,4,2899.1
algo=ALO|exp=sim|one_way=True|policy=replan|robots=3|seed=12|width=1,1,True,3,ALO,replan,12,True,514.0,1284,1192,37.0,13,5,6,3,2925.83
algo=ALO|exp=sim|one_way=True|policy=replan|robots=3|seed=13|width=1,1,True,3,ALO,replan,13,True,603.0,1452,1130,86.0,29,19,13,2,2913.99
algo=Hybrid|exp=sim|one_way=True|policy=wait|robots=3|seed=0|width=1,1,True,3,Hybrid,wait,0,True,456.0,1090,1038,20.0,8,2,2,0,7.4
algo=ALO|exp=sim|one_way=True|policy=replan|robots=3|seed=14|width=1,1,True,3,ALO,replan,14,True,467.0,1104,1104,8.0,7,0,0,0,2919.87
algo=Hybrid|exp=sim|one_way=True|policy=wait|robots=3|seed=1|width=1,1,True,3,Hybrid,wait,1,True,457.0,1036,1012,30.0,19,1,1,0,7.87
algo=Hybrid|exp=sim|one_way=True|policy=wait|robots=3|seed=2|width=1,1,True,3,Hybrid,wait,2,True,466.0,1138,1030,25.0,9,4,4,0,6.53
algo=Hybrid|exp=sim|one_way=True|policy=wait|robots=3|seed=3|width=1,1,True,3,Hybrid,wait,3,True,486.0,1070,994,25.0,9,2,4,2,7.32
algo=Hybrid|exp=sim|one_way=True|policy=wait|robots=3|seed=4|width=1,1,True,3,Hybrid,wait,4,True,439.0,1048,984,19.0,7,3,3,0,7.26
algo=Hybrid|exp=sim|one_way=True|policy=wait|robots=3|seed=5|width=1,1,True,3,Hybrid,wait,5,True,437.0,968,930,30.0,15,1,2,1,8.27
algo=Hybrid|exp=sim|one_way=True|policy=wait|robots=3|seed=6|width=1,1,True,3,Hybrid,wait,6,True,427.0,1064,1030,30.0,16,2,3,1,6.32
algo=Hybrid|exp=sim|one_way=True|policy=wait|robots=3|seed=7|width=1,1,True,3,Hybrid,wait,7,True,453.0,1012,976,16.0,14,1,1,0,7.39
algo=Hybrid|exp=sim|one_way=True|policy=wait|robots=3|seed=8|width=1,1,True,3,Hybrid,wait,8,True,428.0,1098,1076,21.0,16,0,1,1,6.78
algo=Hybrid|exp=sim|one_way=True|policy=wait|robots=3|seed=9|width=1,1,True,3,Hybrid,wait,9,True,401.0,932,880,14.0,5,2,2,0,6.03
algo=Hybrid|exp=sim|one_way=True|policy=wait|robots=3|seed=10|width=1,1,True,3,Hybrid,wait,10,True,479.0,1114,992,67.86,21,5,11,4,6.54
algo=Hybrid|exp=sim|one_way=True|policy=wait|robots=3|seed=11|width=1,1,True,3,Hybrid,wait,11,True,424.0,1066,996,22.0,13,2,3,1,7.45
algo=Hybrid|exp=sim|one_way=True|policy=wait|robots=3|seed=12|width=1,1,True,3,Hybrid,wait,12,True,414.0,1020,998,17.0,8,1,1,0,6.82
algo=Hybrid|exp=sim|one_way=True|policy=wait|robots=3|seed=13|width=1,1,True,3,Hybrid,wait,13,True,460.0,1082,1038,18.0,6,2,2,0,6.0
algo=Hybrid|exp=sim|one_way=True|policy=wait|robots=3|seed=14|width=1,1,True,3,Hybrid,wait,14,True,499.0,1072,1022,30.0,13,2,3,1,8.48
algo=Hybrid|exp=sim|one_way=True|policy=wait|robots=3|seed=15|width=1,1,True,3,Hybrid,wait,15,True,474.0,1144,976,58.0,19,5,8,3,7.13
algo=Hybrid|exp=sim|one_way=True|policy=wait|robots=3|seed=16|width=1,1,True,3,Hybrid,wait,16,True,379.0,962,930,16.0,9,1,1,0,7.67
algo=Hybrid|exp=sim|one_way=True|policy=wait|robots=3|seed=17|width=1,1,True,3,Hybrid,wait,17,True,478.0,1178,1004,53.0,21,5,6,1,8.98
algo=Hybrid|exp=sim|one_way=True|policy=wait|robots=3|seed=18|width=1,1,True,3,Hybrid,wait,18,True,435.0,970,852,27.0,9,4,4,0,8.04
algo=Hybrid|exp=sim|one_way=True|policy=wait|robots=3|seed=19|width=1,1,True,3,Hybrid,wait,19,True,404.0,1038,1038,7.0,5,0,0,0,8.32
algo=Hybrid|exp=sim|one_way=True|policy=replan|robots=3|seed=0|width=1,1,True,3,Hybrid,replan,0,True,454.0,1092,1038,12.0,6,2,1,0,7.57
algo=Hybrid|exp=sim|one_way=True|policy=replan|robots=3|seed=1|width=1,1,True,3,Hybrid,replan,1,True,457.0,1036,1012,30.0,19,1,1,0,8.33
algo=Hybrid|exp=sim|one_way=True|policy=replan|robots=3|seed=2|width=1,1,True,3,Hybrid,replan,2,True,493.0,1246,1030,33.0,13,9,5,0,6.41
algo=Hybrid|exp=sim|one_way=True|policy=replan|robots=3|seed=3|width=1,1,True,3,Hybrid,replan,3,True,521.0,1182,994,43.0,14,11,7,2,7.15
algo=Hybrid|exp=sim|one_way=True|policy=replan|robots=3|seed=4|width=1,1,True,3,Hybrid,replan,4,True,496.0,1176,984,62.0,22,9,9,4,6.98
algo=Hybrid|exp=sim|one_way=True|policy=replan|robots=3|seed=5|width=1,1,True,3,Hybrid,replan,5,True,437.0,968,930,30.0,15,1,2,1,8.01
algo=Hybrid|exp=sim|one_way=True|policy=replan|robots=3|seed=6|width=1,1,True,3,Hybrid,replan,6,True,486.0,1118,1030,42.0,18,6,5,1,6.05
algo=Hybrid|exp=sim|one_way=True|policy=replan|robots=3|seed=7|width=1,1,True,3,Hybrid,replan,7,True,462.0,1048,976,29.0,14,2,2,1,8.8
algo=Hybrid|exp=sim|one_way=True|policy=replan|robots=3|seed=8|width=1,1,True,3,Hybrid,replan,8,True,428.0,1098,1076,21.0,16,0,1,1,6.62
algo=Hybrid|exp=sim|one_way=True|policy=replan|robots=3|seed=9|width=1,1,True,3,Hybrid,replan,9,True,399.0,934,880,6.0,2,2,1,0,5.96
algo=Hybrid|exp=sim|one_way=True|policy=replan|robots=3|seed=10|width=1,1,True,3,Hybrid,replan,10,True,430.0,1090,992,29.84,10,6,4,1,6.6
algo=Hybrid|exp=sim|one_way=True|policy=replan|robots=3|seed=11|width=1,1,True,3,Hybrid,replan,11,True,463.0,1134,996,32.0,14,7,5,1,7.53
algo=Hybrid|exp=sim|one_way=True|policy=replan|robots=3|seed=12|width=1,1,True,3,Hybrid,replan,12,True,414.0,1020,998,17.0,8,1,1,0,6.91
algo=Hybrid|exp=sim|one_way=True|policy=replan|robots=3|seed=13|width=1,1,True,3,Hybrid,replan,13,True,551.0,1226,1038,44.0,15,11,7,1,6.02
algo=Hybrid|exp=sim|one_way=True|policy=replan|robots=3|seed=14|width=1,1,True,3,Hybrid,replan,14,True,441.0,1052,1022,9.0,5,1,1,1,8.62
algo=Hybrid|exp=sim|one_way=True|policy=replan|robots=3|seed=15|width=1,1,True,3,Hybrid,replan,15,True,394.0,1002,976,22.0,12,3,2,1,7.38
algo=Hybrid|exp=sim|one_way=True|policy=replan|robots=3|seed=16|width=1,1,True,3,Hybrid,replan,16,True,428.0,1038,930,33.0,15,6,4,1,7.52
algo=Hybrid|exp=sim|one_way=True|policy=replan|robots=3|seed=17|width=1,1,True,3,Hybrid,replan,17,True,458.0,1098,1004,26.0,13,5,3,0,9.18
algo=Hybrid|exp=sim|one_way=True|policy=replan|robots=3|seed=18|width=1,1,True,3,Hybrid,replan,18,True,451.0,1032,852,41.0,14,8,6,1,8.3
algo=Hybrid|exp=sim|one_way=True|policy=replan|robots=3|seed=19|width=1,1,True,3,Hybrid,replan,19,True,404.0,1038,1038,7.0,5,0,0,0,8.18
algo=HeldKarp|exp=sim|one_way=True|policy=wait|robots=5|seed=0|width=1,1,True,5,HeldKarp,wait,0,True,498.0,1884,1670,158.36,62,7,21,13,34.4
algo=HeldKarp|exp=sim|one_way=True|policy=wait|robots=5|seed=1|width=1,1,True,5,HeldKarp,wait,1,True,547.0,1948,1692,104.67,36,9,14,3,35.59
algo=HeldKarp|exp=sim|one_way=True|policy=wait|robots=5|seed=3|width=1,1,True,5,HeldKarp,wait,3,True,561.0,1844,1650,101.68,41,5,11,5,33.94
algo=HeldKarp|exp=sim|one_way=True|policy=wait|robots=5|seed=2|width=1,1,True,5,HeldKarp,wait,2,True,464.0,1876,1732,97.31,35,5,13,7,33.74
algo=HeldKarp|exp=sim|one_way=True|policy=wait|robots=5|seed=5|width=1,1,True,5,HeldKarp,wait,5,True,457.0,1712,1592,122.39,46,4,13,8,33.65
algo=HeldKarp|exp=sim|one_way=True|policy=wait|robots=5|seed=4|width=1,1,True,5,HeldKarp,wait,4,True,463.0,1810,1636,87.0,39,7,10,3,34.67
algo=HeldKarp|exp=sim|one_way=True|policy=wait|robots=5|seed=6|width=1,1,True,5,HeldKarp,wait,6,True,510.0,1902,1760,59.0,30,4,4,0,33.86
algo=HeldKarp|exp=sim|one_way=True|policy=wait|robots=5|seed=7|width=1,1,True,5,HeldKarp,wait,7,True,535.0,1964,1678,139.0,55,11,21,10,35.2
algo=HeldKarp|exp=sim|one_way=True|policy=wait|robots=5|seed=9|width=1,1,True,5,HeldKarp,wait,9,True,407.0,1596,1562,56.0,27,1,6,5,33.68
algo=HeldKarp|exp=sim|one_way=True|policy=wait|robots=5|seed=8|width=1,1,True,5,HeldKarp,wait,8,True,487.0,1908,1766,105.32,39,5,13,6,33.58
algo=ALO|exp=sim|one_way=True|policy=replan|robots=3|seed=17|width=1,1,True,3,ALO,replan,17,True,455.0,1156,1080,20.0,7,3,3,1,2946.84
algo=HeldKarp|exp=sim|one_way=True|policy=wait|robots=5|seed=10|width=1,1,True,5,HeldKarp,wait,10,True,501.0,1896,1600,184.61,65,10,27,15,33.52
algo=HeldKarp|exp=sim|one_way=True|policy=wait|robots=5|seed=11|width=1,1,True,5,HeldKarp,wait,11,True,459.0,1736,1612,127.0,51,2,18,16,33.75
algo=ALO|exp=sim|one_way=True|policy=replan|robots=3|seed=16|width=1,1,True,3,ALO,replan,16,True,457.0,1066,982,19.0,7,5,3,0,2997.7
algo=ALO|exp=sim|one_way=True|policy=replan|robots=3|seed=15|width=1,1,True,3,ALO,replan,15,True,502.0,1182,1076,61.0,22,5,9,6,3005.86
algo=ALO|exp=sim|one_way=True|policy=replan|robots=3|seed=18|width=1,1,True,3,ALO,replan,18,True,444.0,1108,970,25.0,12,6,3,0,2949.04
algo=HeldKarp|exp=sim|one_way=True|policy=wait|robots=5|seed=12|width=1,1,True,5,HeldKarp,wait,12,True,515.0,1844,1660,102.0,43,4,12,8,34.18
algo=HeldKarp|exp=sim|one_way=True|policy=wait|robots=5|seed=16|width=1,1,True,5,HeldKarp,wait,16,True,425.0,1646,1602,23.0,11,2,2,0,33.42
algo=HeldKarp|exp=sim|one_way=True|policy=wait|robots=5|seed=15|width=1,1,True,5,HeldKarp,wait,15,True,518.0,1924,1726,102.61,42,8,13,4,34.78
algo=HeldKarp|exp=sim|one_way=True|policy=wait|robots=5|seed=14|width=1,1,True,5,HeldKarp,wait,14,True,529.0,1912,1700,108.0,45,6,13,7,34.35
algo=HeldKarp|exp=sim|one_way=True|policy=wait|robots=5|seed=13|width=1,1,True,5,HeldKarp,wait,13,True,530.0,1952,1692,223.83,69,11,32,17,45.43
algo=HeldKarp|exp=sim|one_way=True|policy=wait|robots=5|seed=17|width=1,1,True,5,HeldKarp,wait,17,True,522.0,1872,1628,145.39,55,9,20,10,33.98
algo=ALO|exp=sim|one_way=True|policy=replan|robots=3|seed=19|width=1,1,True,3,ALO,replan,19,True,518.0,1240,1156,27.0,11,3,3,1,3021.05
algo=HeldKarp|exp=sim|one_way=True|policy=wait|robots=5|seed=18|width=1,1,True,5,HeldKarp,wait,18,True,491.0,1750,1546,140.78,57,7,16,8,33.68
algo=HeldKarp|exp=sim|one_way=True|policy=wait|robots=5|seed=19|width=1,1,True,5,HeldKarp,wait,19,True,500.0,1966,1688,163.0,61,8,21,13,34.6
algo=HeldKarp|exp=sim|one_way=True|policy=replan|robots=5|seed=1|width=1,1,True,5,HeldKarp,replan,1,True,509.0,1888,1692,92.98,45,9,14,7,33.91
algo=HeldKarp|exp=sim|one_way=True|policy=replan|robots=5|seed=2|width=1,1,True,5,HeldKarp,replan,2,True,464.0,1876,1732,97.31,35,6,13,7,34.54
algo=HeldKarp|exp=sim|one_way=True|policy=replan|robots=5|seed=0|width=1,1,True,5,HeldKarp,replan,0,True,589.0,1976,1670,150.0,56,12,22,14,34.1
algo=HeldKarp|exp=sim|one_way=True|policy=replan|robots=5|seed=3|width=1,1,True,5,HeldKarp,replan,3,True,492.0,1838,1650,93.0,41,9,12,7,34.54
algo=HeldKarp|exp=sim|one_way=True|policy=replan|robots=5|seed=4|width=1,1,True,5,HeldKarp,replan,4,True,471.0,1824,1636,96.0,42,7,12,9,33.47
algo=HeldKarp|exp=sim|one_way=True|policy=replan|robots=5|seed=5|width=1,1,True,5,HeldKarp,replan,5,True,564.0,1986,1592,149.39,53,21,24,10,34.91
algo=HeldKarp|exp=sim|one_way=True|policy=replan|robots=5|seed=6|width=1,1,True,5,HeldKarp,replan,6,True,533.0,1926,1760,58.0,30,5,4,0,36.37
algo=HeldKarp|exp=sim|one_way=True|policy=replan|robots=5|seed=9|width=1,1,True,5,HeldKarp,replan,9,True,407.0,1588,1562,33.0,19,1,2,2,35.73
algo=HeldKarp|exp=sim|one_way=True|policy=replan|robots=5|seed=7|width=1,1,True,5,HeldKarp,replan,7,True,582.0,2052,1678,188.65,66,17,29,15,34.4
algo=HeldKarp|exp=sim|one_way=True|policy=replan|robots=5|seed=8|width=1,1,True,5,HeldKarp,replan,8,True,699.0,2194,1766,240.27,92,22,34,21,34.4
algo=HeldKarp|exp=sim|one_way=True|policy=replan|robots=5|seed=10|width=1,1,True,5,HeldKarp,replan,10,True,488.0,1850,1600,124.0,50,12,15,8,34.78
algo=HeldKarp|exp=sim|one_way=True|policy=replan|robots=5|seed=11|width=1,1,True,5,HeldKarp,replan,11,True,586.0,2020,1612,207.14,82,19,27,19,34.29
algo=HeldKarp|exp=sim|one_way=True|policy=replan|robots=5|seed=12|width=1,1,True,5,HeldKarp,replan,12,True,493.0,1880,1660,80.02,31,7,11,5,33.96
algo=HeldKarp|exp=sim|one_way=True|policy=replan|robots=5|seed=14|width=1,1,True,5,HeldKarp,replan,14,True,498.0,1884,1700,88.0,38,7,10,5,33.68
algo=HeldKarp|exp=sim|one_way=True|policy=replan|robots=5|seed=13|width=1,1,True,5,HeldKarp,replan,13,True,538.0,2028,1692,210.22,60,18,33,15,33.42
algo=HeldKarp|exp=sim|one_way=True|policy=replan|robots=5|seed=15|width=1,1,True,5,HeldKarp,replan,15,True,518.0,1972,1726,87.0,43,11,10,5,33.49
algo=HeldKarp|exp=sim|one_way=True|policy=replan|robots=5|seed=16|width=1,1,True,5,HeldKarp,replan,16,True,450.0,1698,1602,42.0,19,4,5,2,32.93
algo=HeldKarp|exp=sim|one_way=True|policy=replan|robots=5|seed=17|width=1,1,True,5,HeldKarp,replan,17,True,529.0,1968,1628,135.39,52,16,19,8,33.95
algo=HeldKarp|exp=sim|one_way=True|policy=replan|robots=5|seed=18|width=1,1,True,5,HeldKarp,replan,18,True,636.0,2046,1546,237.78,83,22,34,21,33.37
algo=NN|exp=sim|one_way=True|policy=wait|robots=5|seed=0|width=1,1,True,5,NN,wait,0,True,546.0,1956,1728,113.66,35,7,14,4,0.31
algo=NN|exp=sim|one_way=True|policy=wait|robots=5|seed=1|width=1,1,True,5,NN,wait,1,True,500.0,1938,1762,126.0,51,9,16,7,0.31
algo=HeldKarp|exp=sim|one_way=True|policy=replan|robots=5|seed=19|width=1,1,True,5,HeldKarp,replan,19,True,509.0,2074,1688,129.06,50,15,17,7,33.7
algo=NN|exp=sim|one_way=True|policy=wait|robots=5|seed=2|width=1,1,True,5,NN,wait,2,True,553.0,2102,1834,160.0,75,9,15,6,0.37
algo=NN|exp=sim|one_way=True|policy=wait|robots=5|seed=3|width=1,1,True,5,NN,wait,3,True,541.0,1986,1716,285.16,99,10,36,24,0.34
algo=NN|exp=sim|one_way=True|policy=wait|robots=5|seed=4|width=1,1,True,5,NN,wait,4,True,507.0,1900,1696,130.64,48,8,16,7,0.32
algo=NN|exp=sim|one_way=True|policy=wait|robots=5|seed=5|width=1,1,True,5,NN,wait,5,True,514.0,1894,1666,135.42,52,7,15,7,0.34
algo=NN|exp=sim|one_way=True|policy=wait|robots=5|seed=6|width=1,1,True,5,NN,wait,6,True,539.0,2000,1798,258.26,90,8,32,21,0.35
algo=NN|exp=sim|one_way=True|policy=wait|robots=5|seed=7|width=1,1,True,5,NN,wait,7,True,529.0,1950,1750,135.25,52,7,18,10,0.35
algo=NN|exp=sim|one_way=True|policy=wait|robots=5|seed=9|width=1,1,True,5,NN,wait,9,True,495.0,1780,1592,187.36,67,5,25,17,0.54
algo=NN|exp=sim|one_way=True|policy=wait|robots=5|seed=8|width=1,1,True,5,NN,wait,8,True,526.0,2004,1846,153.29,62,6,19,12,0.38
algo=NN|exp=sim|one_way=True|policy=wait|robots=5|seed=11|width=1,1,True,5,NN,wait,11,True,579.0,1934,1682,103.36,43,8,13,4,0.32
algo=NN|exp=sim|one_way=True|policy=wait|robots=5|seed=10|width=1,1,True,5,NN,wait,10,True,587.6619021836793,2044,1656,273.6,88,13,43,26,0.37
algo=NN|exp=sim|one_way=True|policy=wait|robots=5|seed=12|width=1,1,True,5,NN,wait,12,True,538.0,2040,1702,167.25,56,13,25,9,0.35
algo=NN|exp=sim|one_way=True|policy=wait|robots=5|seed=13|width=1,1,True,5,NN,wait,13,True,494.0,1944,1750,81.0,33,6,11,5,0.33
algo=NN|exp=sim|one_way=True|policy=wait|robots=5|seed=14|width=1,1,True,5,NN,wait,14,True,540.0,2010,1764,132.07,46,8,17,8,0.34
algo=NN|exp=sim|one_way=True|policy=wait|robots=5|seed=16|width=1,1,True,5,NN,wait,16,True,468.0,1806,1680,91.5,38,4,10,5,0.37
algo=NN|exp=sim|one_way=True|policy=wait|robots=5|seed=15|width=1,1,True,5,NN,wait,15,True,514.0,2044,1788,130.08,53,8,16,5,0.35
algo=NN|exp=sim|one_way=True|policy=wait|robots=5|seed=17|width=1,1,True,5,NN,wait,17,True,519.0,1980,1698,135.69,46,10,20,9,0.31
algo=NN|exp=sim|one_way=True|policy=wait|robots=5|seed=18|width=1,1,True,5,NN,wait,18,True,481.0,1822,1624,105.0,46,5,14,9,0.52
algo=NN|exp=sim|one_way=True|policy=wait|robots=5|seed=19|width=1,1,True,5,NN,wait,19,True,551.0,2038,1770,245.88,83,7,30,16,0.33
algo=NN|exp=sim|one_way=True|policy=replan|robots=5|seed=0|width=1,1,True,5,NN,replan,0,True,591.0,1968,1728,108.0,43,14,12,4,0.33
algo=NN|exp=sim|one_way=True|policy=replan|robots=5|seed=1|width=1,1,True,5,NN,replan,1,True,631.0,2092,1762,209.0,77,19,30,17,0.33
algo=NN|exp=sim|one_way=True|policy=replan|robots=5|seed=3|width=1,1,True,5,NN,replan,3,True,561.0,2082,1716,225.74,94,18,30,15,0.37
algo=NN|exp=sim|one_way=True|policy=replan|robots=5|seed=2|width=1,1,True,5,NN,replan,2,True,615.0596459201241,2310,1834,209.64,89,23,21,8,0.37
algo=NN|exp=sim|one_way=True|policy=replan|robots=5|seed=4|width=1,1,True,5,NN,replan,4,True,515.0,2026,1696,158.64,62,12,22,14,0.36
algo=NN|exp=sim|one_way=True|policy=replan|robots=5|seed=5|width=1,1,True,5,NN,replan,5,True,586.0,2020,1666,205.42,75,19,25,13,0.34
algo=NN|exp=sim|one_way=True|policy=replan|robots=5|seed=6|width=1,1,True,5,NN,replan,6,True,558.0,2046,1798,125.0,50,16,17,10,0.36
algo=NN|exp=sim|one_way=True|policy=replan|robots=5|seed=7|width=1,1,True,5,NN,replan,7,True,572.0,2108,1750,154.69,56,18,20,10,0.31
algo=NN|exp=sim|one_way=True|policy=replan|robots=5|seed=9|width=1,1,True,5,NN,replan,9,True,455.0,1746,1592,82.93,43,8,8,2,0.38
algo=NN|exp=sim|one_way=True|policy=replan|robots=5|seed=8|width=1,1,True,5,NN,replan,8,True,616.0,2288,1846,191.25,73,20,25,11,0.33
algo=NN|exp=sim|one_way=True|policy=replan|robots=5|seed=11|width=1,1,True,5,NN,replan,11,True,558.0,2012,1682,132.36,51,17,19,9,0.31
algo=NN|exp=sim|one_way=True|policy=replan|robots=5|seed=12|width=1,1,True,5,NN,replan,12,True,533.0,2050,1702,156.48,55,16,24,12,0.33
algo=NN|exp=sim|one_way=True|policy=replan|robots=5|seed=10|width=1,1,True,5,NN,replan,10,True,597.0,2142,1656,266.13,87,22,43,26,0.31
algo=NN|exp=sim|one_way=True|policy=replan|robots=5|seed=13|width=1,1,True,5,NN,replan,13,True,543.0,2050,1750,79.0,35,14,11,3,0.34
algo=NN|exp=sim|one_way=True|policy=replan|robots=5|seed=14|width=1,1,True,5,NN,replan,14,True,534.0,2012,1764,121.0,45,14,17,9,0.3
algo=NN|exp=sim|one_way=True|policy=replan|robots=5|seed=16|width=1,1,True,5,NN,replan,16,True,526.0,1944,1680,181.83,69,19,20,9,0.3
algo=NN|exp=sim|one_way=True|policy=replan|robots=5|seed=15|width=1,1,True,5,NN,replan,15,True,668.0,2260,1788,234.0,93,21,30,19,0.34
algo=NN|exp=sim|one_way=True|policy=replan|robots=5|seed=17|width=1,1,True,5,NN,replan,17,True,555.0,2086,1698,174.1,65,19,24,10,0.34
algo=NN|exp=sim|one_way=True|policy=replan|robots=5|seed=18|width=1,1,True,5,NN,replan,18,True,518.0,1994,1624,216.98,76,17,29,15,0.32
algo=NN|exp=sim|one_way=True|policy=replan|robots=5|seed=19|width=1,1,True,5,NN,replan,19,True,560.0,2036,1770,198.58,71,10,27,17,0.3
algo=NN2opt|exp=sim|one_way=True|policy=wait|robots=5|seed=0|width=1,1,True,5,NN2opt,wait,0,True,510.0,1824,1704,110.0,49,4,11,7,1.97
algo=NN2opt|exp=sim|one_way=True|policy=wait|robots=5|seed=1|width=1,1,True,5,NN2opt,wait,1,True,534.0,1922,1754,134.0,61,7,16,9,1.75
algo=NN2opt|exp=sim|one_way=True|policy=wait|robots=5|seed=2|width=1,1,True,5,NN2opt,wait,2,True,560.0,2102,1828,166.0,77,10,16,6,1.88
algo=NN2opt|exp=sim|one_way=True|policy=wait|robots=5|seed=5|width=1,1,True,5,NN2opt,wait,5,True,452.0,1772,1634,81.0,32,4,8,4,2.7
algo=NN2opt|exp=sim|one_way=True|policy=wait|robots=5|seed=6|width=1,1,True,5,NN2opt,wait,6,True,539.0,2000,1798,258.26,90,8,32,21,1.83
algo=NN2opt|exp=sim|one_way=True|policy=wait|robots=5|seed=4|width=1,1,True,5,NN2opt,wait,4,True,470.0,1812,1668,90.0,40,7,9,2,3.02
algo=NN2opt|exp=sim|one_way=True|policy=wait|robots=5|seed=3|width=1,1,True,5,NN2opt,wait,3,True,541.0,1986,1716,285.16,99,10,36,24,1.72
algo=NN2opt|exp=sim|one_way=True|policy=wait|robots=5|seed=7|width=1,1,True,5,NN2opt,wait,7,True,488.0,1918,1730,103.25,41,7,13,5,1.94
algo=NN2opt|exp=sim|one_way=True|policy=wait|robots=5|seed=8|width=1,1,True,5,NN2opt,wait,8,True,551.0,1910,1798,143.29,56,6,18,11,2.11
algo=NN2opt|exp=sim|one_way=True|policy=wait|robots=5|seed=9|width=1,1,True,5,NN2opt,wait,9,True,495.0,1780,1592,187.36,67,5,25,17,1.77
algo=NN2opt|exp=sim|one_way=True|policy=wait|robots=5|seed=11|width=1,1,True,5,NN2opt,wait,11,True,609.0,1888,1664,157.36,59,6,23,16,1.85
algo=NN2opt|exp=sim|one_way=True|policy=wait|robots=5|seed=10|width=1,1,True,5,NN2opt,wait,10,True,587.6619021836793,2044,1656,273.6,88,13,43,26,1.69
algo=NN2opt|exp=sim|one_way=True|policy=wait|robots=5|seed=12|width=1,1,True,5,NN2opt,wait,12,True,578.0,2012,1696,193.94,73,12,32,18,1.74
algo=NN2opt|exp=sim|one_way=True|policy=wait|robots=5|seed=13|width=1,1,True,5,NN2opt,wait,13,True,506.0,1934,1722,104.0,44,7,13,6,1.97
algo=NN2opt|exp=sim|one_way=True|policy=wait|robots=5|seed=14|width=1,1,True,5,NN2opt,wait,14,True,601.0,2040,1724,164.33,71,8,21,12,2.15
algo=NN2opt|exp=sim|one_way=True|policy=wait|robots=5|seed=15|width=1,1,True,5,NN2opt,wait,15,True,536.0,2066,1786,128.08,54,8,16,5,1.72
algo=NN2opt|exp=sim|one_way=True|policy=wait|robots=5|seed=16|width=1,1,True,5,NN2opt,wait,16,True,534.0,1980,1642,218.5,79,9,29,19,2.04
algo=NN2opt|exp=sim|one_way=True|policy=wait|robots=5|seed=17|width=1,1,True,5,NN2opt,wait,17,True,556.0,2008,1692,160.98,55,12,22,8,1.83
algo=NN2opt|exp=sim|one_way=True|policy=wait|robots=5|seed=18|width=1,1,True,5,NN2opt,wait,18,True,515.0,1834,1586,123.0,53,6,18,12,1.87
algo=NN2opt|exp=sim|one_way=True|policy=wait|robots=5|seed=19|width=1,1,True,5,NN2opt,wait,19,True,465.0,1866,1736,116.07,53,3,15,11,1.95
algo=NN2opt|exp=sim|one_way=True|policy=replan|robots=5|seed=0|width=1,1,True,5,NN2opt,replan,0,True,499.0,1806,1704,57.0,37,4,3,1,2.13
algo=NN2opt|exp=sim|one_way=True|policy=replan|robots=5|seed=1|width=1,1,True,5,NN2opt,replan,1,True,534.0,1954,1754,140.0,63,10,17,10,1.83
algo=NN2opt|exp=sim|one_way=True|policy=replan|robots=5|seed=2|width=1,1,True,5,NN2opt,replan,2,True,654.0596459201241,2334,1828,239.64,99,24,26,13,1.84
algo=NN2opt|exp=sim|one_way=True|policy=replan|robots=5|seed=3|width=1,1,True,5,NN2opt,replan,3,True,561.0,2082,1716,225.74,94,18,30,15,1.8
algo=NN2opt|exp=sim|one_way=True|policy=replan|robots=5|seed=4|width=1,1,True,5,NN2opt,replan,4,True,576.0,1938,1668,132.0,56,14,17,7,2.13
algo=NN2opt|exp=sim|one_way=True|policy=replan|robots=5|seed=5|width=1,1,True,5,NN2opt,replan,5,True,510.0,1934,1634,132.0,50,13,13,6,2.26
algo=NN2opt|exp=sim|one_way=True|policy=replan|robots=5|seed=7|width=1,1,True,5,NN2opt,replan,7,True,484.0,1884,1730,87.45,34,11,11,5,1.97
algo=NN2opt|exp=sim|one_way=True|policy=replan|robots=5|seed=6|width=1,1,True,5,NN2opt,replan,6,True,558.0,2046,1798,125.0,50,16,17,10,1.78
algo=NN2opt|exp=sim|one_way=True|policy=replan|robots=5|seed=8|width=1,1,True,5,NN2opt,replan,8,True,571.0,2202,1798,167.25,67,17,23,12,2.36
algo=NN2opt|exp=sim|one_way=True|policy=replan|robots=5|seed=9|width=1,1,True,5,NN2opt,replan,9,True,455.0,1746,1592,82.93,43,8,8,2,1.77
algo=NN2opt|exp=sim|one_way=True|policy=replan|robots=5|seed=11|width=1,1,True,5,NN2opt,replan,11,True,485.0,1878,1664,119.31,47,8,14,11,1.99
algo=NN2opt|exp=sim|one_way=True|policy=replan|robots=5|seed=10|width=1,1,True,5,NN2opt,replan,10,True,597.0,2142,1656,266.13,87,22,43,26,1.8
algo=NN2opt|exp=sim|one_way=True|policy=replan|robots=5|seed=13|width=1,1,True,5,NN2opt,replan,13,True,568.0,2014,1722,114.0,47,12,15,6,2.08
algo=NN2opt|exp=sim|one_way=True|policy=replan|robots=5|seed=14|width=1,1,True,5,NN2opt,replan,14,True,511.0,1884,1724,96.34,41,8,13,9,2.23
algo=NN2opt|exp=sim|one_way=True|policy=replan|robots=5|seed=12|width=1,1,True,5,NN2opt,replan,12,True,591.2346213939824,2182,1696,218.49,80,25,33,14,2.26
algo=NN2opt|exp=sim|one_way=True|policy=replan|robots=5|seed=15|width=1,1,True,5,NN2opt,replan,15,True,596.0,2140,1786,184.0,77,14,24,17,1.86
algo=NN2opt|exp=sim|one_way=True|policy=replan|robots=5|seed=16|width=1,1,True,5,NN2opt,replan,16,True,482.0,1800,1642,117.5,46,6,12,7,2.11
algo=NN2opt|exp=sim|one_way=True|policy=replan|robots=5|seed=17|width=1,1,True,5,NN2opt,replan,17,True,487.0,1994,1692,147.69,62,16,19,7,1.77
algo=NN2opt|exp=sim|one_way=True|policy=replan|robots=5|seed=18|width=1,1,True,5,NN2opt,replan,18,True,505.0,1924,1586,150.63,54,15,23,11,1.91
algo=NN2opt|exp=sim|one_way=True|policy=replan|robots=5|seed=19|width=1,1,True,5,NN2opt,replan,19,True,465.0,1866,1736,116.07,53,4,15,11,2.13
algo=GA|exp=sim|one_way=True|policy=wait|robots=5|seed=1|width=1,1,True,5,GA,wait,1,True,544.0,1910,1698,103.0,44,6,13,7,5701.66
algo=GA|exp=sim|one_way=True|policy=wait|robots=5|seed=0|width=1,1,True,5,GA,wait,0,True,516.0,1928,1672,118.28,46,8,17,8,5709.41
algo=GA|exp=sim|one_way=True|policy=wait|robots=5|seed=2|width=1,1,True,5,GA,wait,2,True,529.0,1992,1780,132.62,48,10,18,7,5668.67
algo=GA|exp=sim|one_way=True|policy=wait|robots=5|seed=3|width=1,1,True,5,GA,wait,3,True,495.0,1848,1650,97.0,43,6,11,5,5668.61
algo=GA|exp=sim|one_way=True|policy=wait|robots=5|seed=4|width=1,1,True,5,GA,wait,4,True,451.0,1758,1666,120.03,46,5,15,9,5671.52
algo=GA|exp=sim|one_way=True|policy=wait|robots=5|seed=6|width=1,1,True,5,GA,wait,6,True,518.0,1934,1780,153.52,61,6,19,12,5690.01
algo=GA|exp=sim|one_way=True|policy=wait|robots=5|seed=5|width=1,1,True,5,GA,wait,5,True,481.0,1770,1592,78.0,31,7,11,4,5732.83
algo=GA|exp=sim|one_way=True|policy=wait|robots=5|seed=9|width=1,1,True,5,GA,wait,9,True,472.0,1736,1584,77.0,38,4,9,5,5643.73
algo=GA|exp=sim|one_way=True|policy=wait|robots=5|seed=8|width=1,1,True,5,GA,wait,8,True,486.0,1858,1784,99.22,46,4,12,7,5671.39
algo=GA|exp=sim|one_way=True|policy=wait|robots=5|seed=10|width=1,1,True,5,GA,wait,10,True,472.0,1812,1610,105.3,38,6,15,8,5654.98
algo=GA|exp=sim|one_way=True|policy=wait|robots=5|seed=7|width=1,1,True,5,GA,wait,7,True,501.0,1872,1690,153.0,60,5,19,14,5693.33
algo=GA|exp=sim|one_way=True|policy=wait|robots=5|seed=11|width=1,1,True,5,GA,wait,11,True,458.0,1736,1620,86.48,42,4,8,3,5640.39
algo=GA|exp=sim|one_way=True|policy=wait|robots=5|seed=12|width=1,1,True,5,GA,wait,12,True,455.0,1822,1702,78.0,33,6,8,2,5647.19
algo=GA|exp=sim|one_way=True|policy=wait|robots=5|seed=13|width=1,1,True,5,GA,wait,13,True,553.0,1930,1722,166.0,60,9,23,14,5669.55
algo=GA|exp=sim|one_way=True|policy=wait|robots=5|seed=14|width=1,1,True,5,GA,wait,14,True,526.0,1916,1704,158.19,56,8,24,15,5708.14
algo=GA|exp=sim|one_way=True|policy=wait|robots=5|seed=16|width=1,1,True,5,GA,wait,16,True,473.0,1736,1614,42.0,22,3,5,2,5695.68
algo=GA|exp=sim|one_way=True|policy=wait|robots=5|seed=15|width=1,1,True,5,GA,wait,15,True,509.0,1920,1758,128.0,55,5,18,13,5733.37
algo=GA|exp=sim|one_way=True|policy=wait|robots=5|seed=18|width=1,1,True,5,GA,wait,18,True,468.0,1672,1560,87.39,36,5,11,5,5718.55
algo=GA|exp=sim|one_way=True|policy=wait|robots=5|seed=17|width=1,1,True,5,GA,wait,17,True,493.0,1856,1658,126.0,48,5,18,13,5759.45
algo=GA|exp=sim|one_way=True|policy=wait|robots=5|seed=19|width=1,1,True,5,GA,wait,19,True,539.0,2004,1694,193.46,77,8,25,16,5704.44
algo=GA|exp=sim|one_way=True|policy=replan|robots=5|seed=0|width=1,1,True,5,GA,replan,0,True,491.0,1862,1672,80.28,36,11,12,4,5787.71
algo=GA|exp=sim|one_way=True|policy=replan|robots=5|seed=1|width=1,1,True,5,GA,replan,1,True,558.0,1972,1698,118.69,43,9,17,8,5711.08
algo=GA|exp=sim|one_way=True|policy=replan|robots=5|seed=2|width=1,1,True,5,GA,replan,2,True,528.0,2016,1780,134.0,52,11,17,10,5690.15
algo=GA|exp=sim|one_way=True|policy=replan|robots=5|seed=3|width=1,1,True,5,GA,replan,3,True,492.0,1808,1650,93.68,48,6,9,5,5703.9
algo=GA|exp=sim|one_way=True|policy=replan|robots=5|seed=4|width=1,1,True,5,GA,replan,4,True,539.0,2010,1666,235.32,88,16,33,24,5709.26
algo=GA|exp=sim|one_way=True|policy=replan|robots=5|seed=6|width=1,1,True,5,GA,replan,6,True,536.0,2074,1780,101.0,36,12,13,5,5702.75
algo=GA|exp=sim|one_way=True|policy=replan|robots=5|seed=5|width=1,1,True,5,GA,replan,5,True,462.0,1792,1592,83.0,35,8,10,5,5740.59
algo=GA|exp=sim|one_way=True|policy=replan|robots=5|seed=7|width=1,1,True,5,GA,replan,7,True,529.0,2000,1690,111.0,49,13,13,6,5717.13
algo=GA|exp=sim|one_way=True|policy=replan|robots=5|seed=8|width=1,1,True,5,GA,replan,8,True,486.0,1858,1784,99.22,46,4,12,7,5691.56
algo=GA|exp=sim|one_way=True|policy=replan|robots=5|seed=9|width=1,1,True,5,GA,replan,9,True,484.0,1746,1584,77.0,38,6,9,5,5692.22
algo=GA|exp=sim|one_way=True|policy=replan|robots=5|seed=10|width=1,1,True,5,GA,replan,10,True,577.0,2082,1610,212.85,70,21,33,16,5687.05
algo=GA|exp=sim|one_way=True|policy=replan|robots=5|seed=11|width=1,1,True,5,GA,replan,11,True,506.0,1792,1620,74.0,33,7,7,1,5699.41
algo=GA|exp=sim|one_way=True|policy=replan|robots=5|seed=12|width=1,1,True,5,GA,replan,12,True,519.0,1990,1702,174.31,64,13,21,12,5694.21
algo=GA|exp=sim|one_way=True|policy=replan|robots=5|seed=13|width=1,1,True,5,GA,replan,13,True,586.0,2034,1722,128.0,49,13,16,7,5741.2
algo=GA|exp=sim|one_way=True|policy=replan|robots=5|seed=14|width=1,1,True,5,GA,replan,14,True,523.0,1984,1704,124.56,53,12,16,6,5740.7
algo=ACO|exp=sim|one_way=True|policy=wait|robots=5|seed=0|width=1,1,True,5,ACO,wait,0,True,453.0,1852,1670,85.0,34,6,11,5,973.69
algo=ACO|exp=sim|one_way=True|policy=wait|robots=5|seed=1|width=1,1,True,5,ACO,wait,1,True,487.0,1872,1692,108.0,44,3,13,10,963.53
algo=ACO|exp=sim|one_way=True|policy=wait|robots=5|seed=2|width=1,1,True,5,ACO,wait,2,True,495.0,1970,1732,171.0,75,6,20,14,962.89
algo=ACO|exp=sim|one_way=True|policy=wait|robots=5|seed=3|width=1,1,True,5,ACO,wait,3,True,498.0,1714,1650,94.0,43,2,11,9,970.36
algo=ACO|exp=sim|one_way=True|policy=wait|robots=5|seed=4|width=1,1,True,5,ACO,wait,4,True,496.0,1796,1636,134.82,50,5,19,13,963.36
algo=ACO|exp=sim|one_way=True|policy=wait|robots=5|seed=5|width=1,1,True,5,ACO,wait,5,True,470.0,1684,1592,55.0,25,4,7,3,970.7
algo=ACO|exp=sim|one_way=True|policy=wait|robots=5|seed=6|width=1,1,True,5,ACO,wait,6,True,506.0,1900,1760,172.59,64,3,22,17,1031.27
algo=ACO|exp=sim|one_way=True|policy=wait|robots=5|seed=7|width=1,1,True,5,ACO,wait,7,True,516.0,1924,1678,122.0,49,6,13,7,1011.34
algo=ACO|exp=sim|one_way=True|policy=wait|robots=5|seed=8|width=1,1,True,5,ACO,wait,8,True,510.0,1880,1766,162.0,62,5,20,15,979.34
algo=ACO|exp=sim|one_way=True|policy=wait|robots=5|seed=9|width=1,1,True,5,ACO,wait,9,True,504.0,1762,1562,91.0,40,6,12,6,977.28
algo=GA|exp=sim|one_way=True|policy=replan|robots=5|seed=15|width=1,1,True,5,GA,replan,15,True,582.0,2140,1758,189.0,77,17,27,18,5707.67
algo=GA|exp=sim|one_way=True|policy=replan|robots=5|seed=16|width=1,1,True,5,GA,replan,16,True,473.0,1736,1614,42.0,22,4,5,2,5769.94
algo=GA|exp=sim|one_way=True|policy=replan|robots=5|seed=18|width=1,1,True,5,GA,replan,18,True,586.0,1916,1560,146.39,59,15,20,10,5743.81
algo=GA|exp=sim|one_way=True|policy=replan|robots=5|seed=17|width=1,1,True,5,GA,replan,17,True,499.0,1862,1658,126.0,48,6,18,13,5778.49
algo=GA|exp=sim|one_way=True|policy=replan|robots=5|seed=19|width=1,1,True,5,GA,replan,19,True,602.0,1968,1694,143.46,59,10,18,11,5771.9
algo=ACO|exp=sim|one_way=True|policy=wait|robots=5|seed=10|width=1,1,True,5,ACO,wait,10,True,478.0,1816,1600,184.15,67,6,23,14,963.21
algo=ACO|exp=sim|one_way=True|policy=wait|robots=5|seed=11|width=1,1,True,5,ACO,wait,11,True,485.0,1860,1612,130.36,56,9,15,5,972.1
algo=ACO|exp=sim|one_way=True|policy=wait|robots=5|seed=12|width=1,1,True,5,ACO,wait,12,True,552.0,1958,1660,167.33,63,12,24,9,974.67
algo=ACO|exp=sim|one_way=True|policy=wait|robots=5|seed=13|width=1,1,True,5,ACO,wait,13,True,483.0,1850,1692,169.22,75,4,18,13,962.27
algo=ACO|exp=sim|one_way=True|policy=wait|robots=5|seed=14|width=1,1,True,5,ACO,wait,14,True,491.0,1804,1700,62.0,36,3,6,3,965.94
algo=ACO|exp=sim|one_way=True|policy=wait|robots=5|seed=15|width=1,1,True,5,ACO,wait,15,True,496.0,1866,1726,125.0,57,6,13,7,962.65
algo=ACO|exp=sim|one_way=True|policy=wait|robots=5|seed=16|width=1,1,True,5,ACO,wait,16,True,512.0,1812,1602,175.16,65,7,24,15,963.24
algo=ACO|exp=sim|one_way=True|policy=wait|robots=5|seed=17|width=1,1,True,5,ACO,wait,17,True,522.5738242684848,1894,1628,217.64,82,7,29,18,965.57
algo=ACO|exp=sim|one_way=True|policy=wait|robots=5|seed=18|width=1,1,True,5,ACO,wait,18,True,509.0,1816,1546,282.76,100,6,34,25,965.84
algo=ACO|exp=sim|one_way=True|policy=wait|robots=5|seed=19|width=1,1,True,5,ACO,wait,19,True,524.0,1880,1688,148.18,58,4,21,15,968.79
algo=ACO|exp=sim|one_way=True|policy=replan|robots=5|seed=0|width=1,1,True,5,ACO,replan,0,True,506.0,1980,1670,145.0,60,17,20,10,977.91
algo=ACO|exp=sim|one_way=True|policy=replan|robots=5|seed=1|width=1,1,True,5,ACO,replan,1,True,487.0,1872,1692,108.0,44,4,13,10,965.72
algo=ACO|exp=sim|one_way=True|policy=replan|robots=5|seed=2|width=1,1,True,5,ACO,replan,2,True,642.0,2070,1732,194.46,74,13,29,21,976.22
algo=ACO|exp=sim|one_way=True|policy=replan|robots=5|seed=3|width=1,1,True,5,ACO,replan,3,True,498.0,1714,1650,94.0,43,3,11,9,972.83
algo=ACO|exp=sim|one_way=True|policy=replan|robots=5|seed=4|width=1,1,True,5,ACO,replan,4,True,547.0,2000,1636,113.82,43,13,16,9,996.56
algo=ACO|exp=sim|one_way=True|policy=replan|robots=5|seed=5|width=1,1,True,5,ACO,replan,5,True,460.0,1810,1592,104.0,49,11,12,7,1010.9
algo=ACO|exp=sim|one_way=True|policy=replan|robots=5|seed=6|width=1,1,True,5,ACO,replan,6,True,504.0,1980,1760,53.0,28,7,6,2,1034.1
algo=ACO|exp=sim|one_way=True|policy=replan|robots=5|seed=7|width=1,1,True,5,ACO,replan,7,True,480.0,1858,1678,158.48,59,10,19,11,997.53
algo=ACO|exp=sim|one_way=True|policy=replan|robots=5|seed=8|width=1,1,True,5,ACO,replan,8,True,483.0,1922,1766,116.0,52,5,14,10,994.94
algo=ACO|exp=sim|one_way=True|policy=replan|robots=5|seed=9|width=1,1,True,5,ACO,replan,9,True,560.0,1876,1562,110.98,45,14,14,6,990.18
algo=ACO|exp=sim|one_way=True|policy=replan|robots=5|seed=10|width=1,1,True,5,ACO,replan,10,True,465.0,1896,1600,102.69,49,12,11,4,997.93
algo=ACO|exp=sim|one_way=True|policy=replan|robots=5|seed=11|width=1,1,True,5,ACO,replan,11,True,467.0,1778,1612,78.36,34,6,10,6,979.29
algo=ACO|exp=sim|one_way=True|policy=replan|robots=5|seed=12|width=1,1,True,5,ACO,replan,12,True,620.0,2220,1660,174.13,68,28,23,6,977.79
algo=ACO|exp=sim|one_way=True|policy=replan|robots=5|seed=14|width=1,1,True,5,ACO,replan,14,True,490.0,1856,1700,76.0,41,8,8,3,975.23
algo=ACO|exp=sim|one_way=True|policy=replan|robots=5|seed=13|width=1,1,True,5,ACO,replan,13,True,511.0,1942,1692,199.22,69,9,28,23,980.42
algo=ACO|exp=sim|one_way=True|policy=replan|robots=5|seed=15|width=1,1,True,5,ACO,replan,15,True,560.0,2138,1726,179.0,66,21,26,13,976.23
algo=ACO|exp=sim|one_way=True|policy=replan|robots=5|seed=16|width=1,1,True,5,ACO,replan,16,True,488.0,1798,1602,116.0,47,11,15,11,970.02
algo=ACO|exp=sim|one_way=True|policy=replan|robots=5|seed=17|width=1,1,True,5,ACO,replan,17,True,470.0,1818,1628,115.59,49,7,14,7,971.71
algo=ACO|exp=sim|one_way=True|policy=replan|robots=5|seed=18|width=1,1,True,5,ACO,replan,18,True,513.0,1872,1546,184.39,71,14,26,16,968.05
algo=ACO|exp=sim|one_way=True|policy=replan|robots=5|seed=19|width=1,1,True,5,ACO,replan,19,True,474.0,1896,1688,100.0,45,8,14,9,963.66
algo=ALO|exp=sim|one_way=True|policy=wait|robots=5|seed=0|width=1,1,True,5,ALO,wait,0,True,562.0,1920,1800,100.0,43,6,11,5,4940.83
algo=ALO|exp=sim|one_way=True|policy=wait|robots=5|seed=2|width=1,1,True,5,ALO,wait,2,True,522.0,1936,1846,103.54,41,3,14,9,4927.27
algo=ALO|exp=sim|one_way=True|policy=wait|robots=5|seed=1|width=1,1,True,5,ALO,wait,1,True,654.0,2286,1858,253.54,90,13,35,20,4991.42
algo=ALO|exp=sim|one_way=True|policy=wait|robots=5|seed=3|width=1,1,True,5,ALO,wait,3,True,529.0,1994,1778,135.0,51,6,17,11,4977.85
algo=ALO|exp=sim|one_way=True|policy=wait|robots=5|seed=4|width=1,1,True,5,ALO,wait,4,True,449.0,1826,1708,83.95,34,3,10,6,4973.44
algo=ALO|exp=sim|one_way=True|policy=wait|robots=5|seed=5|width=1,1,True,5,ALO,wait,5,True,589.0,2082,1860,156.75,55,10,23,11,4953.8
algo=ALO|exp=sim|one_way=True|policy=wait|robots=5|seed=6|width=1,1,True,5,ALO,wait,6,True,513.0,2032,1886,162.01,67,6,18,11,4973.93
algo=ALO|exp=sim|one_way=True|policy=wait|robots=5|seed=8|width=1,1,True,5,ALO,wait,8,True,603.0,2166,1954,156.51,64,7,20,12,4870.7
algo=ALO|exp=sim|one_way=True|policy=wait|robots=5|seed=7|width=1,1,True,5,ALO,wait,7,True,518.0,2120,1914,105.17,39,9,16,6,4898.95
algo=ALO|exp=sim|one_way=True|policy=wait|robots=5|seed=10|width=1,1,True,5,ALO,wait,10,True,511.0,1970,1772,148.84,52,6,16,7,4885.28
algo=ALO|exp=sim|one_way=True|policy=wait|robots=5|seed=9|width=1,1,True,5,ALO,wait,9,True,521.0,1970,1726,171.27,57,9,25,11,4912.37
algo=ALO|exp=sim|one_way=True|policy=wait|robots=5|seed=11|width=1,1,True,5,ALO,wait,11,True,513.0,1944,1740,119.0,49,5,13,8,4927.16
algo=ALO|exp=sim|one_way=True|policy=wait|robots=5|seed=12|width=1,1,True,5,ALO,wait,12,True,527.0,2024,1896,103.79,41,3,16,11,4892.08
algo=ALO|exp=sim|one_way=True|policy=wait|robots=5|seed=13|width=1,1,True,5,ALO,wait,13,True,590.0,2140,1876,161.9,58,6,21,12,4971.04
algo=ALO|exp=sim|one_way=True|policy=wait|robots=5|seed=15|width=1,1,True,5,ALO,wait,15,True,501.0,1990,1904,89.61,39,3,9,5,4888.57
algo=ALO|exp=sim|one_way=True|policy=wait|robots=5|seed=14|width=1,1,True,5,ALO,wait,14,True,561.0,2152,1838,169.16,67,14,22,6,4894.29
algo=ALO|exp=sim|one_way=True|policy=wait|robots=5|seed=16|width=1,1,True,5,ALO,wait,16,True,542.0,2128,1830,168.38,53,11,19,4,4888.87
algo=ALO|exp=sim|one_way=True|policy=wait|robots=5|seed=17|width=1,1,True,5,ALO,wait,17,True,554.0,2060,1814,209.51,80,8,26,15,4964.5
algo=ALO|exp=sim|one_way=True|policy=wait|robots=5|seed=18|width=1,1,True,5,ALO,wait,18,True,581.0,1984,1754,250.83,91,7,34,24,4970.51
algo=ALO|exp=sim|one_way=True|policy=wait|robots=5|seed=19|width=1,1,True,5,ALO,wait,19,True,553.9761548533463,2218,1882,188.14,61,12,25,9,4886.14
algo=ALO|exp=sim|one_way=True|policy=replan|robots=5|seed=0|width=1,1,True,5,ALO,replan,0,True,704.0,2204,1800,151.39,59,17,18,6,5008.19
algo=ALO|exp=sim|one_way=True|policy=replan|robots=5|seed=1|width=1,1,True,5,ALO,replan,1,True,538.0,2042,1858,86.0,37,7,10,6,4968.33
algo=ALO|exp=sim|one_way=True|policy=replan|robots=5|seed=2|width=1,1,True,5,ALO,replan,2,True,529.7200315811034,2002,1846,89.44,33,9,11,4,5056.99
algo=ALO|exp=sim|one_way=True|policy=replan|robots=5|seed=3|width=1,1,True,5,ALO,replan,3,True,576.0,1994,1778,145.68,60,10,17,11,5064.37
algo=ALO|exp=sim|one_way=True|policy=replan|robots=5|seed=4|width=1,1,True,5,ALO,replan,4,True,471.0,1878,1708,83.95,37,6,9,4,5021.21
algo=ALO|exp=sim|one_way=True|policy=replan|robots=5|seed=5|width=1,1,True,5,ALO,replan,5,True,548.0,2058,1860,109.45,41,10,15,8,5044.73
algo=ALO|exp=sim|one_way=True|policy=replan|robots=5|seed=6|width=1,1,True,5,ALO,replan,6,True,522.0,2036,1886,126.0,50,4,16,15,4994.87
algo=ALO|exp=sim|one_way=True|policy=replan|robots=5|seed=7|width=1,1,True,5,ALO,replan,7,True,575.1024663845014,2154,1914,96.41,48,12,12,4,4934.05
algo=ALO|exp=sim|one_way=True|policy=replan|robots=5|seed=8|width=1,1,True,5,ALO,replan,8,True,603.0,2226,1954,110.0,49,11,15,8,4892.97
algo=ALO|exp=sim|one_way=True|policy=replan|robots=5|seed=9|width=1,1,True,5,ALO,replan,9,True,575.0,2040,1726,108.0,41,15,15,6,4881.19
algo=ALO|exp=sim|one_way=True|policy=replan|robots=5|seed=10|width=1,1,True,5,ALO,replan,10,True,557.0,2080,1772,128.0,54,11,16,10,4863.3
algo=ALO|exp=sim|one_way=True|policy=replan|robots=5|seed=11|width=1,1,True,5,ALO,replan,11,True,513.0,1944,1740,119.0,49,7,13,8,4899.77
algo=ALO|exp=sim|one_way=True|policy=replan|robots=5|seed=12|width=1,1,True,5,ALO,replan,12,True,578.0,2208,1896,195.63,71,17,30,17,4907.11
algo=ALO|exp=sim|one_way=True|policy=replan|robots=5|seed=13|width=1,1,True,5,ALO,replan,13,True,520.0,2030,1876,69.14,29,10,8,1,4906.61
algo=Hybrid|exp=sim|one_way=True|policy=wait|robots=5|seed=0|width=1,1,True,5,Hybrid,wait,0,True,467.0,1858,1672,117.0,46,8,16,8,11.87
algo=Hybrid|exp=sim|one_way=True|policy=wait|robots=5|seed=1|width=1,1,True,5,Hybrid,wait,1,True,464.0,1768,1692,44.0,23,3,4,1,11.28
algo=ALO|exp=sim|one_way=True|policy=replan|robots=5|seed=14|width=1,1,True,5,ALO,replan,14,True,638.0,2266,1838,143.35,57,21,20,7,4912.02
algo=Hybrid|exp=sim|one_way=True|policy=wait|robots=5|seed=2|width=1,1,True,5,Hybrid,wait,2,True,462.0,1848,1736,55.0,25,5,6,1,12.43
algo=Hybrid|exp=sim|one_way=True|policy=wait|robots=5|seed=3|width=1,1,True,5,Hybrid,wait,3,True,530.0,1948,1666,161.68,65,9,22,12,12.48
algo=Hybrid|exp=sim|one_way=True|policy=wait|robots=5|seed=4|width=1,1,True,5,Hybrid,wait,4,True,442.0,1734,1636,83.0,39,3,8,5,12.68
algo=Hybrid|exp=sim|one_way=True|policy=wait|robots=5|seed=5|width=1,1,True,5,Hybrid,wait,5,True,493.0,1748,1596,121.14,46,6,16,9,12.55
algo=Hybrid|exp=sim|one_way=True|policy=wait|robots=5|seed=6|width=1,1,True,5,Hybrid,wait,6,True,495.0,1928,1764,111.0,43,6,13,7,10.69
algo=Hybrid|exp=sim|one_way=True|policy=wait|robots=5|seed=7|width=1,1,True,5,Hybrid,wait,7,True,475.0,1830,1678,149.0,67,2,17,15,12.35
algo=Hybrid|exp=sim|one_way=True|policy=wait|robots=5|seed=8|width=1,1,True,5,Hybrid,wait,8,True,570.0,2008,1766,222.0,87,7,29,22,12.59
algo=Hybrid|exp=sim|one_way=True|policy=wait|robots=5|seed=9|width=1,1,True,5,Hybrid,wait,9,True,431.0,1618,1564,40.0,21,2,3,1,9.66
algo=Hybrid|exp=sim|one_way=True|policy=wait|robots=5|seed=10|width=1,1,True,5,Hybrid,wait,10,True,500.0,1780,1602,102.88,40,6,15,5,11.69
algo=Hybrid|exp=sim|one_way=True|policy=wait|robots=5|seed=11|width=1,1,True,5,Hybrid,wait,11,True,502.0,1790,1612,93.0,40,6,12,6,11.65
algo=Hybrid|exp=sim|one_way=True|policy=wait|robots=5|seed=12|width=1,1,True,5,Hybrid,wait,12,True,545.0,1900,1660,212.0,72,10,27,16,11.21
algo=Hybrid|exp=sim|one_way=True|policy=wait|robots=5|seed=13|width=1,1,True,5,Hybrid,wait,13,True,501.0,1922,1694,98.0,40,7,14,7,10.45
algo=Hybrid|exp=sim|one_way=True|policy=wait|robots=5|seed=14|width=1,1,True,5,Hybrid,wait,14,True,498.0,1828,1700,70.0,35,4,7,3,11.67
algo=Hybrid|exp=sim|one_way=True|policy=wait|robots=5|seed=15|width=1,1,True,5,Hybrid,wait,15,True,494.0,1844,1726,82.3,37,2,11,8,12.85
algo=Hybrid|exp=sim|one_way=True|policy=wait|robots=5|seed=16|width=1,1,True,5,Hybrid,wait,16,True,467.0,1746,1604,96.86,42,5,12,6,13.13
algo=Hybrid|exp=sim|one_way=True|policy=wait|robots=5|seed=17|width=1,1,True,5,Hybrid,wait,17,True,549.0,1922,1632,183.0,69,9,26,17,14.42
algo=Hybrid|exp=sim|one_way=True|policy=wait|robots=5|seed=18|width=1,1,True,5,Hybrid,wait,18,True,483.0,1736,1550,140.24,56,8,19,10,12.82
algo=Hybrid|exp=sim|one_way=True|policy=wait|robots=5|seed=19|width=1,1,True,5,Hybrid,wait,19,True,498.0,1898,1704,177.34,65,6,23,16,11.62
algo=Hybrid|exp=sim|one_way=True|policy=replan|robots=5|seed=0|width=1,1,True,5,Hybrid,replan,0,True,536.0,2050,1672,198.27,70,24,29,15,12.95
algo=Hybrid|exp=sim|one_way=True|policy=replan|robots=5|seed=1|width=1,1,True,5,Hybrid,replan,1,True,465.0,1766,1692,71.0,35,4,8,5,11.23
algo=Hybrid|exp=sim|one_way=True|policy=replan|robots=5|seed=2|width=1,1,True,5,Hybrid,replan,2,True,601.0,2154,1736,156.0,59,20,22,11,12.84
algo=Hybrid|exp=sim|one_way=True|policy=replan|robots=5|seed=4|width=1,1,True,5,Hybrid,replan,4,True,497.0,1858,1636,151.64,61,9,20,12,13.22
algo=Hybrid|exp=sim|one_way=True|policy=replan|robots=5|seed=5|width=1,1,True,5,Hybrid,replan,5,True,470.0,1772,1596,77.14,36,8,9,5,12.87
algo=Hybrid|exp=sim|one_way=True|policy=replan|robots=5|seed=3|width=1,1,True,5,Hybrid,replan,3,False,inf,9497,1666,1592.84,544,491,259,9,14.93
algo=Hybrid|exp=sim|one_way=True|policy=replan|robots=5|seed=6|width=1,1,True,5,Hybrid,replan,6,True,454.0,1854,1764,68.0,30,4,6,3,10.38
algo=Hybrid|exp=sim|one_way=True|policy=replan|robots=5|seed=7|width=1,1,True,5,Hybrid,replan,7,True,516.0,1998,1678,209.0,86,15,28,22,11.78
algo=Hybrid|exp=sim|one_way=True|policy=replan|robots=5|seed=8|width=1,1,True,5,Hybrid,replan,8,True,478.0,1928,1766,146.0,65,8,16,11,12.72
algo=Hybrid|exp=sim|one_way=True|policy=replan|robots=5|seed=9|width=1,1,True,5,Hybrid,replan,9,True,431.0,1618,1564,40.0,21,2,3,1,9.65
algo=Hybrid|exp=sim|one_way=True|policy=replan|robots=5|seed=10|width=1,1,True,5,Hybrid,replan,10,True,541.7036408568222,1994,1602,212.21,77,20,29,16,11.61
algo=Hybrid|exp=sim|one_way=True|policy=replan|robots=5|seed=11|width=1,1,True,5,Hybrid,replan,11,True,454.0,1766,1612,66.0,34,9,7,2,11.42
algo=Hybrid|exp=sim|one_way=True|policy=replan|robots=5|seed=12|width=1,1,True,5,Hybrid,replan,12,True,605.0,2162,1660,223.0,81,20,32,20,12.06
algo=Hybrid|exp=sim|one_way=True|policy=replan|robots=5|seed=13|width=1,1,True,5,Hybrid,replan,13,True,501.0,1922,1694,98.0,40,8,14,7,10.45
algo=Hybrid|exp=sim|one_way=True|policy=replan|robots=5|seed=14|width=1,1,True,5,Hybrid,replan,14,True,501.0,1852,1700,93.0,41,9,12,6,11.79
algo=Hybrid|exp=sim|one_way=True|policy=replan|robots=5|seed=15|width=1,1,True,5,Hybrid,replan,15,True,507.0,1854,1726,63.3,32,4,7,4,13.12
algo=Hybrid|exp=sim|one_way=True|policy=replan|robots=5|seed=16|width=1,1,True,5,Hybrid,replan,16,True,529.0,1908,1604,129.86,56,17,13,3,12.99
algo=Hybrid|exp=sim|one_way=True|policy=replan|robots=5|seed=17|width=1,1,True,5,Hybrid,replan,17,True,569.0,2174,1632,264.27,96,27,38,22,12.45
algo=Hybrid|exp=sim|one_way=True|policy=replan|robots=5|seed=18|width=1,1,True,5,Hybrid,replan,18,True,507.0,1824,1550,121.0,47,12,17,10,13.82
algo=Hybrid|exp=sim|one_way=True|policy=replan|robots=5|seed=19|width=1,1,True,5,Hybrid,replan,19,True,475.0,1904,1704,63.0,28,11,7,1,11.71
algo=HeldKarp|exp=sim|one_way=True|policy=wait|robots=10|seed=0|width=1,1,True,10,HeldKarp,wait,0,True,646.0633230325454,3862,3346,781.15,271,7,103,75,72.12
algo=HeldKarp|exp=sim|one_way=True|policy=wait|robots=10|seed=1|width=1,1,True,10,HeldKarp,wait,1,True,691.9283693425364,3952,3402,905.13,281,7,123,93,70.79
algo=HeldKarp|exp=sim|one_way=True|policy=wait|robots=10|seed=2|width=1,1,True,10,HeldKarp,wait,2,True,811.9538424993877,4130,3372,1654.11,348,12,251,121,69.52
algo=HeldKarp|exp=sim|one_way=True|policy=wait|robots=10|seed=3|width=1,1,True,10,HeldKarp,wait,3,True,577.0,3722,3226,789.6,279,9,102,72,67.79
algo=HeldKarp|exp=sim|one_way=True|policy=wait|robots=10|seed=4|width=1,1,True,10,HeldKarp,wait,4,True,590.0,3938,3438,758.15,272,7,83,69,78.26
algo=HeldKarp|exp=sim|one_way=True|policy=wait|robots=10|seed=5|width=1,1,True,10,HeldKarp,wait,5,True,493.0,3482,3182,436.26,169,1,46,37,66.93
algo=ALO|exp=sim|one_way=True|policy=replan|robots=5|seed=15|width=1,1,True,5,ALO,replan,15,True,650.0,2322,1904,142.61,57,19,18,7,5017.61
algo=ALO|exp=sim|one_way=True|policy=replan|robots=5|seed=16|width=1,1,True,5,ALO,replan,16,True,563.0,2166,1830,130.14,51,11,16,7,5012.24
algo=HeldKarp|exp=sim|one_way=True|policy=wait|robots=10|seed=6|width=1,1,True,10,HeldKarp,wait,6,True,608.0,3900,3438,772.56,264,8,83,62,69.7
algo=HeldKarp|exp=sim|one_way=True|policy=wait|robots=10|seed=7|width=1,1,True,10,HeldKarp,wait,7,True,640.6208071882329,4166,3372,1136.81,398,15,143,109,69.35
algo=ALO|exp=sim|one_way=True|policy=replan|robots=5|seed=17|width=1,1,True,5,ALO,replan,17,True,571.0,2070,1814,146.97,63,8,19,12,5041.08
algo=ALO|exp=sim|one_way=True|policy=replan|robots=5|seed=18|width=1,1,True,5,ALO,replan,18,True,581.0,1984,1754,250.83,91,9,34,24,5027.11
algo=HeldKarp|exp=sim|one_way=True|policy=wait|robots=10|seed=8|width=1,1,True,10,HeldKarp,wait,8,True,583.0,3876,3488,623.94,225,5,72,50,67.12
algo=HeldKarp|exp=sim|one_way=True|policy=wait|robots=10|seed=9|width=1,1,True,10,HeldKarp,wait,9,True,604.0,3674,3228,694.12,267,6,84,65,68.23
algo=ALO|exp=sim|one_way=True|policy=replan|robots=5|seed=19|width=1,1,True,5,ALO,replan,19,True,658.0,2350,1882,281.11,105,19,40,24,5031.25
algo=HeldKarp|exp=sim|one_way=True|policy=wait|robots=10|seed=10|width=1,1,True,10,HeldKarp,wait,10,True,705.6115797470877,3966,3190,1968.52,375,8,306,133,66.98
algo=HeldKarp|exp=sim|one_way=True|policy=wait|robots=10|seed=11|width=1,1,True,10,HeldKarp,wait,11,True,573.0,3762,3270,763.5,271,8,97,74,79.45
algo=HeldKarp|exp=sim|one_way=True|policy=wait|robots=10|seed=12|width=1,1,True,10,HeldKarp,wait,12,True,652.0,4000,3280,1112.83,369,11,151,112,66.74
algo=HeldKarp|exp=sim|one_way=True|policy=wait|robots=10|seed=13|width=1,1,True,10,HeldKarp,wait,13,True,626.5803935481357,4032,3376,1017.52,299,12,133,75,67.99
algo=HeldKarp|exp=sim|one_way=True|policy=wait|robots=10|seed=14|width=1,1,True,10,HeldKarp,wait,14,True,788.3954321813144,4122,3376,2069.85,396,9,320,150,70.19
algo=HeldKarp|exp=sim|one_way=True|policy=wait|robots=10|seed=15|width=1,1,True,10,HeldKarp,wait,15,True,556.0,3748,3352,677.82,256,8,72,54,67.75
algo=HeldKarp|exp=sim|one_way=True|policy=wait|robots=10|seed=16|width=1,1,True,10,HeldKarp,wait,16,True,598.0,3790,3192,904.57,298,10,116,78,69.55
algo=HeldKarp|exp=sim|one_way=True|policy=wait|robots=10|seed=18|width=1,1,True,10,HeldKarp,wait,18,True,563.0,3390,3072,561.28,220,5,61,51,70.04
algo=HeldKarp|exp=sim|one_way=True|policy=wait|robots=10|seed=17|width=1,1,True,10,HeldKarp,wait,17,True,719.0,4092,3218,1635.84,495,15,203,143,67.69
algo=HeldKarp|exp=sim|one_way=True|policy=wait|robots=10|seed=19|width=1,1,True,10,HeldKarp,wait,19,True,705.8030247092977,4046,3320,1184.7,383,14,150,107,69.68
algo=HeldKarp|exp=sim|one_way=True|policy=replan|robots=10|seed=0|width=1,1,True,10,HeldKarp,replan,0,True,667.0633230325454,3996,3346,842.27,283,14,113,80,68.58
algo=HeldKarp|exp=sim|one_way=True|policy=replan|robots=10|seed=3|width=1,1,True,10,HeldKarp,replan,3,True,695.0,3914,3226,880.2,305,25,114,79,69.18
algo=HeldKarp|exp=sim|one_way=True|policy=replan|robots=10|seed=1|width=1,1,True,10,HeldKarp,replan,1,True,661.0,4204,3402,1008.92,355,27,114,84,69.09
algo=HeldKarp|exp=sim|one_way=True|policy=replan|robots=10|seed=2|width=1,1,True,10,HeldKarp,replan,2,True,691.6082644093851,4232,3372,1218.34,370,27,168,119,70.03
algo=HeldKarp|exp=sim|one_way=True|policy=replan|robots=10|seed=4|width=1,1,True,10,HeldKarp,replan,4,True,615.0,3948,3438,688.71,254,19,80,64,68.92
algo=HeldKarp|exp=sim|one_way=True|policy=replan|robots=10|seed=5|width=1,1,True,10,HeldKarp,replan,5,True,493.0,3482,3182,436.26,169,2,46,37,68.58
algo=HeldKarp|exp=sim|one_way=True|policy=replan|robots=10|seed=6|width=1,1,True,10,HeldKarp,replan,6,True,575.0,3946,3438,650.8,239,18,72,53,67.9
algo=HeldKarp|exp=sim|one_way=True|policy=replan|robots=10|seed=7|width=1,1,True,10,HeldKarp,replan,7,True,617.2358362544394,3924,3372,1057.25,360,15,136,107,67.56
algo=HeldKarp|exp=sim|one_way=True|policy=replan|robots=10|seed=9|width=1,1,True,10,HeldKarp,replan,9,True,604.0,3674,3228,694.12,267,9,84,65,67.38
algo=HeldKarp|exp=sim|one_way=True|policy=replan|robots=10|seed=8|width=1,1,True,10,HeldKarp,replan,8,True,710.0,4400,3488,1072.55,341,30,143,103,67.64
algo=HeldKarp|exp=sim|one_way=True|policy=replan|robots=10|seed=11|width=1,1,True,10,HeldKarp,replan,11,True,568.3443052020482,3782,3270,792.95,232,20,107,66,67.1
algo=HeldKarp|exp=sim|one_way=True|policy=replan|robots=10|seed=12|width=1,1,True,10,HeldKarp,replan,12,True,565.0,3858,3280,763.31,271,17,104,72,67.47
algo=HeldKarp|exp=sim|one_way=True|policy=replan|robots=10|seed=10|width=1,1,True,10,HeldKarp,replan,10,True,781.0659599293842,4188,3190,1939.63,462,20,283,154,70.57
algo=HeldKarp|exp=sim|one_way=True|policy=replan|robots=10|seed=13|width=1,1,True,10,HeldKarp,replan,13,True,626.5803935481357,4148,3376,1082.34,324,24,143,89,66.87
algo=HeldKarp|exp=sim|one_way=True|policy=replan|robots=10|seed=14|width=1,1,True,10,HeldKarp,replan,14,True,705.1690581357927,4146,3376,1455.92,365,19,215,122,66.86
algo=HeldKarp|exp=sim|one_way=True|policy=replan|robots=10|seed=15|width=1,1,True,10,HeldKarp,replan,15,True,603.0,3946,3352,745.09,272,18,98,73,67.67
algo=HeldKarp|exp=sim|one_way=True|policy=replan|robots=10|seed=16|width=1,1,True,10,HeldKarp,replan,16,True,621.0,3940,3192,1086.64,366,18,144,116,69.1
algo=HeldKarp|exp=sim|one_way=True|policy=replan|robots=10|seed=18|width=1,1,True,10,HeldKarp,replan,18,True,518.7281729430765,3504,3072,658.7,237,14,80,62,73.43
algo=HeldKarp|exp=sim|one_way=True|policy=replan|robots=10|seed=17|width=1,1,True,10,HeldKarp,replan,17,True,642.3221705472505,3850,3218,1026.73,319,13,137,92,71.16
algo=NN|exp=sim|one_way=True|policy=wait|robots=10|seed=0|width=1,1,True,10,NN,wait,0,True,750.0,4280,3488,1340.31,379,17,164,97,0.72
algo=HeldKarp|exp=sim|one_way=True|policy=replan|robots=10|seed=19|width=1,1,True,10,HeldKarp,replan,19,True,615.0,4028,3320,1012.58,346,18,122,95,68.47
algo=NN|exp=sim|one_way=True|policy=wait|robots=10|seed=1|width=1,1,True,10,NN,wait,1,True,641.0,3946,3532,687.97,276,11,84,67,1.28
algo=NN|exp=sim|one_way=True|policy=wait|robots=10|seed=2|width=1,1,True,10,NN,wait,2,True,740.4064427807808,4232,3526,1239.79,385,8,162,109,0.82
algo=NN|exp=sim|one_way=True|policy=wait|robots=10|seed=3|width=1,1,True,10,NN,wait,3,True,562.0,3958,3358,732.98,251,12,82,58,0.81
algo=NN|exp=sim|one_way=True|policy=wait|robots=10|seed=5|width=1,1,True,10,NN,wait,5,True,602.0,3870,3308,842.32,296,9,88,69,0.75
algo=NN|exp=sim|one_way=True|policy=wait|robots=10|seed=4|width=1,1,True,10,NN,wait,4,True,707.6490660301488,4272,3578,1234.86,347,14,174,109,0.85
algo=NN|exp=sim|one_way=True|policy=wait|robots=10|seed=7|width=1,1,True,10,NN,wait,7,True,658.0,4092,3492,1021.9,382,16,108,84,0.76
algo=NN|exp=sim|one_way=True|policy=wait|robots=10|seed=6|width=1,1,True,10,NN,wait,6,True,712.383597551353,4218,3530,1345.33,361,11,179,117,0.78
algo=NN|exp=sim|one_way=True|policy=wait|robots=10|seed=8|width=1,1,True,10,NN,wait,8,True,704.6254335024475,4344,3632,1055.45,322,15,143,83,0.64
algo=NN|exp=sim|one_way=True|policy=wait|robots=10|seed=9|width=1,1,True,10,NN,wait,9,True,711.5677110814815,4216,3306,1685.38,469,18,252,151,0.63
algo=NN|exp=sim|one_way=True|policy=wait|robots=10|seed=10|width=1,1,True,10,NN,wait,10,True,699.7471967819092,3982,3316,1352.17,348,11,186,104,0.65
algo=NN|exp=sim|one_way=True|policy=wait|robots=10|seed=11|width=1,1,True,10,NN,wait,11,True,820.7016494664615,4404,3448,1770.83,467,18,237,135,0.64
algo=NN|exp=sim|one_way=True|policy=wait|robots=10|seed=12|width=1,1,True,10,NN,wait,12,True,761.5898743907896,4216,3374,1332.68,387,20,190,114,0.66
algo=NN|exp=sim|one_way=True|policy=wait|robots=10|seed=14|width=1,1,True,10,NN,wait,14,True,594.0,3964,3500,719.5,245,11,90,59,0.66
algo=NN|exp=sim|one_way=True|policy=wait|robots=10|seed=13|width=1,1,True,10,NN,wait,13,True,689.8810638213371,4100,3468,1316.08,326,7,185,105,0.61
algo=NN|exp=sim|one_way=True|policy=wait|robots=10|seed=15|width=1,1,True,10,NN,wait,15,True,652.0,4060,3462,912.76,302,7,116,90,0.64
algo=NN|exp=sim|one_way=True|policy=wait|robots=10|seed=16|width=1,1,True,10,NN,wait,16,True,634.0,4062,3330,1016.88,335,10,141,104,0.84
algo=NN|exp=sim|one_way=True|policy=wait|robots=10|seed=17|width=1,1,True,10,NN,wait,17,True,708.0,4226,3338,1165.97,356,15,168,116,0.75
algo=NN|exp=sim|one_way=True|policy=wait|robots=10|seed=18|width=1,1,True,10,NN,wait,18,True,687.6211073667043,4006,3176,1543.78,413,17,232,142,0.73
algo=NN|exp=sim|one_way=True|policy=replan|robots=10|seed=0|width=1,1,True,10,NN,replan,0,True,700.6259476784975,4182,3488,1078.98,366,26,130,100,0.69
algo=NN|exp=sim|one_way=True|policy=wait|robots=10|seed=19|width=1,1,True,10,NN,wait,19,True,810.0,4502,3472,1771.51,505,17,228,164,0.8
algo=NN|exp=sim|one_way=True|policy=replan|robots=10|seed=1|width=1,1,True,10,NN,replan,1,True,711.1776621979711,4416,3532,1251.71,419,34,167,124,0.71
algo=NN|exp=sim|one_way=True|policy=replan|robots=10|seed=2|width=1,1,True,10,NN,replan,2,True,822.6097432883714,4402,3526,1423.23,413,32,208,123,0.76
algo=NN|exp=sim|one_way=True|policy=replan|robots=10|seed=4|width=1,1,True,10,NN,replan,4,True,689.0,4268,3578,925.87,326,23,119,90,0.72
algo=NN|exp=sim|one_way=True|policy=replan|robots=10|seed=3|width=1,1,True,10,NN,replan,3,True,914.0297785434312,4374,3358,1641.05,491,38,214,142,0.77
algo=NN|exp=sim|one_way=True|policy=replan|robots=10|seed=6|width=1,1,True,10,NN,replan,6,True,643.0,3982,3530,645.69,230,12,72,58,0.71
algo=NN|exp=sim|one_way=True|policy=replan|robots=10|seed=5|width=1,1,True,10,NN,replan,5,True,662.0,4072,3308,1038.65,350,25,124,96,0.74
algo=NN|exp=sim|one_way=True|policy=replan|robots=10|seed=7|width=1,1,True,10,NN,replan,7,True,678.0,4218,3492,961.27,341,23,124,92,0.69
algo=NN|exp=sim|one_way=True|policy=replan|robots=10|seed=8|width=1,1,True,10,NN,replan,8,True,859.6038694955571,4602,3632,1699.37,366,34,266,109,0.67
algo=NN|exp=sim|one_way=True|policy=replan|robots=10|seed=9|width=1,1,True,10,NN,replan,9,True,845.4021223162727,4364,3306,2078.45,477,34,331,178,0.68
algo=NN|exp=sim|one_way=True|policy=replan|robots=10|seed=10|width=1,1,True,10,NN,replan,10,True,658.0,3906,3316,917.85,311,17,107,73,0.66
algo=NN|exp=sim|one_way=True|policy=replan|robots=10|seed=11|width=1,1,True,10,NN,replan,11,True,621.8634405366452,4042,3448,913.51,296,21,111,73,0.64
algo=NN|exp=sim|one_way=True|policy=replan|robots=10|seed=12|width=1,1,True,10,NN,replan,12,True,691.4675771765538,4274,3374,1400.44,380,24,189,111,0.66
algo=NN|exp=sim|one_way=True|policy=replan|robots=10|seed=14|width=1,1,True,10,NN,replan,14,True,640.7801964565723,4220,3500,841.24,307,22,94,72,0.66
algo=NN|exp=sim|one_way=True|policy=replan|robots=10|seed=13|width=1,1,True,10,NN,replan,13,True,751.8385747800002,4548,3468,1523.16,506,31,210,166,0.7
algo=NN|exp=sim|one_way=True|policy=replan|robots=10|seed=15|width=1,1,True,10,NN,replan,15,True,734.3927298202581,4168,3462,1134.41,369,21,162,120,0.7
algo=NN|exp=sim|one_way=True|policy=replan|robots=10|seed=16|width=1,1,True,10,NN,replan,16,True,656.0,3994,3330,1181.75,372,16,147,103,0.74
algo=NN|exp=sim|one_way=True|policy=replan|robots=10|seed=17|width=1,1,True,10,NN,replan,17,True,757.9219692236436,4416,3338,1666.43,421,30,237,137,0.71
algo=NN2opt|exp=sim|one_way=True|policy=wait|robots=10|seed=0|width=1,1,True,10,NN2opt,wait,0,True,667.7852753213942,4230,3452,1276.2,397,13,163,111,3.75
algo=NN|exp=sim|one_way=True|policy=replan|robots=10|seed=18|width=1,1,True,10,NN,replan,18,True,840.5731272451326,4360,3176,2328.58,490,34,354,180,0.74
algo=NN|exp=sim|one_way=True|policy=replan|robots=10|seed=19|width=1,1,True,10,NN,replan,19,True,754.0951421637386,4576,3472,1353.58,451,36,185,139,0.77
algo=NN2opt|exp=sim|one_way=True|policy=wait|robots=10|seed=1|width=1,1,True,10,NN2opt,wait,1,True,655.4287720917025,4114,3474,1059.92,372,13,132,100,4.09
algo=NN2opt|exp=sim|one_way=True|policy=wait|robots=10|seed=2|width=1,1,True,10,NN2opt,wait,2,True,734.7294646286166,4134,3478,1255.12,357,9,172,104,4.16
algo=NN2opt|exp=sim|one_way=True|policy=wait|robots=10|seed=3|width=1,1,True,10,NN2opt,wait,3,True,692.2279886253086,4032,3352,1384.37,334,13,186,103,3.87
algo=NN2opt|exp=sim|one_way=True|policy=wait|robots=10|seed=4|width=1,1,True,10,NN2opt,wait,4,True,781.0,4380,3514,1289.21,383,20,183,120,4.17
algo=NN2opt|exp=sim|one_way=True|policy=wait|robots=10|seed=6|width=1,1,True,10,NN2opt,wait,6,True,615.9206804166106,4060,3496,874.9,303,13,102,69,3.81
algo=NN2opt|exp=sim|one_way=True|policy=wait|robots=10|seed=5|width=1,1,True,10,NN2opt,wait,5,True,711.0,3940,3264,1085.99,370,12,134,102,3.95
algo=NN2opt|exp=sim|one_way=True|policy=wait|robots=10|seed=7|width=1,1,True,10,NN2opt,wait,7,True,678.0,3988,3472,1266.55,351,11,172,93,3.99
algo=NN2opt|exp=sim|one_way=True|policy=wait|robots=10|seed=8|width=1,1,True,10,NN2opt,wait,8,True,706.5479694103158,4292,3582,1164.72,375,14,149,104,3.96
algo=NN2opt|exp=sim|one_way=True|policy=wait|robots=10|seed=9|width=1,1,True,10,NN2opt,wait,9,True,750.5677110814815,4134,3282,1643.55,455,16,241,143,3.67
algo=NN2opt|exp=sim|one_way=True|policy=wait|robots=10|seed=10|width=1,1,True,10,NN2opt,wait,10,True,666.9210444832947,4116,3292,1069.45,360,11,135,99,3.83
algo=NN2opt|exp=sim|one_way=True|policy=wait|robots=10|seed=13|width=1,1,True,10,NN2opt,wait,13,True,633.0,3904,3452,645.23,248,8,79,65,3.6
algo=NN2opt|exp=sim|one_way=True|policy=wait|robots=10|seed=11|width=1,1,True,10,NN2opt,wait,11,True,710.0,4108,3418,1057.31,363,14,115,74,3.72
algo=NN2opt|exp=sim|one_way=True|policy=wait|robots=10|seed=12|width=1,1,True,10,NN2opt,wait,12,True,709.1186349513811,4008,3358,1273.31,429,14,154,113,3.68
algo=NN2opt|exp=sim|one_way=True|policy=wait|robots=10|seed=15|width=1,1,True,10,NN2opt,wait,15,True,614.0,3920,3440,707.49,247,9,78,59,3.61
algo=NN2opt|exp=sim|one_way=True|policy=wait|robots=10|seed=14|width=1,1,True,10,NN2opt,wait,14,True,664.0,4064,3444,1045.39,359,10,122,92,3.77
algo=NN2opt|exp=sim|one_way=True|policy=wait|robots=10|seed=16|width=1,1,True,10,NN2opt,wait,16,True,723.0,4292,3300,1487.98,461,15,206,152,3.66
algo=NN2opt|exp=sim|one_way=True|policy=wait|robots=10|seed=17|width=1,1,True,10,NN2opt,wait,17,True,674.0,4266,3332,1211.24,395,16,155,109,3.66
algo=NN2opt|exp=sim|one_way=True|policy=wait|robots=10|seed=18|width=1,1,True,10,NN2opt,wait,18,True,640.6628812960844,3788,3128,1327.14,358,12,189,119,3.96
algo=NN2opt|exp=sim|one_way=True|policy=wait|robots=10|seed=19|width=1,1,True,10,NN2opt,wait,19,True,704.0,4152,3444,1305.97,420,10,151,111,3.95
algo=NN2opt|exp=sim|one_way=True|policy=replan|robots=10|seed=1|width=1,1,True,10,NN2opt,replan,1,True,607.0,4122,3474,860.29,332,19,102,85,4.24
algo=NN2opt|exp=sim|one_way=True|policy=replan|robots=10|seed=2|width=1,1,True,10,NN2opt,replan,2,True,639.0,4164,3478,956.48,334,22,120,86,3.99
algo=NN2opt|exp=sim|one_way=True|policy=replan|robots=10|seed=0|width=1,1,True,10,NN2opt,replan,0,True,712.9893989841446,4340,3452,1285.16,378,22,174,109,3.77
algo=NN2opt|exp=sim|one_way=True|policy=replan|robots=10|seed=3|width=1,1,True,10,NN2opt,replan,3,True,710.0,4022,3352,1309.9,419,20,174,134,3.62
algo=NN2opt|exp=sim|one_way=True|policy=replan|robots=10|seed=4|width=1,1,True,10,NN2opt,replan,4,True,755.8236561415104,4300,3514,1214.79,361,19,169,119,4.26
algo=NN2opt|exp=sim|one_way=True|policy=replan|robots=10|seed=6|width=1,1,True,10,NN2opt,replan,6,True,594.0,3996,3496,770.06,278,18,94,65,4.27
algo=NN2opt|exp=sim|one_way=True|policy=replan|robots=10|seed=5|width=1,1,True,10,NN2opt,replan,5,True,712.8271190138346,3936,3264,1155.57,350,23,153,95,4.07
algo=NN2opt|exp=sim|one_way=True|policy=replan|robots=10|seed=7|width=1,1,True,10,NN2opt,replan,7,True,635.5482284086755,3964,3472,966.21,318,13,113,87,3.7
algo=NN2opt|exp=sim|one_way=True|policy=replan|robots=10|seed=9|width=1,1,True,10,NN2opt,replan,9,True,861.9998780840986,4312,3282,2122.5,479,28,321,163,3.6
algo=NN2opt|exp=sim|one_way=True|policy=replan|robots=10|seed=8|width=1,1,True,10,NN2opt,replan,8,True,804.0107923213284,4792,3582,1918.99,466,40,282,147,3.95
algo=NN2opt|exp=sim|one_way=True|policy=replan|robots=10|seed=10|width=1,1,True,10,NN2opt,replan,10,True,661.6106631837398,4092,3292,1361.71,431,24,186,136,3.93
algo=NN2opt|exp=sim|one_way=True|policy=replan|robots=10|seed=11|width=1,1,True,10,NN2opt,replan,11,True,635.0,4100,3418,979.96,302,14,123,82,3.9
algo=NN2opt|exp=sim|one_way=True|policy=replan|robots=10|seed=13|width=1,1,True,10,NN2opt,replan,13,True,639.2895017306797,3966,3452,752.47,296,10,92,83,3.79
algo=NN2opt|exp=sim|one_way=True|policy=replan|robots=10|seed=12|width=1,1,True,10,NN2opt,replan,12,True,760.6677489109766,4360,3358,1654.06,423,34,234,130,3.91
algo=NN2opt|exp=sim|one_way=True|policy=replan|robots=10|seed=14|width=1,1,True,10,NN2opt,replan,14,True,698.0,4060,3444,1141.19,370,27,135,94,3.85
algo=NN2opt|exp=sim|one_way=True|policy=replan|robots=10|seed=16|width=1,1,True,10,NN2opt,replan,16,True,632.0,4114,3300,974.79,322,21,129,96,3.77
algo=NN2opt|exp=sim|one_way=True|policy=replan|robots=10|seed=15|width=1,1,True,10,NN2opt,replan,15,True,703.1250786354627,4250,3440,1152.19,346,29,162,98,3.78
algo=NN2opt|exp=sim|one_way=True|policy=replan|robots=10|seed=17|width=1,1,True,10,NN2opt,replan,17,True,770.9219692236436,4308,3332,1724.0,433,27,245,143,3.56
algo=NN2opt|exp=sim|one_way=True|policy=replan|robots=10|seed=18|width=1,1,True,10,NN2opt,replan,18,True,812.676333567963,4176,3128,1978.69,444,28,303,169,3.72
algo=NN2opt|exp=sim|one_way=True|policy=replan|robots=10|seed=19|width=1,1,True,10,NN2opt,replan,19,True,859.4694413356167,4562,3444,1753.02,504,38,243,164,4.29
algo=GA|exp=sim|one_way=True|policy=wait|robots=10|seed=0|width=1,1,True,10,GA,wait,0,True,624.0,3920,3378,967.92,321,9,115,87,11395.07
algo=GA|exp=sim|one_way=True|policy=wait|robots=10|seed=2|width=1,1,True,10,GA,wait,2,True,568.0,3908,3386,713.69,275,9,82,61,11366.3
algo=GA|exp=sim|one_way=True|policy=wait|robots=10|seed=3|width=1,1,True,10,GA,wait,3,True,695.0,3812,3262,1388.19,293,11,206,89,11359.51
algo=GA|exp=sim|one_way=True|policy=wait|robots=10|seed=1|width=1,1,True,10,GA,wait,1,True,682.1721486527936,4224,3414,1160.78,291,18,163,77,11447.83
algo=GA|exp=sim|one_way=True|policy=wait|robots=10|seed=5|width=1,1,True,10,GA,wait,5,True,644.0,3856,3210,1113.07,352,8,134,100,11357.53
algo=GA|exp=sim|one_way=True|policy=wait|robots=10|seed=4|width=1,1,True,10,GA,wait,4,True,689.0,4140,3478,859.31,294,11,125,97,11357.26
algo=GA|exp=sim|one_way=True|policy=wait|robots=10|seed=6|width=1,1,True,10,GA,wait,6,True,635.0332688887138,4270,3510,1119.57,373,15,148,107,11436.65
algo=GA|exp=sim|one_way=True|policy=wait|robots=10|seed=8|width=1,1,True,10,GA,wait,8,True,635.4367875350874,4022,3550,983.91,214,8,142,52,11517.78
algo=GA|exp=sim|one_way=True|policy=wait|robots=10|seed=7|width=1,1,True,10,GA,wait,7,True,678.695473708788,4080,3388,1233.03,413,12,162,124,11540.17
algo=GA|exp=sim|one_way=True|policy=wait|robots=10|seed=9|width=1,1,True,10,GA,wait,9,True,569.0,3790,3298,834.54,273,7,108,82,11522.34
algo=GA|exp=sim|one_way=True|policy=wait|robots=10|seed=10|width=1,1,True,10,GA,wait,10,True,624.5209672498085,3938,3266,1243.22,318,14,169,82,11564.14
algo=GA|exp=sim|one_way=True|policy=wait|robots=10|seed=11|width=1,1,True,10,GA,wait,11,True,589.0,3728,3318,687.63,225,10,88,58,11609.76
algo=GA|exp=sim|one_way=True|policy=wait|robots=10|seed=12|width=1,1,True,10,GA,wait,12,True,653.0,3976,3292,1126.32,341,8,153,108,11649.45
algo=GA|exp=sim|one_way=True|policy=wait|robots=10|seed=13|width=1,1,True,10,GA,wait,13,True,673.0,4224,3424,1318.81,408,12,177,129,11703.43
algo=GA|exp=sim|one_way=True|policy=wait|robots=10|seed=14|width=1,1,True,10,GA,wait,14,True,643.0,4096,3410,1020.16,336,16,127,91,11405.18
algo=GA|exp=sim|one_way=True|policy=wait|robots=10|seed=15|width=1,1,True,10,GA,wait,15,True,625.0,4038,3384,845.84,293,9,111,84,11403.65
algo=GA|exp=sim|one_way=True|policy=wait|robots=10|seed=16|width=1,1,True,10,GA,wait,16,True,652.4213781477504,3974,3228,1176.15,405,15,155,119,11388.29
algo=GA|exp=sim|one_way=True|policy=wait|robots=10|seed=17|width=1,1,True,10,GA,wait,17,True,603.0,4008,3276,1038.9,369,14,134,103,11444.2
algo=GA|exp=sim|one_way=True|policy=wait|robots=10|seed=18|width=1,1,True,10,GA,wait,18,True,624.6712912215587,3748,3124,1074.48,355,9,124,82,11351.69
algo=GA|exp=sim|one_way=True|policy=wait|robots=10|seed=19|width=1,1,True,10,GA,wait,19,True,697.0876579388707,4134,3386,1246.68,395,10,163,118,11407.48
algo=GA|exp=sim|one_way=True|policy=replan|robots=10|seed=0|width=1,1,True,10,GA,replan,0,True,623.0,3906,3378,768.29,275,16,92,70,11382.09
algo=GA|exp=sim|one_way=True|policy=replan|robots=10|seed=2|width=1,1,True,10,GA,replan,2,True,571.0,3934,3386,724.81,269,14,88,71,11409.43
algo=GA|exp=sim|one_way=True|policy=replan|robots=10|seed=3|width=1,1,True,10,GA,replan,3,True,557.7816734021088,3704,3262,558.58,209,12,62,48,11472.57
algo=GA|exp=sim|one_way=True|policy=replan|robots=10|seed=1|width=1,1,True,10,GA,replan,1,True,737.0,4172,3414,1364.9,349,21,204,104,11443.38
algo=GA|exp=sim|one_way=True|policy=replan|robots=10|seed=5|width=1,1,True,10,GA,replan,5,True,626.0,3932,3210,711.32,272,18,83,59,11383.92
algo=GA|exp=sim|one_way=True|policy=replan|robots=10|seed=4|width=1,1,True,10,GA,replan,4,True,688.0,4188,3478,738.16,260,20,102,78,11478.23
algo=GA|exp=sim|one_way=True|policy=replan|robots=10|seed=6|width=1,1,True,10,GA,replan,6,True,763.7798209336211,4326,3510,1442.82,376,24,206,120,11401.19
algo=GA|exp=sim|one_way=True|policy=replan|robots=10|seed=7|width=1,1,True,10,GA,replan,7,True,570.8402687400961,3836,3388,554.87,250,11,62,50,11388.25
algo=GA|exp=sim|one_way=True|policy=replan|robots=10|seed=8|width=1,1,True,10,GA,replan,8,True,599.9800986158659,3980,3550,690.02,246,16,72,50,11467.38
algo=GA|exp=sim|one_way=True|policy=replan|robots=10|seed=9|width=1,1,True,10,GA,replan,9,True,621.0,3788,3298,722.26,235,11,95,70,11412.12
algo=GA|exp=sim|one_way=True|policy=replan|robots=10|seed=11|width=1,1,True,10,GA,replan,11,True,572.0,3640,3318,495.01,176,12,53,34,11403.21
algo=GA|exp=sim|one_way=True|policy=replan|robots=10|seed=10|width=1,1,True,10,GA,replan,10,True,642.9885241174967,4054,3266,1188.68,350,21,168,113,11478.51
algo=GA|exp=sim|one_way=True|policy=replan|robots=10|seed=12|width=1,1,True,10,GA,replan,12,True,619.0,3982,3292,947.27,323,10,132,112,11464.21
algo=GA|exp=sim|one_way=True|policy=replan|robots=10|seed=13|width=1,1,True,10,GA,replan,13,True,663.8232364058855,4274,3424,1269.76,401,27,191,130,11458.72
algo=GA|exp=sim|one_way=True|policy=replan|robots=10|seed=14|width=1,1,True,10,GA,replan,14,True,791.132310174717,4532,3410,1404.45,441,30,190,143,11455.84
algo=ACO|exp=sim|one_way=True|policy=wait|robots=10|seed=0|width=1,1,True,10,ACO,wait,0,True,708.8519060313283,4210,3346,1181.14,362,18,160,100,2015.07
algo=ACO|exp=sim|one_way=True|policy=wait|robots=10|seed=1|width=1,1,True,10,ACO,wait,1,True,663.2420105184676,3998,3402,1083.13,333,15,145,89,1977.75
algo=ACO|exp=sim|one_way=True|policy=wait|robots=10|seed=2|width=1,1,True,10,ACO,wait,2,True,637.0,4036,3372,948.61,307,6,114,84,2024.12
algo=ACO|exp=sim|one_way=True|policy=wait|robots=10|seed=3|width=1,1,True,10,ACO,wait,3,True,606.0,3580,3226,493.62,190,5,59,46,2011.3
algo=ACO|exp=sim|one_way=True|policy=wait|robots=10|seed=4|width=1,1,True,10,ACO,wait,4,True,633.0,3952,3438,886.7,300,14,110,74,1995.07
algo=ACO|exp=sim|one_way=True|policy=wait|robots=10|seed=5|width=1,1,True,10,ACO,wait,5,True,574.0,3794,3182,779.33,282,10,83,61,2005.73
algo=ACO|exp=sim|one_way=True|policy=wait|robots=10|seed=6|width=1,1,True,10,ACO,wait,6,True,592.0,3980,3438,790.15,296,16,90,64,1953.91
algo=ACO|exp=sim|one_way=True|policy=wait|robots=10|seed=7|width=1,1,True,10,ACO,wait,7,True,602.0,3846,3372,884.41,324,12,101,76,1952.9
algo=ACO|exp=sim|one_way=True|policy=wait|robots=10|seed=8|width=1,1,True,10,ACO,wait,8,True,610.4106297458437,3960,3488,921.17,311,6,108,89,1970.87
algo=ACO|exp=sim|one_way=True|policy=wait|robots=10|seed=9|width=1,1,True,10,ACO,wait,9,True,647.5021784525654,3982,3228,1207.27,397,6,158,128,1977.93
algo=GA|exp=sim|one_way=True|policy=replan|robots=10|seed=15|width=1,1,True,10,GA,replan,15,True,598.0,3988,3384,737.96,271,17,85,61,11627.51
algo=GA|exp=sim|one_way=True|policy=replan|robots=10|seed=17|width=1,1,True,10,GA,replan,17,True,677.0904074255255,4022,3276,1206.95,395,23,162,123,11596.49
algo=GA|exp=sim|one_way=True|policy=replan|robots=10|seed=16|width=1,1,True,10,GA,replan,16,True,753.0788288690471,4084,3228,1379.19,379,23,190,112,11679.86
algo=GA|exp=sim|one_way=True|policy=replan|robots=10|seed=18|width=1,1,True,10,GA,replan,18,True,603.6712912215587,3852,3124,995.97,324,20,126,83,11741.79
algo=GA|exp=sim|one_way=True|policy=replan|robots=10|seed=19|width=1,1,True,10,GA,replan,19,True,718.0,4340,3386,1234.45,380,32,166,116,11768.68
algo=ACO|exp=sim|one_way=True|policy=wait|robots=10|seed=10|width=1,1,True,10,ACO,wait,10,True,677.0,3858,3190,906.94,298,12,127,86,1932.07
algo=ACO|exp=sim|one_way=True|policy=wait|robots=10|seed=11|width=1,1,True,10,ACO,wait,11,True,618.5863889313061,3908,3270,1149.55,335,8,135,84,1937.61
algo=ACO|exp=sim|one_way=True|policy=wait|robots=10|seed=12|width=1,1,True,10,ACO,wait,12,True,603.0,3912,3280,864.09,297,11,111,88,1928.33
algo=ACO|exp=sim|one_way=True|policy=wait|robots=10|seed=13|width=1,1,True,10,ACO,wait,13,True,686.7301182558833,4004,3376,1268.91,360,9,185,113,1948.28
algo=ACO|exp=sim|one_way=True|policy=wait|robots=10|seed=14|width=1,1,True,10,ACO,wait,14,True,722.0,4106,3376,1379.41,375,11,208,134,1931.59
algo=ACO|exp=sim|one_way=True|policy=wait|robots=10|seed=15|width=1,1,True,10,ACO,wait,15,True,758.6975072787042,4128,3352,1200.54,383,15,163,118,1931.61
algo=ACO|exp=sim|one_way=True|policy=wait|robots=10|seed=16|width=1,1,True,10,ACO,wait,16,True,620.6385213774602,3984,3192,1093.21,359,10,141,104,1939.25
algo=ACO|exp=sim|one_way=True|policy=wait|robots=10|seed=17|width=1,1,True,10,ACO,wait,17,True,594.0,3846,3218,904.7,307,12,106,72,1949.32
algo=ACO|exp=sim|one_way=True|policy=wait|robots=10|seed=18|width=1,1,True,10,ACO,wait,18,True,648.8100666841266,3804,3072,1284.57,378,13,161,103,1956.19
algo=ACO|exp=sim|one_way=True|policy=wait|robots=10|seed=19|width=1,1,True,10,ACO,wait,19,True,573.4147930642705,3812,3320,633.39,213,9,79,51,1950.25
algo=ACO|exp=sim|one_way=True|policy=replan|robots=10|seed=0|width=1,1,True,10,ACO,replan,0,True,637.056895361349,3990,3346,821.58,276,23,107,76,1979.91
algo=ACO|exp=sim|one_way=True|policy=replan|robots=10|seed=1|width=1,1,True,10,ACO,replan,1,True,577.687714536362,3974,3402,1015.76,298,20,130,79,1947.2
algo=ACO|exp=sim|one_way=True|policy=replan|robots=10|seed=2|width=1,1,True,10,ACO,replan,2,True,684.9559272749377,4226,3372,1152.24,376,29,152,107,1931.36
algo=ACO|exp=sim|one_way=True|policy=replan|robots=10|seed=3|width=1,1,True,10,ACO,replan,3,True,740.7302413132973,4106,3226,1356.61,386,29,185,107,1941.27
algo=ACO|exp=sim|one_way=True|policy=replan|robots=10|seed=4|width=1,1,True,10,ACO,replan,4,True,651.0,3992,3438,858.01,284,22,102,71,1941.95
algo=ACO|exp=sim|one_way=True|policy=replan|robots=10|seed=5|width=1,1,True,10,ACO,replan,5,True,565.0,3782,3182,736.89,262,17,88,64,1943.18
algo=ACO|exp=sim|one_way=True|policy=replan|robots=10|seed=6|width=1,1,True,10,ACO,replan,6,True,626.0,4026,3438,906.94,325,26,116,91,1932.6
algo=ACO|exp=sim|one_way=True|policy=replan|robots=10|seed=7|width=1,1,True,10,ACO,replan,7,True,567.0,3968,3372,594.03,246,25,70,50,1973.39
algo=ACO|exp=sim|one_way=True|policy=replan|robots=10|seed=8|width=1,1,True,10,ACO,replan,8,True,700.800649721572,4298,3488,964.3,328,30,132,99,1946.09
algo=ACO|exp=sim|one_way=True|policy=replan|robots=10|seed=9|width=1,1,True,10,ACO,replan,9,True,721.5021784525654,4236,3228,1207.91,407,28,160,122,1965.86
algo=ACO|exp=sim|one_way=True|policy=replan|robots=10|seed=10|width=1,1,True,10,ACO,replan,10,True,600.0,3710,3190,691.74,271,19,83,65,1963.74
algo=ACO|exp=sim|one_way=True|policy=replan|robots=10|seed=11|width=1,1,True,10,ACO,replan,11,True,639.7059596914462,3882,3270,984.99,345,17,122,89,1929.49
algo=ACO|exp=sim|one_way=True|policy=replan|robots=10|seed=12|width=1,1,True,10,ACO,replan,12,True,549.6349214915822,3724,3280,770.54,278,12,88,68,1932.02
algo=ACO|exp=sim|one_way=True|policy=replan|robots=10|seed=13|width=1,1,True,10,ACO,replan,13,True,641.8775127317235,3924,3376,633.68,224,16,78,56,1928.35
algo=ACO|exp=sim|one_way=True|policy=replan|robots=10|seed=14|width=1,1,True,10,ACO,replan,14,True,620.6200521033925,3908,3376,716.4,249,21,95,70,1951.45
algo=ACO|exp=sim|one_way=True|policy=replan|robots=10|seed=15|width=1,1,True,10,ACO,replan,15,True,589.0,3978,3352,716.3,251,16,87,68,1927.3
algo=ACO|exp=sim|one_way=True|policy=replan|robots=10|seed=16|width=1,1,True,10,ACO,replan,16,True,662.7597170843268,4056,3192,888.67,302,27,121,85,1919.96
algo=ACO|exp=sim|one_way=True|policy=replan|robots=10|seed=17|width=1,1,True,10,ACO,replan,17,True,687.8433018876804,3958,3218,1012.93,326,24,133,90,1930.09
algo=ACO|exp=sim|one_way=True|policy=replan|robots=10|seed=18|width=1,1,True,10,ACO,replan,18,True,651.3938595667532,3800,3072,1048.11,351,22,149,107,1929.26
algo=ACO|exp=sim|one_way=True|policy=replan|robots=10|seed=19|width=1,1,True,10,ACO,replan,19,True,643.970242725596,3986,3320,893.29,293,15,115,83,1937.2
algo=ALO|exp=sim|one_way=True|policy=wait|robots=10|seed=0|width=1,1,True,10,ALO,wait,0,True,658.6487764380427,4264,3580,933.8,328,12,120,90,9919.64
algo=ALO|exp=sim|one_way=True|policy=wait|robots=10|seed=2|width=1,1,True,10,ALO,wait,2,True,687.9551922969963,4344,3796,920.59,306,8,119,86,9917.13
algo=ALO|exp=sim|one_way=True|policy=wait|robots=10|seed=1|width=1,1,True,10,ALO,wait,1,True,721.6733372708884,4426,3628,1072.19,344,21,133,85,9920.38
algo=ALO|exp=sim|one_way=True|policy=wait|robots=10|seed=3|width=1,1,True,10,ALO,wait,3,True,743.2305120654269,4486,3592,1364.32,461,14,166,127,9939.73
algo=ALO|exp=sim|one_way=True|policy=wait|robots=10|seed=4|width=1,1,True,10,ALO,wait,4,True,673.0,4342,3722,1096.46,323,8,148,94,9986.05
algo=ALO|exp=sim|one_way=True|policy=wait|robots=10|seed=5|width=1,1,True,10,ALO,wait,5,True,680.0,3996,3498,756.93,278,8,83,63,9941.63
algo=ALO|exp=sim|one_way=True|policy=wait|robots=10|seed=6|width=1,1,True,10,ALO,wait,6,True,801.4313562635098,4712,3812,1772.63,455,14,260,153,9945.63
algo=ALO|exp=sim|one_way=True|policy=wait|robots=10|seed=13|width=1,1,True,10,ALO,wait,13,False,inf,6082,1228,37519.9,2707,5,7714,2618,3291.66
algo=ALO|exp=sim|one_way=True|policy=wait|robots=10|seed=8|width=1,1,True,10,ALO,wait,8,False,inf,7334,2794,36290.3,2528,7,7251,2387,7209.31
algo=ALO|exp=sim|one_way=True|policy=wait|robots=10|seed=7|width=1,1,True,10,ALO,wait,7,True,850.6942424520548,4886,3742,1931.88,468,26,278,147,9856.58
algo=ALO|exp=sim|one_way=True|policy=wait|robots=10|seed=10|width=1,1,True,10,ALO,wait,10,True,718.716831863276,4564,3594,1328.68,402,15,202,144,9792.01
algo=ALO|exp=sim|one_way=True|policy=wait|robots=10|seed=9|width=1,1,True,10,ALO,wait,9,True,792.7572136409824,4348,3502,1408.14,452,13,185,142,9997.65
algo=ALO|exp=sim|one_way=True|policy=wait|robots=10|seed=11|width=1,1,True,10,ALO,wait,11,True,790.7762184051013,4430,3680,1351.04,334,12,192,100,9862.36
algo=ALO|exp=sim|one_way=True|policy=wait|robots=10|seed=12|width=1,1,True,10,ALO,wait,12,True,791.2702099454409,4338,3660,1087.97,343,11,134,91,9812.9
algo=ALO|exp=sim|one_way=True|policy=wait|robots=10|seed=14|width=1,1,True,10,ALO,wait,14,True,700.76622496193,4488,3642,1104.83,374,17,150,113,9773.35
algo=ALO|exp=sim|one_way=True|policy=wait|robots=10|seed=15|width=1,1,True,10,ALO,wait,15,True,851.1346778780543,4842,3672,1755.66,508,19,254,169,9813.99
algo=ALO|exp=sim|one_way=True|policy=wait|robots=10|seed=16|width=1,1,True,10,ALO,wait,16,True,790.9950916598689,4508,3524,1663.45,444,17,237,141,9778.37
algo=ALO|exp=sim|one_way=True|policy=wait|robots=10|seed=18|width=1,1,True,10,ALO,wait,18,True,682.6112816294133,4140,3472,1467.66,390,10,206,120,9804.47
algo=ALO|exp=sim|one_way=True|policy=wait|robots=10|seed=17|width=1,1,True,10,ALO,wait,17,True,773.2474445313729,4590,3578,1392.89,374,21,208,111,9827.85
algo=ALO|exp=sim|one_way=True|policy=wait|robots=10|seed=19|width=1,1,True,10,ALO,wait,19,True,722.0,4352,3612,909.45,316,10,125,89,9799.28
algo=ALO|exp=sim|one_way=True|policy=replan|robots=10|seed=0|width=1,1,True,10,ALO,replan,0,True,756.0,4500,3580,1242.6,372,22,167,115,9774.38
algo=ALO|exp=sim|one_way=True|policy=replan|robots=10|seed=1|width=1,1,True,10,ALO,replan,1,True,722.0,4574,3628,1146.41,392,26,157,120,10037.66
algo=ALO|exp=sim|one_way=True|policy=replan|robots=10|seed=2|width=1,1,True,10,ALO,replan,2,True,829.0,4874,3796,1415.06,446,27,191,138,9979.46
algo=ALO|exp=sim|one_way=True|policy=replan|robots=10|seed=3|width=1,1,True,10,ALO,replan,3,True,774.9924113581585,4448,3592,1416.83,384,28,198,116,10142.53
algo=ALO|exp=sim|one_way=True|policy=replan|robots=10|seed=5|width=1,1,True,10,ALO,replan,5,True,724.0,4312,3498,936.59,321,27,124,90,10154.87
algo=ALO|exp=sim|one_way=True|policy=replan|robots=10|seed=4|width=1,1,True,10,ALO,replan,4,True,795.7634923814186,4482,3722,1796.99,408,27,258,146,10195.95
algo=ALO|exp=sim|one_way=True|policy=replan|robots=10|seed=6|width=1,1,True,10,ALO,replan,6,True,790.2804002349656,4768,3812,1650.49,463,19,233,164,10245.48
algo=ALO|exp=sim|one_way=True|policy=replan|robots=10|seed=7|width=1,1,True,10,ALO,replan,7,True,791.5258980071119,4780,3742,1673.89,473,32,241,148,9901.87
algo=ALO|exp=sim|one_way=True|policy=replan|robots=10|seed=8|width=1,1,True,10,ALO,replan,8,True,792.0,4704,3860,1342.94,394,23,183,125,9840.27
algo=ALO|exp=sim|one_way=True|policy=replan|robots=10|seed=9|width=1,1,True,10,ALO,replan,9,True,639.615808327063,4232,3502,916.14,305,24,117,84,9770.55
algo=ALO|exp=sim|one_way=True|policy=replan|robots=10|seed=10|width=1,1,True,10,ALO,replan,10,True,721.0,4626,3594,1291.08,411,33,174,126,9851.78
algo=ALO|exp=sim|one_way=True|policy=replan|robots=10|seed=11|width=1,1,True,10,ALO,replan,11,True,608.0,4258,3680,832.52,290,16,92,63,9755.72
algo=ALO|exp=sim|one_way=True|policy=replan|robots=10|seed=12|width=1,1,True,10,ALO,replan,12,True,717.6530142357166,4252,3660,886.11,320,21,91,71,9827.3
algo=ALO|exp=sim|one_way=True|policy=replan|robots=10|seed=13|width=1,1,True,10,ALO,replan,13,True,884.0279491168307,4888,3750,2127.85,648,34,269,198,9787.18
algo=Hybrid|exp=sim|one_way=True|policy=wait|robots=10|seed=0|width=1,1,True,10,Hybrid,wait,0,True,703.9987494192419,3966,3358,1274.22,302,13,190,98,23.96
algo=Hybrid|exp=sim|one_way=True|policy=wait|robots=10|seed=1|width=1,1,True,10,Hybrid,wait,1,True,643.0,3990,3420,871.14,246,12,117,64,21.9
algo=Hybrid|exp=sim|one_way=True|policy=wait|robots=10|seed=2|width=1,1,True,10,Hybrid,wait,2,True,527.0,3816,3384,583.92,231,8,65,50,25.79
algo=ALO|exp=sim|one_way=True|policy=replan|robots=10|seed=14|width=1,1,True,10,ALO,replan,14,True,712.0,4590,3642,1087.3,360,27,152,112,9789.51
algo=Hybrid|exp=sim|one_way=True|policy=wait|robots=10|seed=3|width=1,1,True,10,Hybrid,wait,3,True,656.4408792285042,3908,3232,1337.16,333,15,201,114,22.87
algo=Hybrid|exp=sim|one_way=True|policy=wait|robots=10|seed=4|width=1,1,True,10,Hybrid,wait,4,True,615.0,3916,3438,769.32,286,10,85,64,22.88
algo=Hybrid|exp=sim|one_way=True|policy=wait|robots=10|seed=5|width=1,1,True,10,Hybrid,wait,5,True,686.0,3688,3194,745.1,269,9,92,76,21.24
algo=Hybrid|exp=sim|one_way=True|policy=wait|robots=10|seed=6|width=1,1,True,10,Hybrid,wait,6,True,621.6368552879968,4042,3438,1140.25,394,10,114,79,22.46
algo=Hybrid|exp=sim|one_way=True|policy=wait|robots=10|seed=7|width=1,1,True,10,Hybrid,wait,7,True,758.6578680599811,4116,3376,1194.97,386,15,154,110,23.29
algo=Hybrid|exp=sim|one_way=True|policy=wait|robots=10|seed=8|width=1,1,True,10,Hybrid,wait,8,True,759.0,4272,3492,1092.6,357,17,130,88,23.62
algo=Hybrid|exp=sim|one_way=True|policy=wait|robots=10|seed=9|width=1,1,True,10,Hybrid,wait,9,True,628.0,3876,3230,904.54,315,13,106,81,21.77
algo=Hybrid|exp=sim|one_way=True|policy=wait|robots=10|seed=10|width=1,1,True,10,Hybrid,wait,10,True,731.667075912435,4112,3190,1243.66,340,18,190,111,24.92
algo=Hybrid|exp=sim|one_way=True|policy=wait|robots=10|seed=11|width=1,1,True,10,Hybrid,wait,11,True,613.0,3792,3274,707.39,267,7,86,68,26.79
algo=Hybrid|exp=sim|one_way=True|policy=wait|robots=10|seed=12|width=1,1,True,10,Hybrid,wait,12,True,839.1379650403351,4112,3282,1454.51,410,14,202,136,25.84
algo=Hybrid|exp=sim|one_way=True|policy=wait|robots=10|seed=13|width=1,1,True,10,Hybrid,wait,13,True,614.0,3962,3378,676.88,253,13,86,65,23.12
algo=Hybrid|exp=sim|one_way=True|policy=wait|robots=10|seed=14|width=1,1,True,10,Hybrid,wait,14,True,647.4917428577663,4014,3384,1048.24,315,8,139,95,23.58
algo=Hybrid|exp=sim|one_way=True|policy=wait|robots=10|seed=15|width=1,1,True,10,Hybrid,wait,15,True,626.0,4034,3358,950.89,326,11,110,84,22.67
algo=Hybrid|exp=sim|one_way=True|policy=wait|robots=10|seed=16|width=1,1,True,10,Hybrid,wait,16,True,660.2412183430231,3876,3200,1028.45,362,13,116,86,22.68
algo=Hybrid|exp=sim|one_way=True|policy=wait|robots=10|seed=17|width=1,1,True,10,Hybrid,wait,17,True,569.0,3790,3220,747.55,265,8,90,70,24.98
algo=Hybrid|exp=sim|one_way=True|policy=wait|robots=10|seed=18|width=1,1,True,10,Hybrid,wait,18,True,702.185978407035,3884,3076,1339.66,406,13,186,126,21.72
algo=Hybrid|exp=sim|one_way=True|policy=wait|robots=10|seed=19|width=1,1,True,10,Hybrid,wait,19,True,747.0,4104,3344,1434.57,417,14,181,117,25.17
algo=Hybrid|exp=sim|one_way=True|policy=replan|robots=10|seed=0|width=1,1,True,10,Hybrid,replan,0,True,708.6740120951041,3944,3358,963.03,288,21,137,85,24.37
algo=Hybrid|exp=sim|one_way=True|policy=replan|robots=10|seed=1|width=1,1,True,10,Hybrid,replan,1,True,592.0,3892,3420,737.25,278,12,79,63,21.95
algo=Hybrid|exp=sim|one_way=True|policy=replan|robots=10|seed=2|width=1,1,True,10,Hybrid,replan,2,True,581.0,3946,3384,772.02,296,21,88,67,25.6
algo=Hybrid|exp=sim|one_way=True|policy=replan|robots=10|seed=3|width=1,1,True,10,Hybrid,replan,3,True,604.4408792285042,3784,3232,959.03,264,18,140,78,22.58
algo=Hybrid|exp=sim|one_way=True|policy=replan|robots=10|seed=4|width=1,1,True,10,Hybrid,replan,4,True,647.1668964566861,4258,3438,1123.06,386,33,143,112,22.7
algo=Hybrid|exp=sim|one_way=True|policy=replan|robots=10|seed=5|width=1,1,True,10,Hybrid,replan,5,True,694.0,3862,3194,868.87,307,26,107,85,21.35
algo=Hybrid|exp=sim|one_way=True|policy=replan|robots=10|seed=6|width=1,1,True,10,Hybrid,replan,6,True,645.1344329126641,4198,3438,1022.38,329,19,135,97,22.09
algo=Hybrid|exp=sim|one_way=True|policy=replan|robots=10|seed=7|width=1,1,True,10,Hybrid,replan,7,True,638.5786309332568,4158,3376,1041.29,330,29,133,87,22.58
algo=Hybrid|exp=sim|one_way=True|policy=replan|robots=10|seed=9|width=1,1,True,10,Hybrid,replan,9,True,566.0,3768,3230,696.06,259,13,84,65,22.36
algo=Hybrid|exp=sim|one_way=True|policy=replan|robots=10|seed=8|width=1,1,True,10,Hybrid,replan,8,True,717.2274613755731,4228,3492,985.98,350,22,131,101,24.04
algo=Hybrid|exp=sim|one_way=True|policy=replan|robots=10|seed=10|width=1,1,True,10,Hybrid,replan,10,True,578.0,3730,3190,723.56,220,11,93,59,26.96
algo=Hybrid|exp=sim|one_way=True|policy=replan|robots=10|seed=11|width=1,1,True,10,Hybrid,replan,11,True,558.0,3836,3274,689.5,277,13,92,74,27.39
algo=Hybrid|exp=sim|one_way=True|policy=replan|robots=10|seed=12|width=1,1,True,10,Hybrid,replan,12,True,721.8748144409825,3980,3282,1006.91,299,20,139,90,26.84
algo=Hybrid|exp=sim|one_way=True|policy=replan|robots=10|seed=13|width=1,1,True,10,Hybrid,replan,13,True,630.0,4114,3378,962.88,338,21,125,96,24.83
algo=Hybrid|exp=sim|one_way=True|policy=replan|robots=10|seed=14|width=1,1,True,10,Hybrid,replan,14,True,637.3032379878964,4172,3384,1201.57,357,25,162,117,23.0
algo=Hybrid|exp=sim|one_way=True|policy=replan|robots=10|seed=15|width=1,1,True,10,Hybrid,replan,15,True,616.0,3938,3358,835.76,295,17,100,77,22.54
algo=Hybrid|exp=sim|one_way=True|policy=replan|robots=10|seed=16|width=1,1,True,10,Hybrid,replan,16,True,623.2412183430231,4012,3200,994.41,329,28,129,89,23.2
algo=Hybrid|exp=sim|one_way=True|policy=replan|robots=10|seed=17|width=1,1,True,10,Hybrid,replan,17,True,571.0,3772,3220,795.83,299,15,89,72,24.86
algo=ALO|exp=sim|one_way=True|policy=replan|robots=10|seed=15|width=1,1,True,10,ALO,replan,15,True,752.0,4552,3672,1277.62,421,21,155,123,9909.32
algo=Hybrid|exp=sim|one_way=True|policy=replan|robots=10|seed=18|width=1,1,True,10,Hybrid,replan,18,True,752.6992617234163,3930,3076,1103.95,329,30,157,105,21.49
algo=Hybrid|exp=sim|one_way=True|policy=replan|robots=10|seed=19|width=1,1,True,10,Hybrid,replan,19,True,698.0,4178,3344,1252.02,406,26,156,113,24.97
algo=HeldKarp|exp=sim|one_way=True|policy=wait|robots=15|seed=0|width=1,1,True,15,HeldKarp,wait,0,True,929.1584061669085,6110,4888,4637.56,778,13,586,209,104.9
algo=HeldKarp|exp=sim|one_way=True|policy=wait|robots=15|seed=2|width=1,1,True,15,HeldKarp,wait,2,True,743.6809508156432,5996,4964,2827.1,719,8,337,187,105.82
algo=HeldKarp|exp=sim|one_way=True|policy=wait|robots=15|seed=1|width=1,1,True,15,HeldKarp,wait,1,True,940.5548418647802,6844,5048,4002.73,1015,11,524,310,103.2
algo=HeldKarp|exp=sim|one_way=True|policy=wait|robots=15|seed=3|width=1,1,True,15,HeldKarp,wait,3,True,829.2010703253356,6102,4834,3056.28,838,6,366,238,102.11
algo=HeldKarp|exp=sim|one_way=True|policy=wait|robots=15|seed=4|width=1,1,True,15,HeldKarp,wait,4,True,875.9916216033486,6468,4990,3700.09,920,19,473,266,103.42
algo=HeldKarp|exp=sim|one_way=True|policy=wait|robots=15|seed=5|width=1,1,True,15,HeldKarp,wait,5,True,785.1007362885092,6146,4840,2916.22,833,10,373,258,102.19
algo=ALO|exp=sim|one_way=True|policy=replan|robots=10|seed=16|width=1,1,True,10,ALO,replan,16,True,719.9898879753948,4406,3524,1382.88,433,26,183,135,9864.02
algo=HeldKarp|exp=sim|one_way=True|policy=wait|robots=15|seed=6|width=1,1,True,15,HeldKarp,wait,6,True,1051.525636102023,6474,4946,5826.67,908,19,796,287,115.21
algo=HeldKarp|exp=sim|one_way=True|policy=wait|robots=15|seed=7|width=1,1,True,15,HeldKarp,wait,7,True,993.0,6536,4902,4623.01,886,15,631,276,104.3
algo=HeldKarp|exp=sim|one_way=True|policy=wait|robots=15|seed=8|width=1,1,True,15,HeldKarp,wait,8,True,988.258280955107,6820,5144,4809.37,805,26,686,255,103.06
algo=HeldKarp|exp=sim|one_way=True|policy=wait|robots=15|seed=9|width=1,1,True,15,HeldKarp,wait,9,True,832.8326841278189,6102,4898,3292.29,819,11,414,233,104.44
algo=HeldKarp|exp=sim|one_way=True|policy=wait|robots=15|seed=10|width=1,1,True,15,HeldKarp,wait,10,True,732.384002154427,6028,4784,2625.58,788,5,308,226,106.1
algo=HeldKarp|exp=sim|one_way=True|policy=wait|robots=15|seed=11|width=1,1,True,15,HeldKarp,wait,11,True,814.7664915439693,6392,4884,2813.01,813,11,361,251,103.01
algo=HeldKarp|exp=sim|one_way=True|policy=wait|robots=15|seed=12|width=1,1,True,15,HeldKarp,wait,12,True,839.3357415651841,6196,4934,3463.09,770,11,458,228,115.17
algo=HeldKarp|exp=sim|one_way=True|policy=wait|robots=15|seed=13|width=1,1,True,15,HeldKarp,wait,13,True,849.476237022161,6352,5052,3489.43,774,11,477,241,102.18
algo=HeldKarp|exp=sim|one_way=True|policy=wait|robots=15|seed=14|width=1,1,True,15,HeldKarp,wait,14,True,855.0,6538,4994,2576.47,796,15,351,253,103.68
algo=HeldKarp|exp=sim|one_way=True|policy=wait|robots=15|seed=16|width=1,1,True,15,HeldKarp,wait,16,True,908.0140992180612,6276,4808,3852.41,794,13,536,266,104.0
algo=ALO|exp=sim|one_way=True|policy=replan|robots=10|seed=17|width=1,1,True,10,ALO,replan,17,True,694.2242320556071,4392,3578,1087.84,357,24,147,103,9991.58
algo=HeldKarp|exp=sim|one_way=True|policy=wait|robots=15|seed=18|width=1,1,True,15,HeldKarp,wait,18,True,901.1431333650376,6062,4736,3741.29,724,10,548,247,104.25
algo=ALO|exp=sim|one_way=True|policy=replan|robots=10|seed=18|width=1,1,True,10,ALO,replan,18,True,712.0,4094,3472,1078.27,360,14,128,99,10044.28
algo=HeldKarp|exp=sim|one_way=True|policy=wait|robots=15|seed=19|width=1,1,True,15,HeldKarp,wait,19,True,860.9200522088072,6366,4958,3381.63,839,16,437,248,102.64
algo=HeldKarp|exp=sim|one_way=True|policy=wait|robots=15|seed=15|width=1,1,True,15,HeldKarp,wait,15,False,inf,3598,1660,63078.14,1538,1,8061,1459,34.74
algo=ALO|exp=sim|one_way=True|policy=replan|robots=10|seed=19|width=1,1,True,10,ALO,replan,19,True,661.0,4340,3612,1048.34,368,25,116,93,10073.83
algo=HeldKarp|exp=sim|one_way=True|policy=replan|robots=15|seed=0|width=1,1,True,15,HeldKarp,replan,0,True,762.3376763407666,6100,4888,2859.96,760,28,362,216,103.28
algo=HeldKarp|exp=sim|one_way=True|policy=replan|robots=15|seed=1|width=1,1,True,15,HeldKarp,replan,1,True,806.4716519196327,6454,5048,2871.53,835,29,362,242,103.13
algo=HeldKarp|exp=sim|one_way=True|policy=replan|robots=15|seed=2|width=1,1,True,15,HeldKarp,replan,2,True,713.2215242590972,6186,4964,2572.93,697,26,306,184,118.62
algo=HeldKarp|exp=sim|one_way=True|policy=replan|robots=15|seed=3|width=1,1,True,15,HeldKarp,replan,3,True,829.2010703253356,6134,4834,3058.71,840,24,366,238,105.82
algo=HeldKarp|exp=sim|one_way=True|policy=replan|robots=15|seed=4|width=1,1,True,15,HeldKarp,replan,4,True,868.0335597460103,6474,4990,3053.3,817,28,390,254,104.86
algo=HeldKarp|exp=sim|one_way=True|policy=wait|robots=15|seed=17|width=1,1,True,15,HeldKarp,wait,17,False,inf,6019,1528,58031.0,2620,2,11109,2495,33.17
algo=HeldKarp|exp=sim|one_way=True|policy=replan|robots=15|seed=5|width=1,1,True,15,HeldKarp,replan,5,True,785.1007362885092,6146,4840,2916.22,833,25,373,258,105.8
algo=HeldKarp|exp=sim|one_way=True|policy=replan|robots=15|seed=6|width=1,1,True,15,HeldKarp,replan,6,True,946.2948948005443,6450,4946,4742.95,789,35,658,236,117.12
algo=HeldKarp|exp=sim|one_way=True|policy=replan|robots=15|seed=7|width=1,1,True,15,HeldKarp,replan,7,True,827.8872726357971,6214,4902,3014.17,848,32,364,213,103.01
algo=HeldKarp|exp=sim|one_way=True|policy=replan|robots=15|seed=8|width=1,1,True,15,HeldKarp,replan,8,True,800.8174716150544,6494,5144,3028.99,836,32,374,225,104.97
algo=HeldKarp|exp=sim|one_way=True|policy=replan|robots=15|seed=9|width=1,1,True,15,HeldKarp,replan,9,True,954.4168317991774,6518,4898,4177.87,931,48,544,285,103.61
algo=HeldKarp|exp=sim|one_way=True|policy=replan|robots=15|seed=10|width=1,1,True,15,HeldKarp,replan,10,True,747.0,6170,4784,2615.14,793,34,326,227,104.58
algo=HeldKarp|exp=sim|one_way=True|policy=replan|robots=15|seed=11|width=1,1,True,15,HeldKarp,replan,11,True,825.7646984407063,6438,4884,3386.9,815,27,453,261,108.95
algo=HeldKarp|exp=sim|one_way=True|policy=replan|robots=15|seed=12|width=1,1,True,15,HeldKarp,replan,12,True,786.8559670202106,6054,4934,2870.94,779,21,348,215,107.3
algo=HeldKarp|exp=sim|one_way=True|policy=replan|robots=15|seed=13|width=1,1,True,15,HeldKarp,replan,13,True,741.0,6398,5052,3051.77,927,27,349,240,103.97
algo=HeldKarp|exp=sim|one_way=True|policy=replan|robots=15|seed=14|width=1,1,True,15,HeldKarp,replan,14,True,763.9202359380241,6360,4994,2373.67,779,25,304,233,101.62
algo=HeldKarp|exp=sim|one_way=True|policy=replan|robots=15|seed=16|width=1,1,True,15,HeldKarp,replan,16,True,904.3277541436253,6166,4808,3655.36,679,22,530,234,101.74
algo=HeldKarp|exp=sim|one_way=True|policy=replan|robots=15|seed=18|width=1,1,True,15,HeldKarp,replan,18,True,795.9619631968194,6086,4736,2904.66,687,27,399,208,101.31
algo=HeldKarp|exp=sim|one_way=True|policy=replan|robots=15|seed=19|width=1,1,True,15,HeldKarp,replan,19,True,801.701527042655,6464,4958,2696.52,808,34,304,204,103.05
algo=NN|exp=sim|one_way=True|policy=wait|robots=15|seed=0|width=1,1,True,15,NN,wait,0,True,1054.4147645576393,6754,5060,4342.77,972,11,615,323,1.04
algo=NN|exp=sim|one_way=True|policy=wait|robots=15|seed=1|width=1,1,True,15,NN,wait,1,True,920.2903150398913,6898,5256,4350.36,1120,10,554,330,1.06
algo=NN|exp=sim|one_way=True|policy=wait|robots=15|seed=2|width=1,1,True,15,NN,wait,2,True,913.5835493927798,6422,5122,3542.57,842,9,446,227,0.95
algo=NN|exp=sim|one_way=True|policy=wait|robots=15|seed=3|width=1,1,True,15,NN,wait,3,True,846.8693198607306,6458,5024,3447.76,953,13,423,261,1.02
algo=NN|exp=sim|one_way=True|policy=wait|robots=15|seed=4|width=1,1,True,15,NN,wait,4,True,1095.5342280514496,6562,5166,4931.22,833,20,714,273,1.05
algo=NN|exp=sim|one_way=True|policy=wait|robots=15|seed=5|width=1,1,True,15,NN,wait,5,True,915.9086512124027,6718,5058,4237.96,877,21,557,260,1.05
algo=NN|exp=sim|one_way=True|policy=wait|robots=15|seed=6|width=1,1,True,15,NN,wait,6,True,927.339463935827,6574,5104,4025.62,968,17,528,275,1.29
algo=NN|exp=sim|one_way=True|policy=wait|robots=15|seed=7|width=1,1,True,15,NN,wait,7,True,923.4813434301628,7118,5106,3883.71,1037,15,542,337,1.03
algo=NN|exp=sim|one_way=True|policy=wait|robots=15|seed=8|width=1,1,True,15,NN,wait,8,True,1010.1862525216643,7058,5362,4488.83,1102,18,627,368,1.07
algo=NN|exp=sim|one_way=True|policy=wait|robots=15|seed=10|width=1,1,True,15,NN,wait,10,True,1039.2566510669449,6626,4960,4710.6,990,16,639,334,1.05
algo=NN|exp=sim|one_way=True|policy=wait|robots=15|seed=11|width=1,1,True,15,NN,wait,11,True,881.5533651322711,6554,5054,4146.49,1024,14,526,268,1.1
algo=NN|exp=sim|one_way=True|policy=wait|robots=15|seed=12|width=1,1,True,15,NN,wait,12,True,937.392880243112,7214,5126,4262.76,1024,17,612,351,1.1
algo=NN|exp=sim|one_way=True|policy=wait|robots=15|seed=13|width=1,1,True,15,NN,wait,13,True,858.538331929302,6420,5172,4122.45,884,14,557,260,1.44
algo=HeldKarp|exp=sim|one_way=True|policy=replan|robots=15|seed=15|width=1,1,True,15,HeldKarp,replan,15,False,inf,3598,1660,63078.14,1538,2,8061,1459,33.73
algo=NN|exp=sim|one_way=True|policy=wait|robots=15|seed=14|width=1,1,True,15,NN,wait,14,True,1025.7778702079263,6666,5152,3057.91,896,16,376,240,1.15
algo=HeldKarp|exp=sim|one_way=True|policy=replan|robots=15|seed=17|width=1,1,True,15,HeldKarp,replan,17,False,inf,6019,1528,58031.0,2620,2,11109,2495,35.14
algo=NN|exp=sim|one_way=True|policy=wait|robots=15|seed=16|width=1,1,True,15,NN,wait,16,True,980.964180452255,6902,5038,4420.69,1045,24,589,319,1.04
algo=NN|exp=sim|one_way=True|policy=wait|robots=15|seed=17|width=1,1,True,15,NN,wait,17,True,983.9369952943678,6562,4972,4380.81,963,11,550,272,1.07
algo=NN|exp=sim|one_way=True|policy=wait|robots=15|seed=18|width=1,1,True,15,NN,wait,18,True,1019.7272027978822,6732,4900,5087.19,1078,19,713,356,0.98
algo=NN|exp=sim|one_way=True|policy=wait|robots=15|seed=19|width=1,1,True,15,NN,wait,19,True,904.0020578415964,6716,5144,3811.9,867,19,518,247,1.06
algo=NN|exp=sim|one_way=True|policy=wait|robots=15|seed=9|width=1,1,True,15,NN,wait,9,False,inf,7883,3106,56446.1,2851,4,10713,2476,0.64
algo=NN|exp=sim|one_way=True|policy=replan|robots=15|seed=0|width=1,1,True,15,NN,replan,0,True,925.9895561158005,6666,5060,3612.43,924,22,467,279,1.11
algo=NN|exp=sim|one_way=True|policy=replan|robots=15|seed=1|width=1,1,True,15,NN,replan,1,True,1107.7498581415243,7070,5256,4891.26,995,37,647,291,1.06
algo=NN|exp=sim|one_way=True|policy=replan|robots=15|seed=2|width=1,1,True,15,NN,replan,2,True,941.958710341227,6508,5122,4249.36,833,27,572,254,1.1
algo=NN|exp=sim|one_way=True|policy=replan|robots=15|seed=3|width=1,1,True,15,NN,replan,3,True,927.0646360894532,6420,5024,3208.84,781,40,444,232,1.08
algo=NN|exp=sim|one_way=True|policy=replan|robots=15|seed=4|width=1,1,True,15,NN,replan,4,True,1004.294982510246,6630,5166,4433.03,973,31,578,304,1.07
algo=NN|exp=sim|one_way=True|policy=replan|robots=15|seed=5|width=1,1,True,15,NN,replan,5,True,1058.780197192222,6658,5058,4825.26,957,38,671,302,1.01
algo=NN|exp=sim|one_way=True|policy=wait|robots=15|seed=15|width=1,1,True,15,NN,wait,15,False,inf,6104,1890,58346.56,2620,2,10829,2503,0.32
algo=NN|exp=sim|one_way=True|policy=replan|robots=15|seed=7|width=1,1,True,15,NN,replan,7,True,986.45306410164,7170,5106,4692.42,1146,41,649,358,1.02
algo=NN|exp=sim|one_way=True|policy=replan|robots=15|seed=8|width=1,1,True,15,NN,replan,8,True,1043.5087067199247,7214,5362,5206.91,1032,38,716,336,1.01
algo=NN|exp=sim|one_way=True|policy=replan|robots=15|seed=9|width=1,1,True,15,NN,replan,9,True,984.4540092272682,6876,5042,4281.19,907,40,562,249,1.04
algo=NN|exp=sim|one_way=True|policy=replan|robots=15|seed=10|width=1,1,True,15,NN,replan,10,True,948.5257674295419,6488,4960,3652.5,905,21,469,282,1.06
algo=NN|exp=sim|one_way=True|policy=replan|robots=15|seed=11|width=1,1,True,15,NN,replan,11,True,949.2458645005319,6974,5054,5060.01,1089,43,671,333,1.04
algo=NN|exp=sim|one_way=True|policy=replan|robots=15|seed=13|width=1,1,True,15,NN,replan,13,True,1032.076064848231,6812,5172,4445.97,832,36,614,256,1.06
algo=NN|exp=sim|one_way=True|policy=replan|robots=15|seed=12|width=1,1,True,15,NN,replan,12,True,952.7066818571974,7058,5126,4408.32,1087,38,594,350,1.19
algo=NN|exp=sim|one_way=True|policy=replan|robots=15|seed=14|width=1,1,True,15,NN,replan,14,True,870.5554907288456,6628,5152,3182.08,830,32,411,236,1.25
algo=NN|exp=sim|one_way=True|policy=replan|robots=15|seed=16|width=1,1,True,15,NN,replan,16,True,943.0449892137844,6578,5038,3636.23,853,33,477,255,1.04
algo=NN|exp=sim|one_way=True|policy=replan|robots=15|seed=17|width=1,1,True,15,NN,replan,17,True,1007.8120391489662,6528,4972,4032.68,892,30,540,256,1.13
algo=NN|exp=sim|one_way=True|policy=replan|robots=15|seed=19|width=1,1,True,15,NN,replan,19,True,747.8066783072031,6654,5144,2708.43,831,24,313,216,1.0
algo=NN|exp=sim|one_way=True|policy=replan|robots=15|seed=18|width=1,1,True,15,NN,replan,18,True,857.1501360089993,6524,4900,4097.75,1017,39,551,318,1.1
algo=NN2opt|exp=sim|one_way=True|policy=wait|robots=15|seed=0|width=1,1,True,15,NN2opt,wait,0,True,944.3663510878656,6496,4996,4359.97,860,13,581,265,5.7
algo=NN2opt|exp=sim|one_way=True|policy=wait|robots=15|seed=1|width=1,1,True,15,NN2opt,wait,1,True,969.3684126684606,6516,5190,4959.67,916,19,640,252,5.82
algo=NN2opt|exp=sim|one_way=True|policy=wait|robots=15|seed=2|width=1,1,True,15,NN2opt,wait,2,True,947.4439806786252,6634,5086,3831.65,999,13,520,303,5.43
algo=NN2opt|exp=sim|one_way=True|policy=wait|robots=15|seed=3|width=1,1,True,15,NN2opt,wait,3,True,869.74678091279,6326,4978,3516.54,780,7,464,230,5.76
algo=NN2opt|exp=sim|one_way=True|policy=wait|robots=15|seed=4|width=1,1,True,15,NN2opt,wait,4,True,952.6352871116187,6478,5108,4317.44,930,21,561,243,6.0
algo=NN2opt|exp=sim|one_way=True|policy=wait|robots=15|seed=5|width=1,1,True,15,NN2opt,wait,5,True,900.098211023497,6516,5016,3843.45,894,10,544,277,5.57
algo=NN|exp=sim|one_way=True|policy=replan|robots=15|seed=6|width=1,1,True,15,NN,replan,6,False,inf,7912,3438,56736.13,2897,10,10489,2558,0.68
algo=NN2opt|exp=sim|one_way=True|policy=wait|robots=15|seed=6|width=1,1,True,15,NN2opt,wait,6,True,974.4760043086807,6454,5060,3945.96,892,19,519,258,5.84
algo=NN2opt|exp=sim|one_way=True|policy=wait|robots=15|seed=7|width=1,1,True,15,NN2opt,wait,7,True,1191.856198234198,7158,5066,5938.0,1110,24,844,381,5.66
algo=NN2opt|exp=sim|one_way=True|policy=wait|robots=15|seed=9|width=1,1,True,15,NN2opt,wait,9,True,872.0318338334387,6428,4992,3761.71,794,11,481,229,6.06
algo=NN2opt|exp=sim|one_way=True|policy=wait|robots=15|seed=10|width=1,1,True,15,NN2opt,wait,10,True,1001.5435920506267,6312,4930,4815.43,790,12,658,245,5.56
algo=NN2opt|exp=sim|one_way=True|policy=wait|robots=15|seed=8|width=1,1,True,15,NN2opt,wait,8,True,971.3684954976204,6894,5304,4690.3,949,20,629,298,5.64
algo=NN2opt|exp=sim|one_way=True|policy=wait|robots=15|seed=11|width=1,1,True,15,NN2opt,wait,11,True,895.197494815962,6376,5020,3673.58,831,16,450,215,5.65
algo=NN2opt|exp=sim|one_way=True|policy=wait|robots=15|seed=12|width=1,1,True,15,NN2opt,wait,12,True,995.7692780337038,6994,5082,4689.32,1126,17,607,363,5.97
algo=NN2opt|exp=sim|one_way=True|policy=wait|robots=15|seed=13|width=1,1,True,15,NN2opt,wait,13,True,862.2120043689373,6250,5140,3139.55,752,13,381,182,5.61
algo=NN2opt|exp=sim|one_way=True|policy=wait|robots=15|seed=14|width=1,1,True,15,NN2opt,wait,14,True,792.8156927937907,6330,5086,2823.38,811,10,322,219,6.05
algo=NN2opt|exp=sim|one_way=True|policy=wait|robots=15|seed=17|width=1,1,True,15,NN2opt,wait,17,True,818.2452418878645,6476,4930,3430.52,947,15,422,273,5.64
algo=NN2opt|exp=sim|one_way=True|policy=wait|robots=15|seed=16|width=1,1,True,15,NN2opt,wait,16,True,1095.629550302459,6742,4996,5494.18,929,14,785,311,5.92
algo=NN2opt|exp=sim|one_way=True|policy=wait|robots=15|seed=15|width=1,1,True,15,NN2opt,wait,15,True,1082.5017553001708,7112,5110,4779.66,1049,21,685,367,5.56
algo=NN|exp=sim|one_way=True|policy=replan|robots=15|seed=15|width=1,1,True,15,NN,replan,15,False,inf,6104,1890,58346.56,2620,3,10829,2503,0.35
algo=NN2opt|exp=sim|one_way=True|policy=wait|robots=15|seed=19|width=1,1,True,15,NN2opt,wait,19,True,924.0,6544,5112,3623.28,886,10,460,248,5.74
algo=NN2opt|exp=sim|one_way=True|policy=replan|robots=15|seed=0|width=1,1,True,15,NN2opt,replan,0,True,1038.9754786044905,6936,4996,4672.11,1077,37,618,347,5.93
algo=NN2opt|exp=sim|one_way=True|policy=replan|robots=15|seed=1|width=1,1,True,15,NN2opt,replan,1,True,824.2530572340446,6548,5190,3463.6,973,24,431,275,5.77
algo=NN2opt|exp=sim|one_way=True|policy=replan|robots=15|seed=2|width=1,1,True,15,NN2opt,replan,2,True,844.6031078277954,6278,5086,3619.07,772,35,468,210,5.31
algo=NN2opt|exp=sim|one_way=True|policy=replan|robots=15|seed=3|width=1,1,True,15,NN2opt,replan,3,True,1059.8874341172664,6660,4978,3673.61,845,41,492,262,5.59
algo=NN2opt|exp=sim|one_way=True|policy=replan|robots=15|seed=4|width=1,1,True,15,NN2opt,replan,4,True,879.812419428663,6672,5108,3663.94,879,39,508,255,5.77
algo=NN2opt|exp=sim|one_way=True|policy=replan|robots=15|seed=5|width=1,1,True,15,NN2opt,replan,5,True,850.6126823794125,6742,5016,3572.3,921,32,481,279,5.72
algo=NN2opt|exp=sim|one_way=True|policy=replan|robots=15|seed=6|width=1,1,True,15,NN2opt,replan,6,True,974.3747412963758,6522,5060,4293.74,864,24,611,278,6.05
algo=NN2opt|exp=sim|one_way=True|policy=replan|robots=15|seed=8|width=1,1,True,15,NN2opt,replan,8,True,883.3295332142734,6934,5304,3565.56,917,28,459,279,5.73
algo=NN2opt|exp=sim|one_way=True|policy=replan|robots=15|seed=7|width=1,1,True,15,NN2opt,replan,7,True,899.3121295154476,6764,5066,3470.54,1113,38,408,312,5.69
algo=NN2opt|exp=sim|one_way=True|policy=replan|robots=15|seed=9|width=1,1,True,15,NN2opt,replan,9,True,978.2782167673961,6706,4992,4068.98,832,44,578,266,6.02
algo=NN2opt|exp=sim|one_way=True|policy=wait|robots=15|seed=18|width=1,1,True,15,NN2opt,wait,18,False,inf,5921,3542,60864.68,1913,9,7765,1521,4.27
algo=NN2opt|exp=sim|one_way=True|policy=replan|robots=15|seed=10|width=1,1,True,15,NN2opt,replan,10,True,1017.2945389256573,6818,4930,5239.1,1024,47,665,278,5.62
algo=NN2opt|exp=sim|one_way=True|policy=replan|robots=15|seed=11|width=1,1,True,15,NN2opt,replan,11,True,919.6342267166212,6622,5020,3956.73,943,26,518,280,5.96
algo=NN2opt|exp=sim|one_way=True|policy=replan|robots=15|seed=14|width=1,1,True,15,NN2opt,replan,14,True,853.5198662210427,6562,5086,3149.72,838,30,398,248,6.18
algo=NN2opt|exp=sim|one_way=True|policy=replan|robots=15|seed=13|width=1,1,True,15,NN2opt,replan,13,True,950.4775770162203,6894,5140,3773.5,985,39,480,276,6.04
algo=NN2opt|exp=sim|one_way=True|policy=replan|robots=15|seed=12|width=1,1,True,15,NN2opt,replan,12,True,1009.8734756922076,7348,5082,4540.08,1175,48,606,394,6.0
algo=NN2opt|exp=sim|one_way=True|policy=replan|robots=15|seed=15|width=1,1,True,15,NN2opt,replan,15,True,809.6339913261339,6460,5110,3314.6,774,25,450,239,5.74
algo=NN2opt|exp=sim|one_way=True|policy=replan|robots=15|seed=16|width=1,1,True,15,NN2opt,replan,16,True,967.7919613623526,6622,4996,4166.38,941,42,550,280,5.78
algo=NN2opt|exp=sim|one_way=True|policy=replan|robots=15|seed=17|width=1,1,True,15,NN2opt,replan,17,True,1000.1009531460668,6742,4930,3815.99,1021,47,511,316,5.5
algo=NN2opt|exp=sim|one_way=True|policy=replan|robots=15|seed=18|width=1,1,True,15,NN2opt,replan,18,True,996.236427918046,6642,4836,5416.5,1034,44,747,340,5.86
algo=NN2opt|exp=sim|one_way=True|policy=replan|robots=15|seed=19|width=1,1,True,15,NN2opt,replan,19,True,864.2390533511184,6392,5112,3023.41,831,32,350,203,5.71
algo=GA|exp=sim|one_way=True|policy=wait|robots=15|seed=3|width=1,1,True,15,GA,wait,3,False,inf,8003,3556,56370.8,2889,6,10695,2489,12643.37
algo=GA|exp=sim|one_way=True|policy=wait|robots=15|seed=5|width=1,1,True,15,GA,wait,5,False,inf,9031,4178,56044.42,2926,1,10095,2540,14505.38
algo=GA|exp=sim|one_way=True|policy=wait|robots=15|seed=2|width=1,1,True,15,GA,wait,2,True,985.638877850547,6482,5002,4509.89,842,20,679,281,17150.01
algo=GA|exp=sim|one_way=True|policy=wait|robots=15|seed=0|width=1,1,True,15,GA,wait,0,True,798.0,6556,4918,3267.91,875,8,387,261,17271.84
algo=GA|exp=sim|one_way=True|policy=wait|robots=15|seed=1|width=1,1,True,15,GA,wait,1,True,829.5995522348221,6314,5070,3592.33,784,8,447,206,17259.75
algo=GA|exp=sim|one_way=True|policy=wait|robots=15|seed=4|width=1,1,True,15,GA,wait,4,True,858.6776326005485,6358,5044,3723.42,824,12,484,213,17178.65
algo=GA|exp=sim|one_way=True|policy=wait|robots=15|seed=6|width=1,1,True,15,GA,wait,6,True,901.468752580216,6412,5020,3441.42,823,13,438,247,17106.95
algo=GA|exp=sim|one_way=True|policy=wait|robots=15|seed=7|width=1,1,True,15,GA,wait,7,True,964.541739551845,6222,4938,4250.1,817,8,585,269,16958.63
algo=GA|exp=sim|one_way=True|policy=wait|robots=15|seed=8|width=1,1,True,15,GA,wait,8,True,892.4848111453936,6460,5198,4051.99,720,14,540,207,17021.86
algo=GA|exp=sim|one_way=True|policy=wait|robots=15|seed=9|width=1,1,True,15,GA,wait,9,True,790.9695576585942,6238,5020,3158.52,695,10,397,200,17053.09
algo=GA|exp=sim|one_way=True|policy=wait|robots=15|seed=12|width=1,1,True,15,GA,wait,12,True,851.0480095700015,6338,4976,3602.64,794,11,448,227,17074.24
algo=GA|exp=sim|one_way=True|policy=wait|robots=15|seed=10|width=1,1,True,15,GA,wait,10,True,977.1488014120463,6490,4840,4122.47,915,21,567,286,17086.21
algo=GA|exp=sim|one_way=True|policy=wait|robots=15|seed=11|width=1,1,True,15,GA,wait,11,True,890.5466604539853,6436,4970,3802.97,873,14,501,259,17180.04
algo=GA|exp=sim|one_way=True|policy=wait|robots=15|seed=13|width=1,1,True,15,GA,wait,13,True,1005.884480536686,6742,5104,4474.26,917,18,590,256,17052.35
algo=GA|exp=sim|one_way=True|policy=wait|robots=15|seed=14|width=1,1,True,15,GA,wait,14,True,750.5529558601852,6236,5006,2581.32,817,6,324,236,16971.28
algo=GA|exp=sim|one_way=True|policy=wait|robots=15|seed=15|width=1,1,True,15,GA,wait,15,True,856.3863826008285,6502,5034,3103.47,842,8,405,248,16995.62
algo=GA|exp=sim|one_way=True|policy=wait|robots=15|seed=16|width=1,1,True,15,GA,wait,16,True,766.0,5990,4908,1888.86,662,11,220,167,17045.61
algo=GA|exp=sim|one_way=True|policy=wait|robots=15|seed=18|width=1,1,True,15,GA,wait,18,True,779.7840616675114,6290,4820,3077.76,943,15,349,250,17146.62
algo=GA|exp=sim|one_way=True|policy=wait|robots=15|seed=17|width=1,1,True,15,GA,wait,17,True,798.50934065746,6074,4868,2937.38,794,11,365,225,17180.23
algo=GA|exp=sim|one_way=True|policy=replan|robots=15|seed=0|width=1,1,True,15,GA,replan,0,True,770.0126662707041,6302,4918,3186.45,728,21,428,224,17071.4
algo=GA|exp=sim|one_way=True|policy=wait|robots=15|seed=19|width=1,1,True,15,GA,wait,19,True,877.0013196736853,6584,5040,3381.4,915,13,453,299,17217.54
algo=GA|exp=sim|one_way=True|policy=replan|robots=15|seed=6|width=1,1,True,15,GA,replan,6,False,inf,5033,2810,60670.8,1501,10,8439,1275,9650.56
algo=GA|exp=sim|one_way=True|policy=replan|robots=15|seed=1|width=1,1,True,15,GA,replan,1,False,inf,7760,4654,59123.4,1983,17,7561,1509,15673.39
algo=GA|exp=sim|one_way=True|policy=replan|robots=15|seed=2|width=1,1,True,15,GA,replan,2,False,inf,6338,4032,47110.83,1683,29,7441,1284,14098.6
algo=GA|exp=sim|one_way=True|policy=replan|robots=15|seed=5|width=1,1,True,15,GA,replan,5,False,inf,9031,4178,56044.42,2926,9,10095,2540,14602.24
algo=GA|exp=sim|one_way=True|policy=replan|robots=15|seed=3|width=1,1,True,15,GA,replan,3,True,879.0057396034658,6344,4940,3469.22,785,27,471,247,17188.98
algo=GA|exp=sim|one_way=True|policy=replan|robots=15|seed=4|width=1,1,True,15,GA,replan,4,True,899.116656318967,6192,5044,3671.6,702,31,458,180,17198.7
algo=GA|exp=sim|one_way=True|policy=replan|robots=15|seed=7|width=1,1,True,15,GA,replan,7,True,1019.7410091832159,6368,4938,4896.19,751,31,716,242,17189.69
algo=GA|exp=sim|one_way=True|policy=replan|robots=15|seed=8|width=1,1,True,15,GA,replan,8,True,857.713984542537,6678,5198,3170.38,785,34,394,210,17075.99
algo=GA|exp=sim|one_way=True|policy=replan|robots=15|seed=9|width=1,1,True,15,GA,replan,9,True,859.1910539402356,6768,5020,3022.17,911,27,394,285,17098.88
algo=GA|exp=sim|one_way=True|policy=replan|robots=15|seed=10|width=1,1,True,15,GA,replan,10,True,1091.8679274227895,6568,4840,4083.79,825,41,590,262,17099.05
algo=GA|exp=sim|one_way=True|policy=replan|robots=15|seed=11|width=1,1,True,15,GA,replan,11,True,897.6299492609978,6304,4970,3584.48,926,36,423,262,17138.89
algo=GA|exp=sim|one_way=True|policy=replan|robots=15|seed=12|width=1,1,True,15,GA,replan,12,True,849.0251508654079,6234,4976,3344.07,852,21,377,234,17146.76
algo=GA|exp=sim|one_way=True|policy=replan|robots=15|seed=13|width=1,1,True,15,GA,replan,13,True,1000.1145306494727,6644,5104,4291.92,800,34,605,252,17139.44
algo=GA|exp=sim|one_way=True|policy=replan|robots=15|seed=14|width=1,1,True,15,GA,replan,14,True,784.5579203526755,6432,5006,3246.43,775,18,426,231,17220.49
algo=ACO|exp=sim|one_way=True|policy=wait|robots=15|seed=0|width=1,1,True,15,ACO,wait,0,True,904.5077675438646,6170,4888,3896.04,729,15,531,220,2904.03
algo=ACO|exp=sim|one_way=True|policy=wait|robots=15|seed=1|width=1,1,True,15,ACO,wait,1,True,834.1220016011531,6646,5048,3335.59,952,14,416,288,2910.87
algo=ACO|exp=sim|one_way=True|policy=wait|robots=15|seed=2|width=1,1,True,15,ACO,wait,2,True,722.6167625389611,6170,4966,2656.43,731,11,346,215,2927.92
algo=ACO|exp=sim|one_way=True|policy=wait|robots=15|seed=3|width=1,1,True,15,ACO,wait,3,True,894.8925674877663,6188,4836,4232.26,903,12,552,285,2934.31
algo=ACO|exp=sim|one_way=True|policy=wait|robots=15|seed=4|width=1,1,True,15,ACO,wait,4,True,975.1317030456452,6362,4990,4640.37,810,16,637,253,2918.22
algo=ACO|exp=sim|one_way=True|policy=wait|robots=15|seed=5|width=1,1,True,15,ACO,wait,5,True,837.7813447922883,6094,4840,3984.43,858,10,543,242,2917.75
algo=GA|exp=sim|one_way=True|policy=replan|robots=15|seed=15|width=1,1,True,15,GA,replan,15,True,776.8199330846481,6576,5034,3159.11,866,21,412,259,17154.18
algo=ACO|exp=sim|one_way=True|policy=wait|robots=15|seed=6|width=1,1,True,15,ACO,wait,6,True,797.234596548343,5872,4950,2867.07,657,13,366,156,2976.16
algo=ACO|exp=sim|one_way=True|policy=wait|robots=15|seed=7|width=1,1,True,15,ACO,wait,7,True,802.2688048716045,6212,4902,3143.01,847,9,400,245,2959.29
algo=GA|exp=sim|one_way=True|policy=replan|robots=15|seed=16|width=1,1,True,15,GA,replan,16,True,687.4317613276303,5778,4908,1739.43,615,14,203,156,17058.92
algo=GA|exp=sim|one_way=True|policy=replan|robots=15|seed=17|width=1,1,True,15,GA,replan,17,True,839.3175813716045,6226,4868,2785.9,767,28,355,229,17093.72
algo=ACO|exp=sim|one_way=True|policy=wait|robots=15|seed=8|width=1,1,True,15,ACO,wait,8,True,1054.4995931308501,6906,5144,5754.67,968,16,819,336,2909.02
algo=ACO|exp=sim|one_way=True|policy=wait|robots=15|seed=9|width=1,1,True,15,ACO,wait,9,True,830.1444427084855,6368,4898,2888.69,812,12,398,256,2895.73
algo=GA|exp=sim|one_way=True|policy=replan|robots=15|seed=18|width=1,1,True,15,GA,replan,18,True,882.0310543894963,6586,4820,4204.66,986,45,566,296,17172.01
algo=GA|exp=sim|one_way=True|policy=replan|robots=15|seed=19|width=1,1,True,15,GA,replan,19,True,851.0077289557989,6436,5040,3182.41,865,24,386,251,17071.21
algo=ACO|exp=sim|one_way=True|policy=wait|robots=15|seed=10|width=1,1,True,15,ACO,wait,10,True,791.2420257741622,5966,4784,2795.21,827,9,282,185,2917.38
algo=ACO|exp=sim|one_way=True|policy=wait|robots=15|seed=11|width=1,1,True,15,ACO,wait,11,True,923.0257417960127,6038,4884,3537.34,767,14,462,205,2926.06
algo=ACO|exp=sim|one_way=True|policy=wait|robots=15|seed=12|width=1,1,True,15,ACO,wait,12,True,758.4642256314244,5982,4934,2395.53,726,2,267,186,2919.45
algo=ACO|exp=sim|one_way=True|policy=wait|robots=15|seed=13|width=1,1,True,15,ACO,wait,13,True,831.4628660266712,6256,5052,3077.77,695,11,401,192,2900.47
algo=ACO|exp=sim|one_way=True|policy=wait|robots=15|seed=14|width=1,1,True,15,ACO,wait,14,True,752.1919874118179,5986,4994,2687.89,673,14,347,177,2888.11
algo=ACO|exp=sim|one_way=True|policy=wait|robots=15|seed=15|width=1,1,True,15,ACO,wait,15,True,935.7716131342305,6514,4992,4189.38,982,15,542,291,2893.95
algo=ACO|exp=sim|one_way=True|policy=wait|robots=15|seed=16|width=1,1,True,15,ACO,wait,16,True,871.357481918878,6234,4808,3573.3,803,12,485,242,2900.99
algo=ACO|exp=sim|one_way=True|policy=wait|robots=15|seed=17|width=1,1,True,15,ACO,wait,17,True,897.3941554817989,6022,4774,4148.61,797,10,561,261,2906.25
algo=ACO|exp=sim|one_way=True|policy=wait|robots=15|seed=18|width=1,1,True,15,ACO,wait,18,True,959.5320828158887,6032,4736,3873.7,719,14,522,224,2891.17
algo=ACO|exp=sim|one_way=True|policy=wait|robots=15|seed=19|width=1,1,True,15,ACO,wait,19,True,838.3272116033537,6146,4958,2747.94,734,12,308,191,2942.48
algo=ACO|exp=sim|one_way=True|policy=replan|robots=15|seed=0|width=1,1,True,15,ACO,replan,0,True,804.268135376703,6050,4888,3413.96,755,22,460,221,2905.47
algo=ACO|exp=sim|one_way=True|policy=replan|robots=15|seed=1|width=1,1,True,15,ACO,replan,1,True,897.5579809658021,6474,5048,3268.6,862,26,407,237,2926.93
algo=ACO|exp=sim|one_way=True|policy=replan|robots=15|seed=2|width=1,1,True,15,ACO,replan,2,True,739.5544276166687,6048,4966,2645.86,713,27,346,191,2955.16
algo=ACO|exp=sim|one_way=True|policy=replan|robots=15|seed=3|width=1,1,True,15,ACO,replan,3,True,837.9948977609333,6242,4836,3519.88,907,34,468,289,2928.7
algo=ACO|exp=sim|one_way=True|policy=replan|robots=15|seed=4|width=1,1,True,15,ACO,replan,4,True,853.6820003650911,6302,4990,3706.13,807,31,494,236,2942.81
algo=ACO|exp=sim|one_way=True|policy=replan|robots=15|seed=5|width=1,1,True,15,ACO,replan,5,True,812.9103780470485,6046,4840,3048.72,765,25,381,216,2926.51
algo=ACO|exp=sim|one_way=True|policy=replan|robots=15|seed=6|width=1,1,True,15,ACO,replan,6,False,inf,8596,3990,56020.65,2812,25,10237,2367,2351.96
algo=ACO|exp=sim|one_way=True|policy=replan|robots=15|seed=7|width=1,1,True,15,ACO,replan,7,False,inf,9134,4464,55327.51,2854,22,10444,2378,2653.89
algo=ACO|exp=sim|one_way=True|policy=replan|robots=15|seed=8|width=1,1,True,15,ACO,replan,8,True,938.2457911822659,6364,5144,3989.79,763,23,540,225,2939.25
algo=ACO|exp=sim|one_way=True|policy=replan|robots=15|seed=9|width=1,1,True,15,ACO,replan,9,True,830.1444427084855,6368,4898,2888.69,812,21,398,256,2925.37
algo=ACO|exp=sim|one_way=True|policy=replan|robots=15|seed=10|width=1,1,True,15,ACO,replan,10,True,731.0,5762,4784,2266.34,688,18,213,148,2954.15
algo=ACO|exp=sim|one_way=True|policy=replan|robots=15|seed=11|width=1,1,True,15,ACO,replan,11,True,838.3850979237093,6158,4884,3753.19,772,29,495,221,2940.66
algo=ACO|exp=sim|one_way=True|policy=replan|robots=15|seed=12|width=1,1,True,15,ACO,replan,12,True,843.4200162786274,6236,4934,3004.5,725,28,390,201,2901.36
algo=ACO|exp=sim|one_way=True|policy=replan|robots=15|seed=13|width=1,1,True,15,ACO,replan,13,True,872.4665923300148,6568,5052,3647.38,829,39,476,256,2907.22
algo=ACO|exp=sim|one_way=True|policy=replan|robots=15|seed=14|width=1,1,True,15,ACO,replan,14,True,943.5509492130184,6458,4994,3963.63,911,36,539,272,2891.75
algo=ACO|exp=sim|one_way=True|policy=replan|robots=15|seed=15|width=1,1,True,15,ACO,replan,15,True,895.9731216291557,6660,4992,3455.53,977,46,418,280,2903.49
algo=ACO|exp=sim|one_way=True|policy=replan|robots=15|seed=16|width=1,1,True,15,ACO,replan,16,True,818.5026373426838,6338,4808,3319.11,844,30,439,241,2913.04
algo=ACO|exp=sim|one_way=True|policy=replan|robots=15|seed=17|width=1,1,True,15,ACO,replan,17,True,796.0,6470,4774,3321.18,973,34,400,278,2898.07
algo=ACO|exp=sim|one_way=True|policy=replan|robots=15|seed=18|width=1,1,True,15,ACO,replan,18,True,839.3225129310395,6370,4736,3131.52,810,24,422,266,2913.37
algo=ACO|exp=sim|one_way=True|policy=replan|robots=15|seed=19|width=1,1,True,15,ACO,replan,19,True,816.0937545889333,6250,4958,2871.13,855,31,348,249,2878.55
algo=ALO|exp=sim|one_way=True|policy=wait|robots=15|seed=0|width=1,1,True,15,ALO,wait,0,True,829.372584082404,6674,5306,3213.82,816,9,434,259,14801.23
algo=ALO|exp=sim|one_way=True|policy=wait|robots=15|seed=1|width=1,1,True,15,ALO,wait,1,True,900.2702850202331,6678,5370,4029.68,833,11,510,235,14691.1
algo=ALO|exp=sim|one_way=True|policy=wait|robots=15|seed=2|width=1,1,True,15,ALO,wait,2,True,1016.4192309382593,7098,5538,4409.72,907,13,554,252,14640.91
algo=ALO|exp=sim|one_way=True|policy=wait|robots=15|seed=3|width=1,1,True,15,ALO,wait,3,True,1044.1360494385663,6974,5338,4872.07,1000,15,670,310,14681.01
algo=ALO|exp=sim|one_way=True|policy=wait|robots=15|seed=4|width=1,1,True,15,ALO,wait,4,True,1196.7710066969198,7082,5372,6409.57,1010,22,893,342,14713.04
algo=ALO|exp=sim|one_way=True|policy=wait|robots=15|seed=6|width=1,1,True,15,ALO,wait,6,True,1037.9681470750243,7472,5576,5063.55,971,23,663,288,14764.67
algo=ALO|exp=sim|one_way=True|policy=wait|robots=15|seed=5|width=1,1,True,15,ALO,wait,5,True,895.8836880697554,6864,5278,3517.89,878,10,469,276,14819.92
algo=ALO|exp=sim|one_way=True|policy=wait|robots=15|seed=7|width=1,1,True,15,ALO,wait,7,True,981.5248903490453,6796,5456,3505.53,936,18,450,271,14952.24
algo=ALO|exp=sim|one_way=True|policy=wait|robots=15|seed=8|width=1,1,True,15,ALO,wait,8,True,1095.700030639302,7484,5754,5100.22,976,16,714,318,14932.59
algo=ALO|exp=sim|one_way=True|policy=wait|robots=15|seed=9|width=1,1,True,15,ALO,wait,9,True,916.6895446721229,6936,5348,3684.04,909,12,522,307,14919.56
algo=ALO|exp=sim|one_way=True|policy=wait|robots=15|seed=10|width=1,1,True,15,ALO,wait,10,True,1067.1562771689776,6784,5374,5201.59,912,13,713,284,14921.4
algo=ALO|exp=sim|one_way=True|policy=wait|robots=15|seed=11|width=1,1,True,15,ALO,wait,11,True,907.7301531207572,6804,5382,4081.88,903,15,499,229,15019.32
algo=ALO|exp=sim|one_way=True|policy=wait|robots=15|seed=12|width=1,1,True,15,ALO,wait,12,True,915.6493890677064,7094,5494,3332.44,944,7,416,273,14897.09
algo=ALO|exp=sim|one_way=True|policy=wait|robots=15|seed=13|width=1,1,True,15,ALO,wait,13,True,1007.8088322634147,7306,5574,5061.62,1009,15,676,304,14928.91
algo=ALO|exp=sim|one_way=True|policy=wait|robots=15|seed=18|width=1,1,True,15,ALO,wait,18,False,inf,7035,2476,57256.92,2823,4,10946,2526,6842.1
algo=ALO|exp=sim|one_way=True|policy=wait|robots=15|seed=14|width=1,1,True,15,ALO,wait,14,True,878.0358944166712,6566,5280,3792.24,844,10,447,226,14772.51
algo=ALO|exp=sim|one_way=True|policy=wait|robots=15|seed=15|width=1,1,True,15,ALO,wait,15,True,1079.224876812746,7456,5492,5261.01,1037,21,714,333,14655.09
algo=ALO|exp=sim|one_way=True|policy=wait|robots=15|seed=16|width=1,1,True,15,ALO,wait,16,True,969.4666015917604,6962,5250,4117.93,1014,9,514,325,14624.34
algo=ALO|exp=sim|one_way=True|policy=wait|robots=15|seed=17|width=1,1,True,15,ALO,wait,17,True,947.8968523356958,6990,5436,4220.22,988,7,583,330,14634.35
algo=ALO|exp=sim|one_way=True|policy=wait|robots=15|seed=19|width=1,1,True,15,ALO,wait,19,True,838.9269884991709,6704,5404,3509.28,906,11,388,224,14606.8
algo=ALO|exp=sim|one_way=True|policy=replan|robots=15|seed=0|width=1,1,True,15,ALO,replan,0,False,inf,9798,4708,40105.68,2945,16,7888,2458,13047.74
algo=ALO|exp=sim|one_way=True|policy=replan|robots=15|seed=1|width=1,1,True,15,ALO,replan,1,True,1062.527888469379,6742,5370,4231.53,830,24,592,267,14654.48
algo=ALO|exp=sim|one_way=True|policy=replan|robots=15|seed=2|width=1,1,True,15,ALO,replan,2,True,1036.877217631697,7282,5538,4810.05,927,29,669,305,14811.75
algo=ALO|exp=sim|one_way=True|policy=replan|robots=15|seed=4|width=1,1,True,15,ALO,replan,4,True,909.3427364821993,6936,5372,3437.4,950,36,423,258,14743.56
algo=ALO|exp=sim|one_way=True|policy=replan|robots=15|seed=3|width=1,1,True,15,ALO,replan,3,True,1027.834313511566,6964,5338,4280.07,1161,41,505,331,14851.94
algo=ALO|exp=sim|one_way=True|policy=replan|robots=15|seed=5|width=1,1,True,15,ALO,replan,5,True,913.6730863219018,6944,5278,3544.32,900,26,477,285,14771.01
algo=ALO|exp=sim|one_way=True|policy=replan|robots=15|seed=6|width=1,1,True,15,ALO,replan,6,True,934.3469103146507,7290,5576,3651.42,983,31,435,269,14869.12
algo=ALO|exp=sim|one_way=True|policy=replan|robots=15|seed=7|width=1,1,True,15,ALO,replan,7,True,976.2441463087009,6678,5456,3215.26,721,18,424,213,14872.33
algo=ALO|exp=sim|one_way=True|policy=replan|robots=15|seed=8|width=1,1,True,15,ALO,replan,8,True,957.9597650779166,7444,5754,3280.91,816,24,457,252,14624.6
algo=ALO|exp=sim|one_way=True|policy=replan|robots=15|seed=9|width=1,1,True,15,ALO,replan,9,True,1019.6049321896945,7134,5348,3810.84,869,29,514,269,14795.74
algo=ALO|exp=sim|one_way=True|policy=replan|robots=15|seed=10|width=1,1,True,15,ALO,replan,10,True,1134.0977110530225,7112,5374,5428.68,816,40,779,280,14717.59
algo=ALO|exp=sim|one_way=True|policy=replan|robots=15|seed=11|width=1,1,True,15,ALO,replan,11,True,1152.7896282501704,7238,5382,5519.4,1066,47,744,330,14610.99
algo=ALO|exp=sim|one_way=True|policy=replan|robots=15|seed=12|width=1,1,True,15,ALO,replan,12,True,1020.7942030711233,7078,5494,4116.28,1038,34,547,308,14695.38
algo=ALO|exp=sim|one_way=True|policy=replan|robots=15|seed=13|width=1,1,True,15,ALO,replan,13,True,1108.2798328090648,7272,5574,5186.43,919,33,715,285,14675.97
algo=Hybrid|exp=sim|one_way=True|policy=wait|robots=15|seed=0|width=1,1,True,15,Hybrid,wait,0,True,857.9187508561745,5974,4888,3358.59,663,9,429,167,33.21
algo=ALO|exp=sim|one_way=True|policy=replan|robots=15|seed=14|width=1,1,True,15,ALO,replan,14,True,849.0666497231066,6736,5280,3537.28,867,33,452,244,14776.0
algo=Hybrid|exp=sim|one_way=True|policy=wait|robots=15|seed=1|width=1,1,True,15,Hybrid,wait,1,True,805.0,6006,5048,2634.24,704,7,327,180,34.13
algo=Hybrid|exp=sim|one_way=True|policy=wait|robots=15|seed=2|width=1,1,True,15,Hybrid,wait,2,True,827.7562909586051,6232,4978,2956.24,820,10,351,213,32.1
algo=Hybrid|exp=sim|one_way=True|policy=wait|robots=15|seed=3|width=1,1,True,15,Hybrid,wait,3,True,780.2383086535957,6164,4842,2772.85,735,12,342,200,35.25
algo=Hybrid|exp=sim|one_way=True|policy=wait|robots=15|seed=4|width=1,1,True,15,Hybrid,wait,4,True,739.0,6144,4994,2584.07,762,12,317,207,35.18
algo=Hybrid|exp=sim|one_way=True|policy=wait|robots=15|seed=5|width=1,1,True,15,Hybrid,wait,5,True,716.0,6070,4846,2634.02,792,4,329,226,37.05
algo=Hybrid|exp=sim|one_way=True|policy=wait|robots=15|seed=6|width=1,1,True,15,Hybrid,wait,6,True,758.4189956952177,6010,4954,2566.03,637,7,320,158,36.98
algo=Hybrid|exp=sim|one_way=True|policy=wait|robots=15|seed=7|width=1,1,True,15,Hybrid,wait,7,True,835.695682324206,6070,4906,3199.92,942,7,339,222,38.98
algo=Hybrid|exp=sim|one_way=True|policy=wait|robots=15|seed=8|width=1,1,True,15,Hybrid,wait,8,True,688.3509794238848,6166,5144,2057.35,723,4,219,170,35.39
algo=Hybrid|exp=sim|one_way=True|policy=wait|robots=15|seed=9|width=1,1,True,15,Hybrid,wait,9,True,727.3341537434553,5922,4912,2256.18,692,4,268,175,35.11
algo=Hybrid|exp=sim|one_way=True|policy=wait|robots=15|seed=10|width=1,1,True,15,Hybrid,wait,10,True,788.0,6000,4800,2737.85,806,7,309,202,36.03
algo=Hybrid|exp=sim|one_way=True|policy=wait|robots=15|seed=11|width=1,1,True,15,Hybrid,wait,11,True,905.1153962583086,6440,4888,4115.96,861,14,582,284,34.04
algo=Hybrid|exp=sim|one_way=True|policy=wait|robots=15|seed=12|width=1,1,True,15,Hybrid,wait,12,True,927.4639611430987,6292,4940,4230.61,896,8,563,272,36.79
algo=Hybrid|exp=sim|one_way=True|policy=wait|robots=15|seed=14|width=1,1,True,15,Hybrid,wait,14,True,717.765914494534,6098,4998,2413.26,701,3,306,214,34.45
algo=Hybrid|exp=sim|one_way=True|policy=wait|robots=15|seed=13|width=1,1,True,15,Hybrid,wait,13,True,838.0473345924377,6562,5052,3349.84,957,11,409,264,30.7
algo=Hybrid|exp=sim|one_way=True|policy=wait|robots=15|seed=15|width=1,1,True,15,Hybrid,wait,15,True,887.8680820187319,6258,4996,3247.09,753,11,392,204,35.95
algo=Hybrid|exp=sim|one_way=True|policy=wait|robots=15|seed=16|width=1,1,True,15,Hybrid,wait,16,True,850.9866474714399,6252,4808,3764.31,920,14,497,277,39.55
algo=Hybrid|exp=sim|one_way=True|policy=wait|robots=15|seed=18|width=1,1,True,15,Hybrid,wait,18,True,1014.7874209240466,6532,4738,5679.9,1001,11,791,335,33.35
algo=Hybrid|exp=sim|one_way=True|policy=wait|robots=15|seed=19|width=1,1,True,15,Hybrid,wait,19,True,802.0,6284,4988,2366.33,786,12,276,207,34.33
algo=Hybrid|exp=sim|one_way=True|policy=replan|robots=15|seed=0|width=1,1,True,15,Hybrid,replan,0,True,825.4951388519813,6102,4888,3291.07,654,24,441,184,32.99
algo=Hybrid|exp=sim|one_way=True|policy=wait|robots=15|seed=17|width=1,1,True,15,Hybrid,wait,17,False,inf,7040,2400,57060.99,2773,6,11020,2500,17.38
algo=Hybrid|exp=sim|one_way=True|policy=replan|robots=15|seed=1|width=1,1,True,15,Hybrid,replan,1,True,852.6178231805126,6278,5048,3345.51,883,29,415,237,34.81
algo=Hybrid|exp=sim|one_way=True|policy=replan|robots=15|seed=2|width=1,1,True,15,Hybrid,replan,2,True,766.3000019381079,6286,4978,3030.93,661,28,397,188,32.41
algo=Hybrid|exp=sim|one_way=True|policy=replan|robots=15|seed=3|width=1,1,True,15,Hybrid,replan,3,True,947.1980991204098,6668,4842,4578.81,1013,49,594,306,35.83
algo=Hybrid|exp=sim|one_way=True|policy=replan|robots=15|seed=4|width=1,1,True,15,Hybrid,replan,4,True,858.8398890418744,6206,4994,2864.37,562,29,406,174,35.83
algo=ALO|exp=sim|one_way=True|policy=replan|robots=15|seed=19|width=1,1,True,15,ALO,replan,19,False,inf,6289,2140,57569.02,2554,5,11154,2362,5879.06
algo=Hybrid|exp=sim|one_way=True|policy=replan|robots=15|seed=6|width=1,1,True,15,Hybrid,replan,6,False,inf,7618,4628,41804.26,1637,22,6904,1208,34.12
algo=Hybrid|exp=sim|one_way=True|policy=replan|robots=15|seed=8|width=1,1,True,15,Hybrid,replan,8,True,735.3509794238848,6210,5144,2067.35,726,27,221,170,34.98
algo=Hybrid|exp=sim|one_way=True|policy=replan|robots=15|seed=7|width=1,1,True,15,Hybrid,replan,7,True,921.2345527387945,6810,4906,4246.95,1151,35,557,355,39.32
algo=ALO|exp=sim|one_way=True|policy=replan|robots=15|seed=15|width=1,1,True,15,ALO,replan,15,True,994.476957724321,7354,5492,4504.36,1166,41,564,325,14856.27
algo=Hybrid|exp=sim|one_way=True|policy=replan|robots=15|seed=9|width=1,1,True,15,Hybrid,replan,9,True,728.847518527975,6116,4912,2767.31,773,31,317,188,33.44
algo=Hybrid|exp=sim|one_way=True|policy=replan|robots=15|seed=10|width=1,1,True,15,Hybrid,replan,10,True,732.0,5888,4800,2641.96,805,26,260,178,36.37
algo=Hybrid|exp=sim|one_way=True|policy=replan|robots=15|seed=5|width=1,1,True,15,Hybrid,replan,5,False,inf,5527,2890,61221.28,1728,10,7827,1476,23.56
algo=Hybrid|exp=sim|one_way=True|policy=replan|robots=15|seed=11|width=1,1,True,15,Hybrid,replan,11,True,924.273103328377,6576,4888,3507.41,894,41,434,237,33.87
algo=Hybrid|exp=sim|one_way=True|policy=replan|robots=15|seed=12|width=1,1,True,15,Hybrid,replan,12,True,827.2665049657037,6172,4940,2966.14,736,24,378,203,37.1
algo=Hybrid|exp=sim|one_way=True|policy=replan|robots=15|seed=13|width=1,1,True,15,Hybrid,replan,13,True,799.2782307843147,6340,5052,2977.19,865,37,340,220,31.59
algo=Hybrid|exp=sim|one_way=True|policy=replan|robots=15|seed=14|width=1,1,True,15,Hybrid,replan,14,True,735.0932145764741,6218,4998,2777.53,742,26,352,209,33.44
algo=Hybrid|exp=sim|one_way=True|policy=replan|robots=15|seed=15|width=1,1,True,15,Hybrid,replan,15,True,880.9415107293953,6346,4996,3258.48,754,19,415,207,34.66
algo=Hybrid|exp=sim|one_way=True|policy=replan|robots=15|seed=16|width=1,1,True,15,Hybrid,replan,16,True,875.9523965211752,6090,4808,4076.55,736,24,542,201,39.32
algo=HeldKarp|exp=sim|one_way=True|policy=wait|robots=1|seed=0|width=2,2,True,1,HeldKarp,wait,0,True,404.0,356,356,0.0,0,0,0,0,6.77
algo=HeldKarp|exp=sim|one_way=True|policy=wait|robots=1|seed=1|width=2,2,True,1,HeldKarp,wait,1,True,398.0,350,350,0.0,0,0,0,0,6.91
algo=Hybrid|exp=sim|one_way=True|policy=replan|robots=15|seed=17|width=1,1,True,15,Hybrid,replan,17,True,776.4511270933981,6118,4774,2850.76,825,15,361,254,36.58
algo=HeldKarp|exp=sim|one_way=True|policy=wait|robots=1|seed=2|width=2,2,True,1,HeldKarp,wait,2,True,470.0,422,422,0.0,0,0,0,0,6.62
algo=HeldKarp|exp=sim|one_way=True|policy=wait|robots=1|seed=3|width=2,2,True,1,HeldKarp,wait,3,True,422.0,374,374,0.0,0,0,0,0,6.66
algo=HeldKarp|exp=sim|one_way=True|policy=wait|robots=1|seed=4|width=2,2,True,1,HeldKarp,wait,4,True,402.0,354,354,0.0,0,0,0,0,7.31
algo=Hybrid|exp=sim|one_way=True|policy=replan|robots=15|seed=18|width=1,1,True,15,Hybrid,replan,18,True,847.3130435619757,6234,4738,2967.45,853,29,385,266,33.57
algo=HeldKarp|exp=sim|one_way=True|policy=wait|robots=1|seed=5|width=2,2,True,1,HeldKarp,wait,5,True,420.0,372,372,0.0,0,0,0,0,6.71
algo=HeldKarp|exp=sim|one_way=True|policy=wait|robots=1|seed=6|width=2,2,True,1,HeldKarp,wait,6,True,448.0,400,400,0.0,0,0,0,0,7.49
algo=HeldKarp|exp=sim|one_way=True|policy=wait|robots=1|seed=7|width=2,2,True,1,HeldKarp,wait,7,True,408.0,360,360,0.0,0,0,0,0,7.04
algo=HeldKarp|exp=sim|one_way=True|policy=wait|robots=1|seed=8|width=2,2,True,1,HeldKarp,wait,8,True,440.0,392,392,0.0,0,0,0,0,6.72
algo=HeldKarp|exp=sim|one_way=True|policy=wait|robots=1|seed=9|width=2,2,True,1,HeldKarp,wait,9,True,404.0,356,356,0.0,0,0,0,0,6.77
algo=HeldKarp|exp=sim|one_way=True|policy=wait|robots=1|seed=10|width=2,2,True,1,HeldKarp,wait,10,True,404.0,356,356,0.0,0,0,0,0,7.36
algo=HeldKarp|exp=sim|one_way=True|policy=wait|robots=1|seed=11|width=2,2,True,1,HeldKarp,wait,11,True,422.0,374,374,0.0,0,0,0,0,6.7
algo=HeldKarp|exp=sim|one_way=True|policy=wait|robots=1|seed=12|width=2,2,True,1,HeldKarp,wait,12,True,434.0,386,386,0.0,0,0,0,0,6.69
algo=HeldKarp|exp=sim|one_way=True|policy=wait|robots=1|seed=13|width=2,2,True,1,HeldKarp,wait,13,True,448.0,400,400,0.0,0,0,0,0,6.54
algo=HeldKarp|exp=sim|one_way=True|policy=wait|robots=1|seed=14|width=2,2,True,1,HeldKarp,wait,14,True,454.0,406,406,0.0,0,0,0,0,6.6
algo=HeldKarp|exp=sim|one_way=True|policy=wait|robots=1|seed=15|width=2,2,True,1,HeldKarp,wait,15,True,400.0,352,352,0.0,0,0,0,0,6.78
algo=HeldKarp|exp=sim|one_way=True|policy=wait|robots=1|seed=16|width=2,2,True,1,HeldKarp,wait,16,True,422.0,374,374,0.0,0,0,0,0,6.95
algo=Hybrid|exp=sim|one_way=True|policy=replan|robots=15|seed=19|width=1,1,True,15,Hybrid,replan,19,True,793.0,6304,4988,2344.75,781,31,272,206,35.31
algo=HeldKarp|exp=sim|one_way=True|policy=wait|robots=1|seed=17|width=2,2,True,1,HeldKarp,wait,17,True,414.0,366,366,0.0,0,0,0,0,6.71
algo=HeldKarp|exp=sim|one_way=True|policy=wait|robots=1|seed=18|width=2,2,True,1,HeldKarp,wait,18,True,366.0,318,318,0.0,0,0,0,0,6.77
algo=HeldKarp|exp=sim|one_way=True|policy=wait|robots=1|seed=19|width=2,2,True,1,HeldKarp,wait,19,True,402.0,354,354,0.0,0,0,0,0,6.78
algo=HeldKarp|exp=sim|one_way=True|policy=replan|robots=1|seed=0|width=2,2,True,1,HeldKarp,replan,0,True,404.0,356,356,0.0,0,0,0,0,6.68
algo=HeldKarp|exp=sim|one_way=True|policy=replan|robots=1|seed=1|width=2,2,True,1,HeldKarp,replan,1,True,398.0,350,350,0.0,0,0,0,0,6.65
algo=HeldKarp|exp=sim|one_way=True|policy=replan|robots=1|seed=2|width=2,2,True,1,HeldKarp,replan,2,True,470.0,422,422,0.0,0,0,0,0,6.61
algo=HeldKarp|exp=sim|one_way=True|policy=replan|robots=1|seed=3|width=2,2,True,1,HeldKarp,replan,3,True,422.0,374,374,0.0,0,0,0,0,7.64
algo=HeldKarp|exp=sim|one_way=True|policy=replan|robots=1|seed=4|width=2,2,True,1,HeldKarp,replan,4,True,402.0,354,354,0.0,0,0,0,0,6.63
algo=HeldKarp|exp=sim|one_way=True|policy=replan|robots=1|seed=5|width=2,2,True,1,HeldKarp,replan,5,True,420.0,372,372,0.0,0,0,0,0,6.67
algo=HeldKarp|exp=sim|one_way=True|policy=replan|robots=1|seed=6|width=2,2,True,1,HeldKarp,replan,6,True,448.0,400,400,0.0,0,0,0,0,6.84
algo=HeldKarp|exp=sim|one_way=True|policy=replan|robots=1|seed=7|width=2,2,True,1,HeldKarp,replan,7,True,408.0,360,360,0.0,0,0,0,0,7.47
algo=HeldKarp|exp=sim|one_way=True|policy=replan|robots=1|seed=8|width=2,2,True,1,HeldKarp,replan,8,True,440.0,392,392,0.0,0,0,0,0,8.16
algo=HeldKarp|exp=sim|one_way=True|policy=replan|robots=1|seed=9|width=2,2,True,1,HeldKarp,replan,9,True,404.0,356,356,0.0,0,0,0,0,6.78
algo=HeldKarp|exp=sim|one_way=True|policy=replan|robots=1|seed=10|width=2,2,True,1,HeldKarp,replan,10,True,404.0,356,356,0.0,0,0,0,0,18.19
algo=HeldKarp|exp=sim|one_way=True|policy=replan|robots=1|seed=11|width=2,2,True,1,HeldKarp,replan,11,True,422.0,374,374,0.0,0,0,0,0,6.63
algo=HeldKarp|exp=sim|one_way=True|policy=replan|robots=1|seed=12|width=2,2,True,1,HeldKarp,replan,12,True,434.0,386,386,0.0,0,0,0,0,6.63
algo=HeldKarp|exp=sim|one_way=True|policy=replan|robots=1|seed=13|width=2,2,True,1,HeldKarp,replan,13,True,448.0,400,400,0.0,0,0,0,0,6.53
algo=HeldKarp|exp=sim|one_way=True|policy=replan|robots=1|seed=15|width=2,2,True,1,HeldKarp,replan,15,True,400.0,352,352,0.0,0,0,0,0,6.65
algo=HeldKarp|exp=sim|one_way=True|policy=replan|robots=1|seed=16|width=2,2,True,1,HeldKarp,replan,16,True,422.0,374,374,0.0,0,0,0,0,6.6
algo=HeldKarp|exp=sim|one_way=True|policy=replan|robots=1|seed=14|width=2,2,True,1,HeldKarp,replan,14,True,454.0,406,406,0.0,0,0,0,0,6.61
algo=HeldKarp|exp=sim|one_way=True|policy=replan|robots=1|seed=17|width=2,2,True,1,HeldKarp,replan,17,True,414.0,366,366,0.0,0,0,0,0,6.78
algo=NN|exp=sim|one_way=True|policy=wait|robots=1|seed=0|width=2,2,True,1,NN,wait,0,True,412.0,364,364,0.0,0,0,0,0,0.07
algo=HeldKarp|exp=sim|one_way=True|policy=replan|robots=1|seed=18|width=2,2,True,1,HeldKarp,replan,18,True,366.0,318,318,0.0,0,0,0,0,6.65
algo=HeldKarp|exp=sim|one_way=True|policy=replan|robots=1|seed=19|width=2,2,True,1,HeldKarp,replan,19,True,402.0,354,354,0.0,0,0,0,0,6.59
algo=NN|exp=sim|one_way=True|policy=wait|robots=1|seed=1|width=2,2,True,1,NN,wait,1,True,416.0,368,368,0.0,0,0,0,0,0.08
algo=NN|exp=sim|one_way=True|policy=wait|robots=1|seed=3|width=2,2,True,1,NN,wait,3,True,422.0,374,374,0.0,0,0,0,0,0.07
algo=NN|exp=sim|one_way=True|policy=wait|robots=1|seed=2|width=2,2,True,1,NN,wait,2,True,506.0,458,458,0.0,0,0,0,0,0.07
algo=NN|exp=sim|one_way=True|policy=wait|robots=1|seed=4|width=2,2,True,1,NN,wait,4,True,410.0,362,362,0.0,0,0,0,0,0.07
algo=NN|exp=sim|one_way=True|policy=wait|robots=1|seed=5|width=2,2,True,1,NN,wait,5,True,428.0,380,380,0.0,0,0,0,0,0.08
algo=NN|exp=sim|one_way=True|policy=wait|robots=1|seed=7|width=2,2,True,1,NN,wait,7,True,438.0,390,390,0.0,0,0,0,0,0.08
algo=NN|exp=sim|one_way=True|policy=wait|robots=1|seed=6|width=2,2,True,1,NN,wait,6,True,448.0,400,400,0.0,0,0,0,0,0.09
algo=NN|exp=sim|one_way=True|policy=wait|robots=1|seed=8|width=2,2,True,1,NN,wait,8,True,452.0,404,404,0.0,0,0,0,0,0.08
algo=NN|exp=sim|one_way=True|policy=wait|robots=1|seed=9|width=2,2,True,1,NN,wait,9,True,412.0,364,364,0.0,0,0,0,0,0.09
algo=NN|exp=sim|one_way=True|policy=wait|robots=1|seed=10|width=2,2,True,1,NN,wait,10,True,444.0,396,396,0.0,0,0,0,0,0.08
algo=NN|exp=sim|one_way=True|policy=wait|robots=1|seed=12|width=2,2,True,1,NN,wait,12,True,462.0,414,414,0.0,0,0,0,0,0.07
algo=NN|exp=sim|one_way=True|policy=wait|robots=1|seed=11|width=2,2,True,1,NN,wait,11,True,446.0,398,398,0.0,0,0,0,0,0.08
algo=NN|exp=sim|one_way=True|policy=wait|robots=1|seed=13|width=2,2,True,1,NN,wait,13,True,450.0,402,402,0.0,0,0,0,0,0.08
algo=NN|exp=sim|one_way=True|policy=wait|robots=1|seed=15|width=2,2,True,1,NN,wait,15,True,412.0,364,364,0.0,0,0,0,0,0.07
algo=NN|exp=sim|one_way=True|policy=wait|robots=1|seed=16|width=2,2,True,1,NN,wait,16,True,440.0,392,392,0.0,0,0,0,0,0.08
algo=NN|exp=sim|one_way=True|policy=wait|robots=1|seed=14|width=2,2,True,1,NN,wait,14,True,472.0,424,424,0.0,0,0,0,0,0.07
algo=NN|exp=sim|one_way=True|policy=wait|robots=1|seed=17|width=2,2,True,1,NN,wait,17,True,428.0,380,380,0.0,0,0,0,0,0.09
algo=NN|exp=sim|one_way=True|policy=wait|robots=1|seed=18|width=2,2,True,1,NN,wait,18,True,400.0,352,352,0.0,0,0,0,0,0.08
algo=NN|exp=sim|one_way=True|policy=replan|robots=1|seed=0|width=2,2,True,1,NN,replan,0,True,412.0,364,364,0.0,0,0,0,0,0.07
algo=NN|exp=sim|one_way=True|policy=wait|robots=1|seed=19|width=2,2,True,1,NN,wait,19,True,454.0,406,406,0.0,0,0,0,0,0.07
algo=NN|exp=sim|one_way=True|policy=replan|robots=1|seed=1|width=2,2,True,1,NN,replan,1,True,416.0,368,368,0.0,0,0,0,0,0.14
algo=NN|exp=sim|one_way=True|policy=replan|robots=1|seed=2|width=2,2,True,1,NN,replan,2,True,506.0,458,458,0.0,0,0,0,0,0.08
algo=NN|exp=sim|one_way=True|policy=replan|robots=1|seed=4|width=2,2,True,1,NN,replan,4,True,410.0,362,362,0.0,0,0,0,0,0.08
algo=NN|exp=sim|one_way=True|policy=replan|robots=1|seed=3|width=2,2,True,1,NN,replan,3,True,422.0,374,374,0.0,0,0,0,0,0.08
algo=NN|exp=sim|one_way=True|policy=replan|robots=1|seed=5|width=2,2,True,1,NN,replan,5,True,428.0,380,380,0.0,0,0,0,0,0.08
algo=NN|exp=sim|one_way=True|policy=replan|robots=1|seed=7|width=2,2,True,1,NN,replan,7,True,438.0,390,390,0.0,0,0,0,0,0.08
algo=NN|exp=sim|one_way=True|policy=replan|robots=1|seed=6|width=2,2,True,1,NN,replan,6,True,448.0,400,400,0.0,0,0,0,0,0.09
algo=NN|exp=sim|one_way=True|policy=replan|robots=1|seed=8|width=2,2,True,1,NN,replan,8,True,452.0,404,404,0.0,0,0,0,0,0.08
algo=NN|exp=sim|one_way=True|policy=replan|robots=1|seed=9|width=2,2,True,1,NN,replan,9,True,412.0,364,364,0.0,0,0,0,0,0.08
algo=NN|exp=sim|one_way=True|policy=replan|robots=1|seed=11|width=2,2,True,1,NN,replan,11,True,446.0,398,398,0.0,0,0,0,0,0.09
algo=NN|exp=sim|one_way=True|policy=replan|robots=1|seed=10|width=2,2,True,1,NN,replan,10,True,444.0,396,396,0.0,0,0,0,0,0.1
algo=NN|exp=sim|one_way=True|policy=replan|robots=1|seed=12|width=2,2,True,1,NN,replan,12,True,462.0,414,414,0.0,0,0,0,0,0.09
algo=NN|exp=sim|one_way=True|policy=replan|robots=1|seed=14|width=2,2,True,1,NN,replan,14,True,472.0,424,424,0.0,0,0,0,0,0.08
algo=NN|exp=sim|one_way=True|policy=replan|robots=1|seed=13|width=2,2,True,1,NN,replan,13,True,450.0,402,402,0.0,0,0,0,0,0.09
algo=NN|exp=sim|one_way=True|policy=replan|robots=1|seed=15|width=2,2,True,1,NN,replan,15,True,412.0,364,364,0.0,0,0,0,0,0.09
algo=NN|exp=sim|one_way=True|policy=replan|robots=1|seed=16|width=2,2,True,1,NN,replan,16,True,440.0,392,392,0.0,0,0,0,0,0.09
algo=NN|exp=sim|one_way=True|policy=replan|robots=1|seed=18|width=2,2,True,1,NN,replan,18,True,400.0,352,352,0.0,0,0,0,0,0.08
algo=NN2opt|exp=sim|one_way=True|policy=wait|robots=1|seed=0|width=2,2,True,1,NN2opt,wait,0,True,412.0,364,364,0.0,0,0,0,0,0.37
algo=NN|exp=sim|one_way=True|policy=replan|robots=1|seed=19|width=2,2,True,1,NN,replan,19,True,454.0,406,406,0.0,0,0,0,0,0.08
algo=NN|exp=sim|one_way=True|policy=replan|robots=1|seed=17|width=2,2,True,1,NN,replan,17,True,428.0,380,380,0.0,0,0,0,0,0.09
algo=NN2opt|exp=sim|one_way=True|policy=wait|robots=1|seed=1|width=2,2,True,1,NN2opt,wait,1,True,400.0,352,352,0.0,0,0,0,0,0.47
algo=NN2opt|exp=sim|one_way=True|policy=wait|robots=1|seed=3|width=2,2,True,1,NN2opt,wait,3,True,422.0,374,374,0.0,0,0,0,0,0.35
algo=NN2opt|exp=sim|one_way=True|policy=wait|robots=1|seed=2|width=2,2,True,1,NN2opt,wait,2,True,470.0,422,422,0.0,0,0,0,0,0.69
algo=NN2opt|exp=sim|one_way=True|policy=wait|robots=1|seed=4|width=2,2,True,1,NN2opt,wait,4,True,410.0,362,362,0.0,0,0,0,0,0.36
algo=NN2opt|exp=sim|one_way=True|policy=wait|robots=1|seed=7|width=2,2,True,1,NN2opt,wait,7,True,428.0,380,380,0.0,0,0,0,0,0.44
algo=NN2opt|exp=sim|one_way=True|policy=wait|robots=1|seed=5|width=2,2,True,1,NN2opt,wait,5,True,428.0,380,380,0.0,0,0,0,0,0.37
algo=NN2opt|exp=sim|one_way=True|policy=wait|robots=1|seed=6|width=2,2,True,1,NN2opt,wait,6,True,448.0,400,400,0.0,0,0,0,0,0.36
algo=NN2opt|exp=sim|one_way=True|policy=wait|robots=1|seed=8|width=2,2,True,1,NN2opt,wait,8,True,452.0,404,404,0.0,0,0,0,0,0.36
algo=NN2opt|exp=sim|one_way=True|policy=wait|robots=1|seed=9|width=2,2,True,1,NN2opt,wait,9,True,412.0,364,364,0.0,0,0,0,0,0.4
algo=NN2opt|exp=sim|one_way=True|policy=wait|robots=1|seed=10|width=2,2,True,1,NN2opt,wait,10,True,436.0,388,388,0.0,0,0,0,0,0.44
algo=NN2opt|exp=sim|one_way=True|policy=wait|robots=1|seed=11|width=2,2,True,1,NN2opt,wait,11,True,446.0,398,398,0.0,0,0,0,0,0.37
algo=NN2opt|exp=sim|one_way=True|policy=wait|robots=1|seed=12|width=2,2,True,1,NN2opt,wait,12,True,434.0,386,386,0.0,0,0,0,0,0.43
algo=NN2opt|exp=sim|one_way=True|policy=wait|robots=1|seed=13|width=2,2,True,1,NN2opt,wait,13,True,450.0,402,402,0.0,0,0,0,0,0.35
algo=NN2opt|exp=sim|one_way=True|policy=wait|robots=1|seed=14|width=2,2,True,1,NN2opt,wait,14,True,464.0,416,416,0.0,0,0,0,0,0.43
algo=NN2opt|exp=sim|one_way=True|policy=wait|robots=1|seed=15|width=2,2,True,1,NN2opt,wait,15,True,412.0,364,364,0.0,0,0,0,0,0.47
algo=NN2opt|exp=sim|one_way=True|policy=wait|robots=1|seed=16|width=2,2,True,1,NN2opt,wait,16,True,440.0,392,392,0.0,0,0,0,0,0.36
algo=NN2opt|exp=sim|one_way=True|policy=wait|robots=1|seed=17|width=2,2,True,1,NN2opt,wait,17,True,422.0,374,374,0.0,0,0,0,0,0.44
algo=NN2opt|exp=sim|one_way=True|policy=wait|robots=1|seed=18|width=2,2,True,1,NN2opt,wait,18,True,400.0,352,352,0.0,0,0,0,0,0.36
algo=NN2opt|exp=sim|one_way=True|policy=wait|robots=1|seed=19|width=2,2,True,1,NN2opt,wait,19,True,454.0,406,406,0.0,0,0,0,0,0.34
algo=NN2opt|exp=sim|one_way=True|policy=replan|robots=1|seed=0|width=2,2,True,1,NN2opt,replan,0,True,412.0,364,364,0.0,0,0,0,0,0.36
algo=NN2opt|exp=sim|one_way=True|policy=replan|robots=1|seed=1|width=2,2,True,1,NN2opt,replan,1,True,400.0,352,352,0.0,0,0,0,0,0.42
algo=NN2opt|exp=sim|one_way=True|policy=replan|robots=1|seed=2|width=2,2,True,1,NN2opt,replan,2,True,470.0,422,422,0.0,0,0,0,0,0.67
algo=NN2opt|exp=sim|one_way=True|policy=replan|robots=1|seed=3|width=2,2,True,1,NN2opt,replan,3,True,422.0,374,374,0.0,0,0,0,0,0.35
algo=NN2opt|exp=sim|one_way=True|policy=replan|robots=1|seed=4|width=2,2,True,1,NN2opt,replan,4,True,410.0,362,362,0.0,0,0,0,0,0.35
algo=NN2opt|exp=sim|one_way=True|policy=replan|robots=1|seed=5|width=2,2,True,1,NN2opt,replan,5,True,428.0,380,380,0.0,0,0,0,0,0.35
algo=NN2opt|exp=sim|one_way=True|policy=replan|robots=1|seed=6|width=2,2,True,1,NN2opt,replan,6,True,448.0,400,400,0.0,0,0,0,0,0.48
algo=NN2opt|exp=sim|one_way=True|policy=replan|robots=1|seed=7|width=2,2,True,1,NN2opt,replan,7,True,428.0,380,380,0.0,0,0,0,0,0.44
algo=NN2opt|exp=sim|one_way=True|policy=replan|robots=1|seed=8|width=2,2,True,1,NN2opt,replan,8,True,452.0,404,404,0.0,0,0,0,0,0.35
algo=NN2opt|exp=sim|one_way=True|policy=replan|robots=1|seed=9|width=2,2,True,1,NN2opt,replan,9,True,412.0,364,364,0.0,0,0,0,0,0.35
algo=NN2opt|exp=sim|one_way=True|policy=replan|robots=1|seed=10|width=2,2,True,1,NN2opt,replan,10,True,436.0,388,388,0.0,0,0,0,0,0.64
algo=NN2opt|exp=sim|one_way=True|policy=replan|robots=1|seed=11|width=2,2,True,1,NN2opt,replan,11,True,446.0,398,398,0.0,0,0,0,0,0.37
algo=NN2opt|exp=sim|one_way=True|policy=replan|robots=1|seed=12|width=2,2,True,1,NN2opt,replan,12,True,434.0,386,386,0.0,0,0,0,0,0.45
algo=NN2opt|exp=sim|one_way=True|policy=replan|robots=1|seed=13|width=2,2,True,1,NN2opt,replan,13,True,450.0,402,402,0.0,0,0,0,0,0.35
algo=NN2opt|exp=sim|one_way=True|policy=replan|robots=1|seed=15|width=2,2,True,1,NN2opt,replan,15,True,412.0,364,364,0.0,0,0,0,0,0.34
algo=NN2opt|exp=sim|one_way=True|policy=replan|robots=1|seed=14|width=2,2,True,1,NN2opt,replan,14,True,464.0,416,416,0.0,0,0,0,0,0.42
algo=NN2opt|exp=sim|one_way=True|policy=replan|robots=1|seed=16|width=2,2,True,1,NN2opt,replan,16,True,440.0,392,392,0.0,0,0,0,0,0.4
algo=NN2opt|exp=sim|one_way=True|policy=replan|robots=1|seed=17|width=2,2,True,1,NN2opt,replan,17,True,422.0,374,374,0.0,0,0,0,0,0.42
algo=NN2opt|exp=sim|one_way=True|policy=replan|robots=1|seed=18|width=2,2,True,1,NN2opt,replan,18,True,400.0,352,352,0.0,0,0,0,0,0.36
algo=NN2opt|exp=sim|one_way=True|policy=replan|robots=1|seed=19|width=2,2,True,1,NN2opt,replan,19,True,454.0,406,406,0.0,0,0,0,0,0.68
algo=GA|exp=sim|one_way=True|policy=wait|robots=1|seed=0|width=2,2,True,1,GA,wait,0,True,404.0,356,356,0.0,0,0,0,0,1128.34
algo=GA|exp=sim|one_way=True|policy=wait|robots=1|seed=2|width=2,2,True,1,GA,wait,2,True,470.0,422,422,0.0,0,0,0,0,1139.99
algo=GA|exp=sim|one_way=True|policy=wait|robots=1|seed=1|width=2,2,True,1,GA,wait,1,True,408.0,360,360,0.0,0,0,0,0,1157.5
algo=GA|exp=sim|one_way=True|policy=wait|robots=1|seed=3|width=2,2,True,1,GA,wait,3,True,430.0,382,382,0.0,0,0,0,0,1154.16
algo=GA|exp=sim|one_way=True|policy=wait|robots=1|seed=4|width=2,2,True,1,GA,wait,4,True,424.0,376,376,0.0,0,0,0,0,1136.56
algo=GA|exp=sim|one_way=True|policy=wait|robots=1|seed=5|width=2,2,True,1,GA,wait,5,True,420.0,372,372,0.0,0,0,0,0,1138.74
algo=GA|exp=sim|one_way=True|policy=wait|robots=1|seed=6|width=2,2,True,1,GA,wait,6,True,456.0,408,408,0.0,0,0,0,0,1155.58
algo=GA|exp=sim|one_way=True|policy=wait|robots=1|seed=7|width=2,2,True,1,GA,wait,7,True,408.0,360,360,0.0,0,0,0,0,1148.57
algo=ALO|exp=sim|one_way=True|policy=replan|robots=15|seed=16|width=1,1,True,15,ALO,replan,16,True,783.1911571079553,6602,5250,2265.95,712,23,254,179,15014.4
algo=GA|exp=sim|one_way=True|policy=wait|robots=1|seed=8|width=2,2,True,1,GA,wait,8,True,452.0,404,404,0.0,0,0,0,0,1163.29
algo=GA|exp=sim|one_way=True|policy=wait|robots=1|seed=9|width=2,2,True,1,GA,wait,9,True,412.0,364,364,0.0,0,0,0,0,1178.43
algo=GA|exp=sim|one_way=True|policy=wait|robots=1|seed=10|width=2,2,True,1,GA,wait,10,True,406.0,358,358,0.0,0,0,0,0,1168.58
algo=GA|exp=sim|one_way=True|policy=wait|robots=1|seed=11|width=2,2,True,1,GA,wait,11,True,428.0,380,380,0.0,0,0,0,0,1170.81
algo=ALO|exp=sim|one_way=True|policy=replan|robots=15|seed=17|width=1,1,True,15,ALO,replan,17,True,780.8164179336782,6742,5436,2532.18,749,22,295,178,14926.5
algo=ALO|exp=sim|one_way=True|policy=replan|robots=15|seed=18|width=1,1,True,15,ALO,replan,18,True,1030.1931092572433,7226,5286,4599.38,980,35,645,321,14959.16
algo=GA|exp=sim|one_way=True|policy=wait|robots=1|seed=12|width=2,2,True,1,GA,wait,12,True,442.0,394,394,0.0,0,0,0,0,1153.71
algo=GA|exp=sim|one_way=True|policy=wait|robots=1|seed=13|width=2,2,True,1,GA,wait,13,True,450.0,402,402,0.0,0,0,0,0,1177.72
algo=GA|exp=sim|one_way=True|policy=wait|robots=1|seed=14|width=2,2,True,1,GA,wait,14,True,478.0,430,430,0.0,0,0,0,0,1147.82
algo=GA|exp=sim|one_way=True|policy=wait|robots=1|seed=16|width=2,2,True,1,GA,wait,16,True,430.0,382,382,0.0,0,0,0,0,1138.19
algo=GA|exp=sim|one_way=True|policy=wait|robots=1|seed=15|width=2,2,True,1,GA,wait,15,True,402.0,354,354,0.0,0,0,0,0,1162.78
algo=GA|exp=sim|one_way=True|policy=wait|robots=1|seed=17|width=2,2,True,1,GA,wait,17,True,416.0,368,368,0.0,0,0,0,0,1160.92
algo=GA|exp=sim|one_way=True|policy=wait|robots=1|seed=18|width=2,2,True,1,GA,wait,18,True,390.0,342,342,0.0,0,0,0,0,1135.89
algo=GA|exp=sim|one_way=True|policy=wait|robots=1|seed=19|width=2,2,True,1,GA,wait,19,True,408.0,360,360,0.0,0,0,0,0,1171.67
algo=GA|exp=sim|one_way=True|policy=replan|robots=1|seed=0|width=2,2,True,1,GA,replan,0,True,404.0,356,356,0.0,0,0,0,0,1161.73
algo=GA|exp=sim|one_way=True|policy=replan|robots=1|seed=1|width=2,2,True,1,GA,replan,1,True,408.0,360,360,0.0,0,0,0,0,1179.04
algo=GA|exp=sim|one_way=True|policy=replan|robots=1|seed=2|width=2,2,True,1,GA,replan,2,True,470.0,422,422,0.0,0,0,0,0,1165.85
algo=GA|exp=sim|one_way=True|policy=replan|robots=1|seed=3|width=2,2,True,1,GA,replan,3,True,430.0,382,382,0.0,0,0,0,0,1172.74
algo=GA|exp=sim|one_way=True|policy=replan|robots=1|seed=4|width=2,2,True,1,GA,replan,4,True,424.0,376,376,0.0,0,0,0,0,1179.68
algo=GA|exp=sim|one_way=True|policy=replan|robots=1|seed=5|width=2,2,True,1,GA,replan,5,True,420.0,372,372,0.0,0,0,0,0,1167.76
algo=GA|exp=sim|one_way=True|policy=replan|robots=1|seed=6|width=2,2,True,1,GA,replan,6,True,456.0,408,408,0.0,0,0,0,0,1178.8
algo=GA|exp=sim|one_way=True|policy=replan|robots=1|seed=7|width=2,2,True,1,GA,replan,7,True,408.0,360,360,0.0,0,0,0,0,1176.85
algo=GA|exp=sim|one_way=True|policy=replan|robots=1|seed=8|width=2,2,True,1,GA,replan,8,True,452.0,404,404,0.0,0,0,0,0,1148.66
algo=GA|exp=sim|one_way=True|policy=replan|robots=1|seed=9|width=2,2,True,1,GA,replan,9,True,412.0,364,364,0.0,0,0,0,0,1151.0
algo=GA|exp=sim|one_way=True|policy=replan|robots=1|seed=10|width=2,2,True,1,GA,replan,10,True,406.0,358,358,0.0,0,0,0,0,1156.92
algo=GA|exp=sim|one_way=True|policy=replan|robots=1|seed=11|width=2,2,True,1,GA,replan,11,True,428.0,380,380,0.0,0,0,0,0,1172.39
algo=GA|exp=sim|one_way=True|policy=replan|robots=1|seed=12|width=2,2,True,1,GA,replan,12,True,442.0,394,394,0.0,0,0,0,0,1146.95
algo=GA|exp=sim|one_way=True|policy=replan|robots=1|seed=13|width=2,2,True,1,GA,replan,13,True,450.0,402,402,0.0,0,0,0,0,1175.59
algo=GA|exp=sim|one_way=True|policy=replan|robots=1|seed=14|width=2,2,True,1,GA,replan,14,True,478.0,430,430,0.0,0,0,0,0,1145.66
algo=GA|exp=sim|one_way=True|policy=replan|robots=1|seed=16|width=2,2,True,1,GA,replan,16,True,430.0,382,382,0.0,0,0,0,0,1145.49
algo=ACO|exp=sim|one_way=True|policy=wait|robots=1|seed=0|width=2,2,True,1,ACO,wait,0,True,404.0,356,356,0.0,0,0,0,0,196.86
algo=GA|exp=sim|one_way=True|policy=replan|robots=1|seed=15|width=2,2,True,1,GA,replan,15,True,402.0,354,354,0.0,0,0,0,0,1163.68
algo=GA|exp=sim|one_way=True|policy=replan|robots=1|seed=17|width=2,2,True,1,GA,replan,17,True,416.0,368,368,0.0,0,0,0,0,1163.57
algo=ACO|exp=sim|one_way=True|policy=wait|robots=1|seed=1|width=2,2,True,1,ACO,wait,1,True,398.0,350,350,0.0,0,0,0,0,199.7
algo=GA|exp=sim|one_way=True|policy=replan|robots=1|seed=18|width=2,2,True,1,GA,replan,18,True,390.0,342,342,0.0,0,0,0,0,1178.26
algo=ACO|exp=sim|one_way=True|policy=wait|robots=1|seed=2|width=2,2,True,1,ACO,wait,2,True,470.0,422,422,0.0,0,0,0,0,197.21
algo=ACO|exp=sim|one_way=True|policy=wait|robots=1|seed=3|width=2,2,True,1,ACO,wait,3,True,422.0,374,374,0.0,0,0,0,0,201.63
algo=GA|exp=sim|one_way=True|policy=replan|robots=1|seed=19|width=2,2,True,1,GA,replan,19,True,408.0,360,360,0.0,0,0,0,0,1144.4
algo=ACO|exp=sim|one_way=True|policy=wait|robots=1|seed=4|width=2,2,True,1,ACO,wait,4,True,402.0,354,354,0.0,0,0,0,0,199.44
algo=ACO|exp=sim|one_way=True|policy=wait|robots=1|seed=5|width=2,2,True,1,ACO,wait,5,True,420.0,372,372,0.0,0,0,0,0,210.28
algo=ACO|exp=sim|one_way=True|policy=wait|robots=1|seed=7|width=2,2,True,1,ACO,wait,7,True,408.0,360,360,0.0,0,0,0,0,192.14
algo=ACO|exp=sim|one_way=True|policy=wait|robots=1|seed=6|width=2,2,True,1,ACO,wait,6,True,448.0,400,400,0.0,0,0,0,0,194.11
algo=ACO|exp=sim|one_way=True|policy=wait|robots=1|seed=8|width=2,2,True,1,ACO,wait,8,True,440.0,392,392,0.0,0,0,0,0,196.41
algo=ACO|exp=sim|one_way=True|policy=wait|robots=1|seed=9|width=2,2,True,1,ACO,wait,9,True,404.0,356,356,0.0,0,0,0,0,195.67
algo=ACO|exp=sim|one_way=True|policy=wait|robots=1|seed=11|width=2,2,True,1,ACO,wait,11,True,422.0,374,374,0.0,0,0,0,0,193.93
algo=ACO|exp=sim|one_way=True|policy=wait|robots=1|seed=10|width=2,2,True,1,ACO,wait,10,True,404.0,356,356,0.0,0,0,0,0,198.68
algo=ACO|exp=sim|one_way=True|policy=wait|robots=1|seed=12|width=2,2,True,1,ACO,wait,12,True,434.0,386,386,0.0,0,0,0,0,201.96
algo=ACO|exp=sim|one_way=True|policy=wait|robots=1|seed=13|width=2,2,True,1,ACO,wait,13,True,448.0,400,400,0.0,0,0,0,0,194.4
algo=ACO|exp=sim|one_way=True|policy=wait|robots=1|seed=14|width=2,2,True,1,ACO,wait,14,True,454.0,406,406,0.0,0,0,0,0,194.84
algo=ACO|exp=sim|one_way=True|policy=wait|robots=1|seed=15|width=2,2,True,1,ACO,wait,15,True,400.0,352,352,0.0,0,0,0,0,193.78
algo=ACO|exp=sim|one_way=True|policy=wait|robots=1|seed=16|width=2,2,True,1,ACO,wait,16,True,422.0,374,374,0.0,0,0,0,0,193.38
algo=ACO|exp=sim|one_way=True|policy=wait|robots=1|seed=17|width=2,2,True,1,ACO,wait,17,True,414.0,366,366,0.0,0,0,0,0,193.69
algo=ACO|exp=sim|one_way=True|policy=wait|robots=1|seed=18|width=2,2,True,1,ACO,wait,18,True,366.0,318,318,0.0,0,0,0,0,195.96
algo=ACO|exp=sim|one_way=True|policy=wait|robots=1|seed=19|width=2,2,True,1,ACO,wait,19,True,402.0,354,354,0.0,0,0,0,0,195.66
algo=ACO|exp=sim|one_way=True|policy=replan|robots=1|seed=0|width=2,2,True,1,ACO,replan,0,True,404.0,356,356,0.0,0,0,0,0,197.17
algo=ACO|exp=sim|one_way=True|policy=replan|robots=1|seed=1|width=2,2,True,1,ACO,replan,1,True,398.0,350,350,0.0,0,0,0,0,195.02
algo=ACO|exp=sim|one_way=True|policy=replan|robots=1|seed=2|width=2,2,True,1,ACO,replan,2,True,470.0,422,422,0.0,0,0,0,0,195.62
algo=ACO|exp=sim|one_way=True|policy=replan|robots=1|seed=3|width=2,2,True,1,ACO,replan,3,True,422.0,374,374,0.0,0,0,0,0,192.28
algo=ACO|exp=sim|one_way=True|policy=replan|robots=1|seed=4|width=2,2,True,1,ACO,replan,4,True,402.0,354,354,0.0,0,0,0,0,198.95
algo=ACO|exp=sim|one_way=True|policy=replan|robots=1|seed=5|width=2,2,True,1,ACO,replan,5,True,420.0,372,372,0.0,0,0,0,0,197.59
algo=ACO|exp=sim|one_way=True|policy=replan|robots=1|seed=6|width=2,2,True,1,ACO,replan,6,True,448.0,400,400,0.0,0,0,0,0,192.5
algo=ACO|exp=sim|one_way=True|policy=replan|robots=1|seed=7|width=2,2,True,1,ACO,replan,7,True,408.0,360,360,0.0,0,0,0,0,192.85
algo=ACO|exp=sim|one_way=True|policy=replan|robots=1|seed=8|width=2,2,True,1,ACO,replan,8,True,440.0,392,392,0.0,0,0,0,0,191.08
algo=ACO|exp=sim|one_way=True|policy=replan|robots=1|seed=9|width=2,2,True,1,ACO,replan,9,True,404.0,356,356,0.0,0,0,0,0,192.21
algo=ACO|exp=sim|one_way=True|policy=replan|robots=1|seed=10|width=2,2,True,1,ACO,replan,10,True,404.0,356,356,0.0,0,0,0,0,194.0
algo=ACO|exp=sim|one_way=True|policy=replan|robots=1|seed=11|width=2,2,True,1,ACO,replan,11,True,422.0,374,374,0.0,0,0,0,0,192.52
algo=ACO|exp=sim|one_way=True|policy=replan|robots=1|seed=12|width=2,2,True,1,ACO,replan,12,True,434.0,386,386,0.0,0,0,0,0,194.21
algo=ACO|exp=sim|one_way=True|policy=replan|robots=1|seed=13|width=2,2,True,1,ACO,replan,13,True,448.0,400,400,0.0,0,0,0,0,194.71
algo=ACO|exp=sim|one_way=True|policy=replan|robots=1|seed=14|width=2,2,True,1,ACO,replan,14,True,454.0,406,406,0.0,0,0,0,0,193.2
algo=ACO|exp=sim|one_way=True|policy=replan|robots=1|seed=15|width=2,2,True,1,ACO,replan,15,True,400.0,352,352,0.0,0,0,0,0,194.31
algo=ACO|exp=sim|one_way=True|policy=replan|robots=1|seed=16|width=2,2,True,1,ACO,replan,16,True,422.0,374,374,0.0,0,0,0,0,192.34
algo=ACO|exp=sim|one_way=True|policy=replan|robots=1|seed=17|width=2,2,True,1,ACO,replan,17,True,414.0,366,366,0.0,0,0,0,0,193.58
algo=ACO|exp=sim|one_way=True|policy=replan|robots=1|seed=18|width=2,2,True,1,ACO,replan,18,True,366.0,318,318,0.0,0,0,0,0,194.07
algo=ACO|exp=sim|one_way=True|policy=replan|robots=1|seed=19|width=2,2,True,1,ACO,replan,19,True,402.0,354,354,0.0,0,0,0,0,195.29
algo=ALO|exp=sim|one_way=True|policy=wait|robots=1|seed=0|width=2,2,True,1,ALO,wait,0,True,442.0,394,394,0.0,0,0,0,0,1002.13
algo=ALO|exp=sim|one_way=True|policy=wait|robots=1|seed=1|width=2,2,True,1,ALO,wait,1,True,454.0,406,406,0.0,0,0,0,0,995.83
algo=ALO|exp=sim|one_way=True|policy=wait|robots=1|seed=3|width=2,2,True,1,ALO,wait,3,True,422.0,374,374,0.0,0,0,0,0,993.0
algo=ALO|exp=sim|one_way=True|policy=wait|robots=1|seed=2|width=2,2,True,1,ALO,wait,2,True,506.0,458,458,0.0,0,0,0,0,1004.83
algo=ALO|exp=sim|one_way=True|policy=wait|robots=1|seed=4|width=2,2,True,1,ALO,wait,4,True,452.0,404,404,0.0,0,0,0,0,993.63
algo=ALO|exp=sim|one_way=True|policy=wait|robots=1|seed=6|width=2,2,True,1,ALO,wait,6,True,462.0,414,414,0.0,0,0,0,0,1000.67
algo=ALO|exp=sim|one_way=True|policy=wait|robots=1|seed=5|width=2,2,True,1,ALO,wait,5,True,524.0,476,476,0.0,0,0,0,0,1006.76
algo=ALO|exp=sim|one_way=True|policy=wait|robots=1|seed=7|width=2,2,True,1,ALO,wait,7,True,462.0,414,414,0.0,0,0,0,0,1006.49
algo=ALO|exp=sim|one_way=True|policy=wait|robots=1|seed=8|width=2,2,True,1,ALO,wait,8,True,498.0,450,450,0.0,0,0,0,0,990.22
algo=ALO|exp=sim|one_way=True|policy=wait|robots=1|seed=9|width=2,2,True,1,ALO,wait,9,True,404.0,356,356,0.0,0,0,0,0,999.54
algo=ALO|exp=sim|one_way=True|policy=wait|robots=1|seed=10|width=2,2,True,1,ALO,wait,10,True,420.0,372,372,0.0,0,0,0,0,999.1
algo=ALO|exp=sim|one_way=True|policy=wait|robots=1|seed=11|width=2,2,True,1,ALO,wait,11,True,452.0,404,404,0.0,0,0,0,0,1001.28
algo=ALO|exp=sim|one_way=True|policy=wait|robots=1|seed=13|width=2,2,True,1,ALO,wait,13,True,464.0,416,416,0.0,0,0,0,0,977.7
algo=ALO|exp=sim|one_way=True|policy=wait|robots=1|seed=12|width=2,2,True,1,ALO,wait,12,True,484.0,436,436,0.0,0,0,0,0,1005.47
algo=ALO|exp=sim|one_way=True|policy=wait|robots=1|seed=14|width=2,2,True,1,ALO,wait,14,True,476.0,428,428,0.0,0,0,0,0,1013.66
algo=ALO|exp=sim|one_way=True|policy=wait|robots=1|seed=15|width=2,2,True,1,ALO,wait,15,True,424.0,376,376,0.0,0,0,0,0,1000.25
algo=ALO|exp=sim|one_way=True|policy=wait|robots=1|seed=16|width=2,2,True,1,ALO,wait,16,True,450.0,402,402,0.0,0,0,0,0,999.58
algo=ALO|exp=sim|one_way=True|policy=wait|robots=1|seed=19|width=2,2,True,1,ALO,wait,19,True,462.0,414,414,0.0,0,0,0,0,981.0
algo=ALO|exp=sim|one_way=True|policy=wait|robots=1|seed=18|width=2,2,True,1,ALO,wait,18,True,442.0,394,394,0.0,0,0,0,0,1008.93
algo=ALO|exp=sim|one_way=True|policy=wait|robots=1|seed=17|width=2,2,True,1,ALO,wait,17,True,450.0,402,402,0.0,0,0,0,0,1031.91
algo=ALO|exp=sim|one_way=True|policy=replan|robots=1|seed=0|width=2,2,True,1,ALO,replan,0,True,442.0,394,394,0.0,0,0,0,0,997.29
algo=ALO|exp=sim|one_way=True|policy=replan|robots=1|seed=1|width=2,2,True,1,ALO,replan,1,True,454.0,406,406,0.0,0,0,0,0,985.97
algo=ALO|exp=sim|one_way=True|policy=replan|robots=1|seed=2|width=2,2,True,1,ALO,replan,2,True,506.0,458,458,0.0,0,0,0,0,1001.94
algo=ALO|exp=sim|one_way=True|policy=replan|robots=1|seed=4|width=2,2,True,1,ALO,replan,4,True,452.0,404,404,0.0,0,0,0,0,994.03
algo=ALO|exp=sim|one_way=True|policy=replan|robots=1|seed=3|width=2,2,True,1,ALO,replan,3,True,422.0,374,374,0.0,0,0,0,0,1003.64
algo=ALO|exp=sim|one_way=True|policy=replan|robots=1|seed=5|width=2,2,True,1,ALO,replan,5,True,524.0,476,476,0.0,0,0,0,0,1009.13
algo=ALO|exp=sim|one_way=True|policy=replan|robots=1|seed=6|width=2,2,True,1,ALO,replan,6,True,462.0,414,414,0.0,0,0,0,0,1000.0
algo=ALO|exp=sim|one_way=True|policy=replan|robots=1|seed=7|width=2,2,True,1,ALO,replan,7,True,462.0,414,414,0.0,0,0,0,0,1007.06
algo=ALO|exp=sim|one_way=True|policy=replan|robots=1|seed=8|width=2,2,True,1,ALO,replan,8,True,498.0,450,450,0.0,0,0,0,0,990.82
algo=ALO|exp=sim|one_way=True|policy=replan|robots=1|seed=10|width=2,2,True,1,ALO,replan,10,True,420.0,372,372,0.0,0,0,0,0,976.21
algo=ALO|exp=sim|one_way=True|policy=replan|robots=1|seed=9|width=2,2,True,1,ALO,replan,9,True,404.0,356,356,0.0,0,0,0,0,995.84
algo=ALO|exp=sim|one_way=True|policy=replan|robots=1|seed=11|width=2,2,True,1,ALO,replan,11,True,452.0,404,404,0.0,0,0,0,0,991.48
algo=ALO|exp=sim|one_way=True|policy=replan|robots=1|seed=12|width=2,2,True,1,ALO,replan,12,True,484.0,436,436,0.0,0,0,0,0,985.16
algo=ALO|exp=sim|one_way=True|policy=replan|robots=1|seed=13|width=2,2,True,1,ALO,replan,13,True,464.0,416,416,0.0,0,0,0,0,987.24
algo=ALO|exp=sim|one_way=True|policy=replan|robots=1|seed=14|width=2,2,True,1,ALO,replan,14,True,476.0,428,428,0.0,0,0,0,0,985.87
algo=Hybrid|exp=sim|one_way=True|policy=wait|robots=1|seed=0|width=2,2,True,1,Hybrid,wait,0,True,404.0,356,356,0.0,0,0,0,0,2.36
algo=Hybrid|exp=sim|one_way=True|policy=wait|robots=1|seed=1|width=2,2,True,1,Hybrid,wait,1,True,400.0,352,352,0.0,0,0,0,0,2.2
algo=Hybrid|exp=sim|one_way=True|policy=wait|robots=1|seed=2|width=2,2,True,1,Hybrid,wait,2,True,470.0,422,422,0.0,0,0,0,0,2.68
algo=Hybrid|exp=sim|one_way=True|policy=wait|robots=1|seed=3|width=2,2,True,1,Hybrid,wait,3,True,422.0,374,374,0.0,0,0,0,0,1.39
algo=Hybrid|exp=sim|one_way=True|policy=wait|robots=1|seed=4|width=2,2,True,1,Hybrid,wait,4,True,402.0,354,354,0.0,0,0,0,0,2.0
algo=Hybrid|exp=sim|one_way=True|policy=wait|robots=1|seed=5|width=2,2,True,1,Hybrid,wait,5,True,422.0,374,374,0.0,0,0,0,0,1.88
algo=Hybrid|exp=sim|one_way=True|policy=wait|robots=1|seed=6|width=2,2,True,1,Hybrid,wait,6,True,448.0,400,400,0.0,0,0,0,0,1.58
algo=Hybrid|exp=sim|one_way=True|policy=wait|robots=1|seed=7|width=2,2,True,1,Hybrid,wait,7,True,416.0,368,368,0.0,0,0,0,0,2.75
algo=Hybrid|exp=sim|one_way=True|policy=wait|robots=1|seed=8|width=2,2,True,1,Hybrid,wait,8,True,442.0,394,394,0.0,0,0,0,0,3.1
algo=Hybrid|exp=sim|one_way=True|policy=wait|robots=1|seed=9|width=2,2,True,1,Hybrid,wait,9,True,404.0,356,356,0.0,0,0,0,0,1.86
algo=Hybrid|exp=sim|one_way=True|policy=wait|robots=1|seed=10|width=2,2,True,1,Hybrid,wait,10,True,412.0,364,364,0.0,0,0,0,0,3.72
algo=Hybrid|exp=sim|one_way=True|policy=wait|robots=1|seed=11|width=2,2,True,1,Hybrid,wait,11,True,424.0,376,376,0.0,0,0,0,0,2.96
algo=Hybrid|exp=sim|one_way=True|policy=wait|robots=1|seed=12|width=2,2,True,1,Hybrid,wait,12,True,434.0,386,386,0.0,0,0,0,0,1.93
algo=Hybrid|exp=sim|one_way=True|policy=wait|robots=1|seed=13|width=2,2,True,1,Hybrid,wait,13,True,448.0,400,400,0.0,0,0,0,0,2.07
algo=Hybrid|exp=sim|one_way=True|policy=wait|robots=1|seed=14|width=2,2,True,1,Hybrid,wait,14,True,462.0,414,414,0.0,0,0,0,0,2.7
algo=Hybrid|exp=sim|one_way=True|policy=wait|robots=1|seed=15|width=2,2,True,1,Hybrid,wait,15,True,400.0,352,352,0.0,0,0,0,0,2.12
algo=Hybrid|exp=sim|one_way=True|policy=wait|robots=1|seed=16|width=2,2,True,1,Hybrid,wait,16,True,424.0,376,376,0.0,0,0,0,0,3.12
algo=Hybrid|exp=sim|one_way=True|policy=wait|robots=1|seed=17|width=2,2,True,1,Hybrid,wait,17,True,414.0,366,366,0.0,0,0,0,0,2.68
algo=Hybrid|exp=sim|one_way=True|policy=wait|robots=1|seed=18|width=2,2,True,1,Hybrid,wait,18,True,368.0,320,320,0.0,0,0,0,0,2.78
algo=Hybrid|exp=sim|one_way=True|policy=wait|robots=1|seed=19|width=2,2,True,1,Hybrid,wait,19,True,430.0,382,382,0.0,0,0,0,0,1.97
algo=Hybrid|exp=sim|one_way=True|policy=replan|robots=1|seed=0|width=2,2,True,1,Hybrid,replan,0,True,404.0,356,356,0.0,0,0,0,0,2.06
algo=Hybrid|exp=sim|one_way=True|policy=replan|robots=1|seed=1|width=2,2,True,1,Hybrid,replan,1,True,400.0,352,352,0.0,0,0,0,0,2.3
algo=Hybrid|exp=sim|one_way=True|policy=replan|robots=1|seed=2|width=2,2,True,1,Hybrid,replan,2,True,470.0,422,422,0.0,0,0,0,0,2.75
algo=Hybrid|exp=sim|one_way=True|policy=replan|robots=1|seed=3|width=2,2,True,1,Hybrid,replan,3,True,422.0,374,374,0.0,0,0,0,0,1.39
algo=Hybrid|exp=sim|one_way=True|policy=replan|robots=1|seed=4|width=2,2,True,1,Hybrid,replan,4,True,402.0,354,354,0.0,0,0,0,0,1.99
algo=Hybrid|exp=sim|one_way=True|policy=replan|robots=1|seed=5|width=2,2,True,1,Hybrid,replan,5,True,422.0,374,374,0.0,0,0,0,0,1.92
algo=Hybrid|exp=sim|one_way=True|policy=replan|robots=1|seed=6|width=2,2,True,1,Hybrid,replan,6,True,448.0,400,400,0.0,0,0,0,0,1.38
algo=Hybrid|exp=sim|one_way=True|policy=replan|robots=1|seed=7|width=2,2,True,1,Hybrid,replan,7,True,416.0,368,368,0.0,0,0,0,0,2.85
algo=Hybrid|exp=sim|one_way=True|policy=replan|robots=1|seed=8|width=2,2,True,1,Hybrid,replan,8,True,442.0,394,394,0.0,0,0,0,0,2.81
algo=Hybrid|exp=sim|one_way=True|policy=replan|robots=1|seed=9|width=2,2,True,1,Hybrid,replan,9,True,404.0,356,356,0.0,0,0,0,0,1.85
algo=Hybrid|exp=sim|one_way=True|policy=replan|robots=1|seed=10|width=2,2,True,1,Hybrid,replan,10,True,412.0,364,364,0.0,0,0,0,0,3.2
algo=Hybrid|exp=sim|one_way=True|policy=replan|robots=1|seed=11|width=2,2,True,1,Hybrid,replan,11,True,424.0,376,376,0.0,0,0,0,0,2.83
algo=Hybrid|exp=sim|one_way=True|policy=replan|robots=1|seed=12|width=2,2,True,1,Hybrid,replan,12,True,434.0,386,386,0.0,0,0,0,0,1.93
algo=Hybrid|exp=sim|one_way=True|policy=replan|robots=1|seed=13|width=2,2,True,1,Hybrid,replan,13,True,448.0,400,400,0.0,0,0,0,0,2.06
algo=Hybrid|exp=sim|one_way=True|policy=replan|robots=1|seed=14|width=2,2,True,1,Hybrid,replan,14,True,462.0,414,414,0.0,0,0,0,0,2.65
algo=Hybrid|exp=sim|one_way=True|policy=replan|robots=1|seed=15|width=2,2,True,1,Hybrid,replan,15,True,400.0,352,352,0.0,0,0,0,0,2.07
algo=Hybrid|exp=sim|one_way=True|policy=replan|robots=1|seed=16|width=2,2,True,1,Hybrid,replan,16,True,424.0,376,376,0.0,0,0,0,0,3.1
algo=Hybrid|exp=sim|one_way=True|policy=replan|robots=1|seed=17|width=2,2,True,1,Hybrid,replan,17,True,414.0,366,366,0.0,0,0,0,0,2.6
algo=Hybrid|exp=sim|one_way=True|policy=replan|robots=1|seed=18|width=2,2,True,1,Hybrid,replan,18,True,368.0,320,320,0.0,0,0,0,0,2.75
algo=Hybrid|exp=sim|one_way=True|policy=replan|robots=1|seed=19|width=2,2,True,1,Hybrid,replan,19,True,430.0,382,382,0.0,0,0,0,0,1.93
algo=ALO|exp=sim|one_way=True|policy=replan|robots=1|seed=15|width=2,2,True,1,ALO,replan,15,True,424.0,376,376,0.0,0,0,0,0,988.21
algo=HeldKarp|exp=sim|one_way=True|policy=wait|robots=3|seed=0|width=2,2,True,3,HeldKarp,wait,0,True,463.0,1106,1084,11.0,7,1,1,0,20.16
algo=HeldKarp|exp=sim|one_way=True|policy=wait|robots=3|seed=1|width=2,2,True,3,HeldKarp,wait,1,True,475.0,1148,1122,10.0,5,1,1,0,20.45
algo=HeldKarp|exp=sim|one_way=True|policy=wait|robots=3|seed=2|width=2,2,True,3,HeldKarp,wait,2,True,499.0,1220,1188,19.0,9,2,2,0,20.08
algo=ALO|exp=sim|one_way=True|policy=replan|robots=1|seed=16|width=2,2,True,1,ALO,replan,16,True,450.0,402,402,0.0,0,0,0,0,988.46
algo=HeldKarp|exp=sim|one_way=True|policy=wait|robots=3|seed=3|width=2,2,True,3,HeldKarp,wait,3,True,459.0,1082,1052,10.0,4,1,1,0,20.23
algo=ALO|exp=sim|one_way=True|policy=replan|robots=1|seed=17|width=2,2,True,1,ALO,replan,17,True,450.0,402,402,0.0,0,0,0,0,983.27
algo=HeldKarp|exp=sim|one_way=True|policy=wait|robots=3|seed=4|width=2,2,True,3,HeldKarp,wait,4,True,455.0,1152,1082,27.0,13,3,4,1,21.85
algo=ALO|exp=sim|one_way=True|policy=replan|robots=1|seed=18|width=2,2,True,1,ALO,replan,18,True,442.0,394,394,0.0,0,0,0,0,1009.06
algo=ALO|exp=sim|one_way=True|policy=replan|robots=1|seed=19|width=2,2,True,1,ALO,replan,19,True,462.0,414,414,0.0,0,0,0,0,1007.18
algo=HeldKarp|exp=sim|one_way=True|policy=wait|robots=3|seed=5|width=2,2,True,3,HeldKarp,wait,5,True,464.0,1136,1080,24.0,12,2,2,0,20.5
algo=HeldKarp|exp=sim|one_way=True|policy=wait|robots=3|seed=6|width=2,2,True,3,HeldKarp,wait,6,True,451.0,1160,1160,15.0,9,1,1,0,20.43
algo=HeldKarp|exp=sim|one_way=True|policy=wait|robots=3|seed=7|width=2,2,True,3,HeldKarp,wait,7,True,479.0,1178,1112,28.0,10,4,4,0,21.28
algo=HeldKarp|exp=sim|one_way=True|policy=wait|robots=3|seed=8|width=2,2,True,3,HeldKarp,wait,8,True,485.0,1232,1176,42.0,16,5,6,1,19.97
algo=HeldKarp|exp=sim|one_way=True|policy=wait|robots=3|seed=9|width=2,2,True,3,HeldKarp,wait,9,True,505.0,1094,1008,33.0,12,4,4,0,21.76
algo=HeldKarp|exp=sim|one_way=True|policy=wait|robots=3|seed=10|width=2,2,True,3,HeldKarp,wait,10,True,488.0,1206,1080,30.0,11,4,4,0,20.74
algo=HeldKarp|exp=sim|one_way=True|policy=wait|robots=3|seed=11|width=2,2,True,3,HeldKarp,wait,11,True,466.0,1142,1106,15.0,5,2,2,0,19.92
algo=HeldKarp|exp=sim|one_way=True|policy=wait|robots=3|seed=12|width=2,2,True,3,HeldKarp,wait,12,True,475.0,1192,1130,18.0,8,2,2,0,20.09
algo=HeldKarp|exp=sim|one_way=True|policy=wait|robots=3|seed=13|width=2,2,True,3,HeldKarp,wait,13,True,490.0,1216,1144,28.0,11,4,4,0,20.18
algo=HeldKarp|exp=sim|one_way=True|policy=wait|robots=3|seed=14|width=2,2,True,3,HeldKarp,wait,14,True,483.0,1128,1102,6.0,3,1,1,0,20.56
algo=HeldKarp|exp=sim|one_way=True|policy=wait|robots=3|seed=15|width=2,2,True,3,HeldKarp,wait,15,True,479.0,1146,1072,29.0,10,3,4,1,20.19
algo=HeldKarp|exp=sim|one_way=True|policy=wait|robots=3|seed=16|width=2,2,True,3,HeldKarp,wait,16,True,483.0,1124,1072,20.0,6,3,3,0,20.67
algo=HeldKarp|exp=sim|one_way=True|policy=wait|robots=3|seed=17|width=2,2,True,3,HeldKarp,wait,17,True,454.0,1142,1102,32.0,13,2,4,2,20.98
algo=HeldKarp|exp=sim|one_way=True|policy=wait|robots=3|seed=18|width=2,2,True,3,HeldKarp,wait,18,True,401.0,994,968,9.0,5,1,1,0,19.96
algo=HeldKarp|exp=sim|one_way=True|policy=wait|robots=3|seed=19|width=2,2,True,3,HeldKarp,wait,19,True,453.0,1142,1080,23.0,11,2,3,1,20.1
algo=HeldKarp|exp=sim|one_way=True|policy=replan|robots=3|seed=0|width=2,2,True,3,HeldKarp,replan,0,True,463.0,1106,1084,11.0,7,2,1,0,20.53
algo=HeldKarp|exp=sim|one_way=True|policy=replan|robots=3|seed=2|width=2,2,True,3,HeldKarp,replan,2,True,499.0,1222,1188,12.0,7,2,1,0,20.98
algo=HeldKarp|exp=sim|one_way=True|policy=replan|robots=3|seed=1|width=2,2,True,3,HeldKarp,replan,1,True,505.0,1178,1122,10.0,5,2,1,0,20.37
algo=HeldKarp|exp=sim|one_way=True|policy=replan|robots=3|seed=3|width=2,2,True,3,HeldKarp,replan,3,True,462.0,1108,1052,16.0,7,4,2,0,21.1
algo=HeldKarp|exp=sim|one_way=True|policy=replan|robots=3|seed=5|width=2,2,True,3,HeldKarp,replan,5,True,466.0,1170,1080,30.0,19,4,2,0,20.08
algo=HeldKarp|exp=sim|one_way=True|policy=replan|robots=3|seed=4|width=2,2,True,3,HeldKarp,replan,4,True,517.0,1226,1082,55.0,22,13,8,2,32.74
algo=HeldKarp|exp=sim|one_way=True|policy=replan|robots=3|seed=6|width=2,2,True,3,HeldKarp,replan,6,True,451.0,1160,1160,15.0,9,2,1,0,22.78
algo=HeldKarp|exp=sim|one_way=True|policy=replan|robots=3|seed=9|width=2,2,True,3,HeldKarp,replan,9,True,461.0,1092,1008,20.0,9,4,2,0,22.44
algo=HeldKarp|exp=sim|one_way=True|policy=replan|robots=3|seed=7|width=2,2,True,3,HeldKarp,replan,7,True,486.0,1202,1112,29.19,11,8,4,0,21.5
algo=HeldKarp|exp=sim|one_way=True|policy=replan|robots=3|seed=8|width=2,2,True,3,HeldKarp,replan,8,True,565.0,1424,1176,45.0,17,14,7,0,20.43
algo=HeldKarp|exp=sim|one_way=True|policy=replan|robots=3|seed=10|width=2,2,True,3,HeldKarp,replan,10,True,527.0,1338,1080,44.0,15,14,7,0,21.23
algo=HeldKarp|exp=sim|one_way=True|policy=replan|robots=3|seed=11|width=2,2,True,3,HeldKarp,replan,11,True,519.0,1290,1106,34.0,12,9,5,1,20.69
algo=HeldKarp|exp=sim|one_way=True|policy=replan|robots=3|seed=12|width=2,2,True,3,HeldKarp,replan,12,True,495.0,1248,1130,17.0,8,4,2,0,21.41
algo=HeldKarp|exp=sim|one_way=True|policy=replan|robots=3|seed=13|width=2,2,True,3,HeldKarp,replan,13,True,531.0,1292,1144,43.0,18,11,6,0,27.55
algo=HeldKarp|exp=sim|one_way=True|policy=replan|robots=3|seed=14|width=2,2,True,3,HeldKarp,replan,14,True,483.0,1128,1102,6.0,3,1,1,0,22.09
algo=HeldKarp|exp=sim|one_way=True|policy=replan|robots=3|seed=15|width=2,2,True,3,HeldKarp,replan,15,True,526.0,1312,1072,58.0,25,12,8,2,20.8
algo=HeldKarp|exp=sim|one_way=True|policy=replan|robots=3|seed=16|width=2,2,True,3,HeldKarp,replan,16,True,506.0,1230,1072,42.0,15,12,6,0,20.78
algo=HeldKarp|exp=sim|one_way=True|policy=replan|robots=3|seed=17|width=2,2,True,3,HeldKarp,replan,17,True,459.0,1166,1102,14.0,8,3,2,0,20.94
algo=HeldKarp|exp=sim|one_way=True|policy=replan|robots=3|seed=18|width=2,2,True,3,HeldKarp,replan,18,True,430.0,1058,968,22.0,11,6,3,0,21.0
algo=HeldKarp|exp=sim|one_way=True|policy=replan|robots=3|seed=19|width=2,2,True,3,HeldKarp,replan,19,True,530.0,1224,1080,41.0,16,10,6,1,20.7
algo=NN|exp=sim|one_way=True|policy=wait|robots=3|seed=0|width=2,2,True,3,NN,wait,0,True,499.0,1218,1138,26.0,8,3,4,1,0.23
algo=NN|exp=sim|one_way=True|policy=wait|robots=3|seed=2|width=2,2,True,3,NN,wait,2,True,527.0,1328,1274,31.28,13,4,5,0,0.24
algo=NN|exp=sim|one_way=True|policy=wait|robots=3|seed=3|width=2,2,True,3,NN,wait,3,True,440.0,1120,1098,16.0,11,1,1,0,0.24
algo=NN|exp=sim|one_way=True|policy=wait|robots=3|seed=1|width=2,2,True,3,NN,wait,1,True,524.0,1268,1190,36.0,14,3,4,1,0.22
algo=NN|exp=sim|one_way=True|policy=wait|robots=3|seed=4|width=2,2,True,3,NN,wait,4,True,442.0,1118,1118,0.0,2,0,0,0,0.22
algo=NN|exp=sim|one_way=True|policy=wait|robots=3|seed=5|width=2,2,True,3,NN,wait,5,True,539.0,1340,1158,47.0,17,6,6,0,0.25
algo=NN|exp=sim|one_way=True|policy=wait|robots=3|seed=7|width=2,2,True,3,NN,wait,7,True,507.0,1258,1158,40.0,14,4,6,2,0.34
algo=NN|exp=sim|one_way=True|policy=wait|robots=3|seed=6|width=2,2,True,3,NN,wait,6,True,492.0,1276,1228,52.0,19,4,8,4,0.25
algo=NN|exp=sim|one_way=True|policy=wait|robots=3|seed=10|width=2,2,True,3,NN,wait,10,True,453.0,1170,1144,22.0,11,3,3,0,0.24
algo=NN|exp=sim|one_way=True|policy=wait|robots=3|seed=8|width=2,2,True,3,NN,wait,8,True,510.0,1286,1240,30.0,12,4,4,0,0.25
algo=NN|exp=sim|one_way=True|policy=wait|robots=3|seed=9|width=2,2,True,3,NN,wait,9,True,416.0,1034,1034,4.0,2,0,0,0,0.21
algo=NN|exp=sim|one_way=True|policy=wait|robots=3|seed=11|width=2,2,True,3,NN,wait,11,True,471.0,1200,1178,9.0,4,1,1,0,0.21
algo=NN|exp=sim|one_way=True|policy=wait|robots=3|seed=12|width=2,2,True,3,NN,wait,12,True,503.0,1260,1204,23.0,9,3,3,0,0.2
algo=NN|exp=sim|one_way=True|policy=wait|robots=3|seed=13|width=2,2,True,3,NN,wait,13,True,506.0,1248,1164,26.0,9,4,4,0,0.22
algo=NN|exp=sim|one_way=True|policy=wait|robots=3|seed=14|width=2,2,True,3,NN,wait,14,True,557.0,1270,1136,35.7,11,4,5,0,0.24
algo=NN|exp=sim|one_way=True|policy=wait|robots=3|seed=15|width=2,2,True,3,NN,wait,15,True,463.0,1196,1148,14.0,6,2,2,0,0.19
algo=NN|exp=sim|one_way=True|policy=wait|robots=3|seed=16|width=2,2,True,3,NN,wait,16,True,443.0,1132,1110,6.0,3,1,1,0,0.21
algo=NN|exp=sim|one_way=True|policy=wait|robots=3|seed=18|width=2,2,True,3,NN,wait,18,True,471.0,1166,1050,39.0,15,5,5,0,0.22
algo=NN|exp=sim|one_way=True|policy=wait|robots=3|seed=17|width=2,2,True,3,NN,wait,17,True,523.0,1314,1132,60.14,25,7,10,2,0.22
algo=NN|exp=sim|one_way=True|policy=wait|robots=3|seed=19|width=2,2,True,3,NN,wait,19,True,462.0,1184,1148,13.0,5,2,2,0,0.22
algo=NN|exp=sim|one_way=True|policy=replan|robots=3|seed=0|width=2,2,True,3,NN,replan,0,True,514.0,1252,1138,30.0,12,6,4,1,0.24
algo=NN|exp=sim|one_way=True|policy=replan|robots=3|seed=3|width=2,2,True,3,NN,replan,3,True,440.0,1120,1098,16.0,11,2,1,0,0.25
algo=NN|exp=sim|one_way=True|policy=replan|robots=3|seed=1|width=2,2,True,3,NN,replan,1,True,561.0,1384,1190,52.67,22,12,6,1,0.24
algo=NN|exp=sim|one_way=True|policy=replan|robots=3|seed=4|width=2,2,True,3,NN,replan,4,True,442.0,1118,1118,0.0,2,0,0,0,0.22
algo=NN|exp=sim|one_way=True|policy=replan|robots=3|seed=5|width=2,2,True,3,NN,replan,5,True,562.0,1310,1158,28.0,10,8,4,0,0.25
algo=NN|exp=sim|one_way=True|policy=replan|robots=3|seed=6|width=2,2,True,3,NN,replan,6,True,518.0,1310,1228,41.0,14,10,5,0,0.25
algo=NN|exp=sim|one_way=True|policy=replan|robots=3|seed=9|width=2,2,True,3,NN,replan,9,True,416.0,1034,1034,4.0,2,0,0,0,0.2
algo=NN|exp=sim|one_way=True|policy=replan|robots=3|seed=8|width=2,2,True,3,NN,replan,8,True,589.0,1432,1240,41.0,14,12,6,0,0.23
algo=NN|exp=sim|one_way=True|policy=replan|robots=3|seed=7|width=2,2,True,3,NN,replan,7,True,609.0,1388,1158,121.0,45,30,19,4,0.24
algo=NN|exp=sim|one_way=True|policy=replan|robots=3|seed=11|width=2,2,True,3,NN,replan,11,True,471.0,1200,1178,9.0,4,2,1,0,0.21
algo=NN|exp=sim|one_way=True|policy=replan|robots=3|seed=10|width=2,2,True,3,NN,replan,10,True,632.0,1490,1144,50.0,17,16,8,0,0.23
algo=NN|exp=sim|one_way=True|policy=replan|robots=3|seed=12|width=2,2,True,3,NN,replan,12,True,499.0,1260,1204,15.0,8,2,1,0,0.2
algo=NN|exp=sim|one_way=True|policy=replan|robots=3|seed=13|width=2,2,True,3,NN,replan,13,True,491.0,1256,1164,24.0,8,7,4,1,0.21
algo=NN|exp=sim|one_way=True|policy=replan|robots=3|seed=14|width=2,2,True,3,NN,replan,14,True,544.0,1224,1136,37.7,14,5,4,1,0.21
algo=NN|exp=sim|one_way=True|policy=replan|robots=3|seed=15|width=2,2,True,3,NN,replan,15,True,492.0,1226,1148,13.0,5,4,2,0,0.24
algo=NN|exp=sim|one_way=True|policy=replan|robots=3|seed=16|width=2,2,True,3,NN,replan,16,True,445.0,1132,1110,8.0,3,2,1,0,0.21
algo=NN|exp=sim|one_way=True|policy=replan|robots=3|seed=17|width=2,2,True,3,NN,replan,17,True,614.0,1382,1132,131.0,47,32,20,2,0.21
algo=NN|exp=sim|one_way=True|policy=replan|robots=3|seed=18|width=2,2,True,3,NN,replan,18,True,545.0,1334,1050,45.0,16,14,7,0,0.2
algo=NN2opt|exp=sim|one_way=True|policy=wait|robots=3|seed=0|width=2,2,True,3,NN2opt,wait,0,True,465.0,1152,1124,8.0,4,1,1,0,1.18
algo=NN|exp=sim|one_way=True|policy=replan|robots=3|seed=19|width=2,2,True,3,NN,replan,19,True,667.0,1528,1148,67.0,23,21,11,1,0.2
algo=NN2opt|exp=sim|one_way=True|policy=wait|robots=3|seed=1|width=2,2,True,3,NN2opt,wait,1,True,510.0,1218,1164,18.0,7,2,2,0,1.22
algo=NN2opt|exp=sim|one_way=True|policy=wait|robots=3|seed=2|width=2,2,True,3,NN2opt,wait,2,True,501.0,1288,1214,41.28,14,3,4,0,1.5
algo=NN2opt|exp=sim|one_way=True|policy=wait|robots=3|seed=3|width=2,2,True,3,NN2opt,wait,3,True,440.0,1120,1098,16.0,11,1,1,0,1.03
algo=NN2opt|exp=sim|one_way=True|policy=wait|robots=3|seed=4|width=2,2,True,3,NN2opt,wait,4,True,443.0,1130,1104,16.0,8,2,2,0,1.47
algo=NN2opt|exp=sim|one_way=True|policy=wait|robots=3|seed=5|width=2,2,True,3,NN2opt,wait,5,True,481.0,1168,1116,19.0,8,2,2,0,1.26
algo=NN2opt|exp=sim|one_way=True|policy=wait|robots=3|seed=6|width=2,2,True,3,NN2opt,wait,6,True,485.0,1244,1206,37.0,13,4,5,1,1.24
algo=NN2opt|exp=sim|one_way=True|policy=wait|robots=3|seed=7|width=2,2,True,3,NN2opt,wait,7,True,494.0,1222,1142,28.0,12,2,4,2,1.36
algo=NN2opt|exp=sim|one_way=True|policy=wait|robots=3|seed=8|width=2,2,True,3,NN2opt,wait,8,True,506.0,1264,1228,30.0,15,4,4,0,1.61
algo=NN2opt|exp=sim|one_way=True|policy=wait|robots=3|seed=9|width=2,2,True,3,NN2opt,wait,9,True,416.0,1034,1034,4.0,2,0,0,0,1.01
algo=NN2opt|exp=sim|one_way=True|policy=wait|robots=3|seed=10|width=2,2,True,3,NN2opt,wait,10,True,512.0,1248,1122,38.0,14,5,5,0,1.19
algo=NN2opt|exp=sim|one_way=True|policy=wait|robots=3|seed=11|width=2,2,True,3,NN2opt,wait,11,True,500.0,1224,1176,15.0,6,2,2,0,1.11
algo=NN2opt|exp=sim|one_way=True|policy=wait|robots=3|seed=12|width=2,2,True,3,NN2opt,wait,12,True,459.0,1192,1170,12.0,8,1,1,0,1.16
algo=NN2opt|exp=sim|one_way=True|policy=wait|robots=3|seed=13|width=2,2,True,3,NN2opt,wait,13,True,506.0,1248,1164,26.0,9,4,4,0,1.0
algo=NN2opt|exp=sim|one_way=True|policy=wait|robots=3|seed=14|width=2,2,True,3,NN2opt,wait,14,True,504.0,1208,1128,34.7,12,3,5,1,1.12
algo=NN2opt|exp=sim|one_way=True|policy=wait|robots=3|seed=15|width=2,2,True,3,NN2opt,wait,15,True,447.0,1170,1122,13.0,5,2,2,0,1.34
algo=NN|exp=sim|one_way=True|policy=replan|robots=3|seed=2|width=2,2,True,3,NN,replan,2,False,inf,5271,1274,5092.28,1707,1692,846,0,0.21
algo=NN2opt|exp=sim|one_way=True|policy=wait|robots=3|seed=16|width=2,2,True,3,NN2opt,wait,16,True,449.0,1134,1102,13.0,5,2,2,0,1.1
algo=NN2opt|exp=sim|one_way=True|policy=wait|robots=3|seed=18|width=2,2,True,3,NN2opt,wait,18,True,471.0,1166,1050,39.0,15,5,5,0,0.98
algo=NN2opt|exp=sim|one_way=True|policy=wait|robots=3|seed=19|width=2,2,True,3,NN2opt,wait,19,True,462.0,1184,1148,13.0,5,2,2,0,1.0
algo=NN2opt|exp=sim|one_way=True|policy=wait|robots=3|seed=17|width=2,2,True,3,NN2opt,wait,17,True,484.0,1244,1126,54.14,22,6,9,2,1.11
algo=NN2opt|exp=sim|one_way=True|policy=replan|robots=3|seed=0|width=2,2,True,3,NN2opt,replan,0,True,543.0,1248,1124,20.0,8,6,3,0,1.18
algo=NN2opt|exp=sim|one_way=True|policy=replan|robots=3|seed=1|width=2,2,True,3,NN2opt,replan,1,True,553.0,1360,1164,49.0,20,12,6,1,1.26
algo=NN2opt|exp=sim|one_way=True|policy=replan|robots=3|seed=2|width=2,2,True,3,NN2opt,replan,2,True,544.0,1332,1214,31.28,13,8,4,0,1.49
algo=NN2opt|exp=sim|one_way=True|policy=replan|robots=3|seed=3|width=2,2,True,3,NN2opt,replan,3,True,440.0,1120,1098,16.0,11,2,1,0,1.03
algo=NN2opt|exp=sim|one_way=True|policy=replan|robots=3|seed=4|width=2,2,True,3,NN2opt,replan,4,True,520.0,1240,1104,40.0,16,12,6,0,1.17
algo=NN2opt|exp=sim|one_way=True|policy=replan|robots=3|seed=6|width=2,2,True,3,NN2opt,replan,6,True,518.0,1288,1206,42.53,16,10,5,0,1.29
algo=NN2opt|exp=sim|one_way=True|policy=replan|robots=3|seed=5|width=2,2,True,3,NN2opt,replan,5,True,508.0,1194,1116,22.0,11,3,2,0,1.56
algo=NN2opt|exp=sim|one_way=True|policy=replan|robots=3|seed=7|width=2,2,True,3,NN2opt,replan,7,True,519.0,1238,1142,43.0,17,6,6,3,1.21
algo=NN2opt|exp=sim|one_way=True|policy=replan|robots=3|seed=9|width=2,2,True,3,NN2opt,replan,9,True,416.0,1034,1034,4.0,2,0,0,0,1.19
algo=NN2opt|exp=sim|one_way=True|policy=replan|robots=3|seed=8|width=2,2,True,3,NN2opt,replan,8,True,638.0,1522,1228,67.0,24,19,10,0,1.21
algo=NN2opt|exp=sim|one_way=True|policy=replan|robots=3|seed=11|width=2,2,True,3,NN2opt,replan,11,True,500.0,1224,1176,15.0,6,3,2,0,1.09
algo=NN2opt|exp=sim|one_way=True|policy=replan|robots=3|seed=10|width=2,2,True,3,NN2opt,replan,10,True,751.0,1478,1122,387.0,134,118,58,0,1.22
algo=NN2opt|exp=sim|one_way=True|policy=replan|robots=3|seed=12|width=2,2,True,3,NN2opt,replan,12,True,459.0,1192,1170,12.0,8,2,1,0,1.25
algo=NN2opt|exp=sim|one_way=True|policy=replan|robots=3|seed=13|width=2,2,True,3,NN2opt,replan,13,True,491.0,1256,1164,24.0,8,7,4,1,1.08
algo=NN2opt|exp=sim|one_way=True|policy=replan|robots=3|seed=14|width=2,2,True,3,NN2opt,replan,14,True,501.0,1158,1128,17.7,8,1,1,0,1.08
algo=NN2opt|exp=sim|one_way=True|policy=replan|robots=3|seed=15|width=2,2,True,3,NN2opt,replan,15,True,505.0,1228,1122,33.0,12,5,5,2,1.17
algo=NN2opt|exp=sim|one_way=True|policy=replan|robots=3|seed=16|width=2,2,True,3,NN2opt,replan,16,True,522.0,1242,1102,38.0,14,12,6,0,1.12
algo=NN2opt|exp=sim|one_way=True|policy=replan|robots=3|seed=17|width=2,2,True,3,NN2opt,replan,17,True,506.0,1284,1126,42.0,19,7,5,1,1.1
algo=NN2opt|exp=sim|one_way=True|policy=replan|robots=3|seed=18|width=2,2,True,3,NN2opt,replan,18,True,545.0,1334,1050,45.0,16,14,7,0,1.01
algo=NN2opt|exp=sim|one_way=True|policy=replan|robots=3|seed=19|width=2,2,True,3,NN2opt,replan,19,True,667.0,1528,1148,67.0,23,21,11,1,1.03
algo=GA|exp=sim|one_way=True|policy=wait|robots=3|seed=2|width=2,2,True,3,GA,wait,2,True,473.0,1236,1196,19.0,12,1,1,0,3420.8
algo=GA|exp=sim|one_way=True|policy=wait|robots=3|seed=1|width=2,2,True,3,GA,wait,1,True,480.0,1170,1132,22.0,7,3,3,0,3455.94
algo=GA|exp=sim|one_way=True|policy=wait|robots=3|seed=0|width=2,2,True,3,GA,wait,0,True,506.0,1196,1098,27.0,13,3,3,0,3478.91
algo=GA|exp=sim|one_way=True|policy=wait|robots=3|seed=3|width=2,2,True,3,GA,wait,3,True,433.0,1100,1078,13.0,6,2,2,0,3451.26
algo=GA|exp=sim|one_way=True|policy=wait|robots=3|seed=5|width=2,2,True,3,GA,wait,5,True,517.0,1236,1100,44.0,14,4,7,3,3423.42
algo=GA|exp=sim|one_way=True|policy=wait|robots=3|seed=4|width=2,2,True,3,GA,wait,4,True,455.0,1152,1104,19.0,9,2,2,0,3459.2
algo=GA|exp=sim|one_way=True|policy=wait|robots=3|seed=6|width=2,2,True,3,GA,wait,6,True,523.0,1292,1178,31.0,10,5,5,0,3435.09
algo=GA|exp=sim|one_way=True|policy=wait|robots=3|seed=7|width=2,2,True,3,GA,wait,7,True,458.0,1170,1112,19.0,7,3,3,0,3415.71
algo=GA|exp=sim|one_way=True|policy=wait|robots=3|seed=8|width=2,2,True,3,GA,wait,8,True,514.0,1286,1188,44.0,16,6,6,0,3428.67
algo=GA|exp=sim|one_way=True|policy=wait|robots=3|seed=10|width=2,2,True,3,GA,wait,10,True,473.0,1138,1104,12.0,7,1,1,0,3436.59
algo=GA|exp=sim|one_way=True|policy=wait|robots=3|seed=13|width=2,2,True,3,GA,wait,13,True,507.0,1212,1146,27.0,11,4,4,0,3402.57
algo=GA|exp=sim|one_way=True|policy=wait|robots=3|seed=9|width=2,2,True,3,GA,wait,9,True,472.0,1118,1036,20.0,6,3,3,0,3492.95
algo=GA|exp=sim|one_way=True|policy=wait|robots=3|seed=11|width=2,2,True,3,GA,wait,11,True,471.0,1152,1112,8.0,4,1,1,0,3450.95
algo=GA|exp=sim|one_way=True|policy=wait|robots=3|seed=12|width=2,2,True,3,GA,wait,12,True,480.0,1174,1138,14.0,10,2,2,0,3447.84
algo=GA|exp=sim|one_way=True|policy=wait|robots=3|seed=14|width=2,2,True,3,GA,wait,14,True,485.0,1230,1134,27.0,11,3,4,1,3387.1
algo=GA|exp=sim|one_way=True|policy=wait|robots=3|seed=15|width=2,2,True,3,GA,wait,15,True,453.0,1160,1078,19.0,7,3,3,0,3419.34
algo=GA|exp=sim|one_way=True|policy=wait|robots=3|seed=16|width=2,2,True,3,GA,wait,16,True,456.0,1150,1086,38.0,16,3,5,2,3416.73
algo=GA|exp=sim|one_way=True|policy=wait|robots=3|seed=17|width=2,2,True,3,GA,wait,17,True,459.0,1172,1114,19.0,8,2,2,0,3395.74
algo=GA|exp=sim|one_way=True|policy=wait|robots=3|seed=19|width=2,2,True,3,GA,wait,19,True,451.0,1128,1088,15.0,8,1,1,0,3388.56
algo=GA|exp=sim|one_way=True|policy=wait|robots=3|seed=18|width=2,2,True,3,GA,wait,18,True,453.0,1092,998,37.0,12,5,6,1,3447.18
algo=GA|exp=sim|one_way=True|policy=replan|robots=3|seed=0|width=2,2,True,3,GA,replan,0,True,652.0,1564,1098,193.68,67,59,31,1,3419.34
algo=GA|exp=sim|one_way=True|policy=replan|robots=3|seed=1|width=2,2,True,3,GA,replan,1,True,518.0,1188,1132,47.0,16,13,7,1,3418.66
algo=GA|exp=sim|one_way=True|policy=replan|robots=3|seed=2|width=2,2,True,3,GA,replan,2,True,526.0,1324,1196,24.0,15,4,2,0,3441.04
algo=GA|exp=sim|one_way=True|policy=replan|robots=3|seed=4|width=2,2,True,3,GA,replan,4,True,486.0,1194,1104,24.0,11,6,3,0,3441.55
algo=GA|exp=sim|one_way=True|policy=replan|robots=3|seed=5|width=2,2,True,3,GA,replan,5,True,578.0,1456,1100,70.0,29,19,11,1,3429.8
algo=GA|exp=sim|one_way=True|policy=replan|robots=3|seed=3|width=2,2,True,3,GA,replan,3,True,585.0,1240,1078,174.0,62,54,27,2,3445.75
algo=GA|exp=sim|one_way=True|policy=replan|robots=3|seed=6|width=2,2,True,3,GA,replan,6,True,548.0,1356,1178,63.0,24,14,9,2,3491.57
algo=GA|exp=sim|one_way=True|policy=replan|robots=3|seed=7|width=2,2,True,3,GA,replan,7,True,610.8127062433601,1434,1112,51.81,17,15,8,0,3479.06
algo=GA|exp=sim|one_way=True|policy=replan|robots=3|seed=8|width=2,2,True,3,GA,replan,8,True,498.0,1286,1188,20.0,10,4,2,0,3413.19
algo=GA|exp=sim|one_way=True|policy=replan|robots=3|seed=9|width=2,2,True,3,GA,replan,9,True,472.0,1118,1036,12.0,4,3,2,0,3438.45
algo=GA|exp=sim|one_way=True|policy=replan|robots=3|seed=12|width=2,2,True,3,GA,replan,12,True,480.0,1194,1138,16.0,7,4,2,0,3412.57
algo=GA|exp=sim|one_way=True|policy=replan|robots=3|seed=11|width=2,2,True,3,GA,replan,11,True,486.0,1180,1112,26.0,15,4,2,0,3425.99
algo=GA|exp=sim|one_way=True|policy=replan|robots=3|seed=10|width=2,2,True,3,GA,replan,10,True,528.0,1232,1104,34.0,17,6,4,1,3442.04
algo=GA|exp=sim|one_way=True|policy=replan|robots=3|seed=14|width=2,2,True,3,GA,replan,14,True,530.0,1208,1134,26.0,15,5,4,1,3436.16
algo=GA|exp=sim|one_way=True|policy=replan|robots=3|seed=13|width=2,2,True,3,GA,replan,13,True,575.0,1328,1146,48.0,18,14,7,0,3453.71
algo=ACO|exp=sim|one_way=True|policy=wait|robots=3|seed=0|width=2,2,True,3,ACO,wait,0,True,442.0,1084,1084,4.0,3,0,0,0,592.54
algo=ACO|exp=sim|one_way=True|policy=wait|robots=3|seed=1|width=2,2,True,3,ACO,wait,1,True,517.0,1180,1122,18.0,7,3,3,0,591.65
algo=ACO|exp=sim|one_way=True|policy=wait|robots=3|seed=3|width=2,2,True,3,ACO,wait,3,True,447.0,1074,1052,17.0,12,1,1,0,585.38
algo=ACO|exp=sim|one_way=True|policy=wait|robots=3|seed=2|width=2,2,True,3,ACO,wait,2,True,505.0,1238,1188,24.0,13,2,2,0,591.35
algo=ACO|exp=sim|one_way=True|policy=wait|robots=3|seed=4|width=2,2,True,3,ACO,wait,4,True,491.0,1208,1082,30.0,14,4,4,0,589.82
algo=ACO|exp=sim|one_way=True|policy=wait|robots=3|seed=5|width=2,2,True,3,ACO,wait,5,True,471.0,1134,1080,31.0,12,2,4,2,592.9
algo=ACO|exp=sim|one_way=True|policy=wait|robots=3|seed=6|width=2,2,True,3,ACO,wait,6,True,495.0,1200,1160,17.0,8,2,2,0,621.07
algo=ACO|exp=sim|one_way=True|policy=wait|robots=3|seed=7|width=2,2,True,3,ACO,wait,7,True,458.0,1176,1112,29.0,11,4,4,0,641.76
algo=GA|exp=sim|one_way=True|policy=replan|robots=3|seed=15|width=2,2,True,3,GA,replan,15,True,468.0,1194,1078,12.0,5,4,2,0,3546.62
algo=GA|exp=sim|one_way=True|policy=replan|robots=3|seed=16|width=2,2,True,3,GA,replan,16,True,468.0,1184,1086,52.0,20,9,7,2,3547.54
algo=GA|exp=sim|one_way=True|policy=replan|robots=3|seed=17|width=2,2,True,3,GA,replan,17,True,469.0,1176,1114,25.0,15,4,2,0,3560.11
algo=GA|exp=sim|one_way=True|policy=replan|robots=3|seed=19|width=2,2,True,3,GA,replan,19,True,494.0,1214,1088,28.0,14,6,3,0,3546.11
algo=ACO|exp=sim|one_way=True|policy=wait|robots=3|seed=8|width=2,2,True,3,ACO,wait,8,True,515.0,1258,1178,51.0,19,6,7,1,596.38
algo=ACO|exp=sim|one_way=True|policy=wait|robots=3|seed=9|width=2,2,True,3,ACO,wait,9,True,515.0,1140,1008,28.0,11,4,4,0,607.12
algo=GA|exp=sim|one_way=True|policy=replan|robots=3|seed=18|width=2,2,True,3,GA,replan,18,True,557.0,1302,998,61.0,24,18,9,0,3610.99
algo=ACO|exp=sim|one_way=True|policy=wait|robots=3|seed=10|width=2,2,True,3,ACO,wait,10,True,433.0,1106,1080,17.0,7,2,2,0,578.46
algo=ACO|exp=sim|one_way=True|policy=wait|robots=3|seed=11|width=2,2,True,3,ACO,wait,11,True,471.0,1172,1106,33.65,9,2,3,0,581.33
algo=ACO|exp=sim|one_way=True|policy=wait|robots=3|seed=12|width=2,2,True,3,ACO,wait,12,True,484.0,1208,1130,24.0,9,4,4,0,580.94
algo=ACO|exp=sim|one_way=True|policy=wait|robots=3|seed=13|width=2,2,True,3,ACO,wait,13,True,448.0,1144,1144,0.0,1,0,0,0,579.31
algo=ACO|exp=sim|one_way=True|policy=wait|robots=3|seed=14|width=2,2,True,3,ACO,wait,14,True,504.0,1238,1102,46.0,17,4,6,2,581.73
algo=ACO|exp=sim|one_way=True|policy=wait|robots=3|seed=15|width=2,2,True,3,ACO,wait,15,True,519.0,1210,1076,51.0,18,4,8,4,578.56
algo=ACO|exp=sim|one_way=True|policy=wait|robots=3|seed=16|width=2,2,True,3,ACO,wait,16,True,428.0,1072,1072,6.0,4,0,0,0,579.37
algo=ACO|exp=sim|one_way=True|policy=wait|robots=3|seed=17|width=2,2,True,3,ACO,wait,17,True,481.0,1190,1102,19.0,6,3,3,0,576.08
algo=ACO|exp=sim|one_way=True|policy=wait|robots=3|seed=18|width=2,2,True,3,ACO,wait,18,True,454.0,1066,968,34.0,14,4,4,0,573.64
algo=ACO|exp=sim|one_way=True|policy=wait|robots=3|seed=19|width=2,2,True,3,ACO,wait,19,True,451.0,1124,1080,17.0,7,2,2,0,577.3
algo=ACO|exp=sim|one_way=True|policy=replan|robots=3|seed=0|width=2,2,True,3,ACO,replan,0,True,442.0,1084,1084,4.0,3,0,0,0,578.99
algo=ACO|exp=sim|one_way=True|policy=replan|robots=3|seed=1|width=2,2,True,3,ACO,replan,1,True,490.0,1178,1122,14.0,6,4,2,0,581.12
algo=ACO|exp=sim|one_way=True|policy=replan|robots=3|seed=2|width=2,2,True,3,ACO,replan,2,True,505.0,1238,1188,24.0,13,3,2,0,578.85
algo=ACO|exp=sim|one_way=True|policy=replan|robots=3|seed=3|width=2,2,True,3,ACO,replan,3,True,447.0,1074,1052,17.0,12,2,1,0,586.36
algo=ACO|exp=sim|one_way=True|policy=replan|robots=3|seed=4|width=2,2,True,3,ACO,replan,4,True,540.0,1294,1082,51.0,19,14,8,2,579.34
algo=ACO|exp=sim|one_way=True|policy=replan|robots=3|seed=5|width=2,2,True,3,ACO,replan,5,True,515.0,1222,1080,19.0,7,6,3,0,578.69
algo=ACO|exp=sim|one_way=True|policy=replan|robots=3|seed=6|width=2,2,True,3,ACO,replan,6,True,531.0,1318,1160,35.0,16,9,5,0,576.42
algo=ACO|exp=sim|one_way=True|policy=replan|robots=3|seed=7|width=2,2,True,3,ACO,replan,7,True,557.0,1252,1112,129.0,44,39,21,2,586.17
algo=ACO|exp=sim|one_way=True|policy=replan|robots=3|seed=8|width=2,2,True,3,ACO,replan,8,True,555.0,1362,1178,41.0,14,11,7,1,584.48
algo=ACO|exp=sim|one_way=True|policy=replan|robots=3|seed=9|width=2,2,True,3,ACO,replan,9,True,728.0,1318,1008,304.0,102,97,49,0,584.49
algo=ACO|exp=sim|one_way=True|policy=replan|robots=3|seed=10|width=2,2,True,3,ACO,replan,10,True,503.0,1286,1080,37.0,15,11,6,1,588.14
algo=ACO|exp=sim|one_way=True|policy=replan|robots=3|seed=11|width=2,2,True,3,ACO,replan,11,True,514.0,1252,1106,37.85,16,8,4,0,590.44
algo=ACO|exp=sim|one_way=True|policy=replan|robots=3|seed=12|width=2,2,True,3,ACO,replan,12,True,574.0,1434,1130,66.0,25,20,10,0,599.38
algo=ACO|exp=sim|one_way=True|policy=replan|robots=3|seed=13|width=2,2,True,3,ACO,replan,13,True,448.0,1144,1144,0.0,1,0,0,0,598.01
algo=ACO|exp=sim|one_way=True|policy=replan|robots=3|seed=14|width=2,2,True,3,ACO,replan,14,True,494.0,1270,1102,52.0,20,12,8,2,600.82
algo=ACO|exp=sim|one_way=True|policy=replan|robots=3|seed=15|width=2,2,True,3,ACO,replan,15,True,488.0,1202,1076,54.0,23,6,7,4,600.35
algo=ACO|exp=sim|one_way=True|policy=replan|robots=3|seed=17|width=2,2,True,3,ACO,replan,17,True,559.0,1354,1102,46.0,17,14,7,0,600.93
algo=ACO|exp=sim|one_way=True|policy=replan|robots=3|seed=16|width=2,2,True,3,ACO,replan,16,True,428.0,1072,1072,6.0,4,0,0,0,630.49
algo=ACO|exp=sim|one_way=True|policy=replan|robots=3|seed=18|width=2,2,True,3,ACO,replan,18,True,462.0,1150,968,20.0,9,6,3,0,580.19
algo=ACO|exp=sim|one_way=True|policy=replan|robots=3|seed=19|width=2,2,True,3,ACO,replan,19,True,566.0,1208,1080,146.0,54,44,22,0,578.09
algo=ALO|exp=sim|one_way=True|policy=wait|robots=3|seed=0|width=2,2,True,3,ALO,wait,0,True,528.0,1298,1200,30.0,13,4,4,0,2962.36
algo=ALO|exp=sim|one_way=True|policy=wait|robots=3|seed=1|width=2,2,True,3,ALO,wait,1,True,534.0,1356,1192,38.0,15,5,5,0,2966.05
algo=ALO|exp=sim|one_way=True|policy=wait|robots=3|seed=2|width=2,2,True,3,ALO,wait,2,True,530.0,1396,1322,27.0,11,3,3,0,2974.98
algo=ALO|exp=sim|one_way=True|policy=wait|robots=3|seed=4|width=2,2,True,3,ALO,wait,4,True,540.0,1286,1248,26.0,12,3,3,0,2943.11
algo=ALO|exp=sim|one_way=True|policy=wait|robots=3|seed=3|width=2,2,True,3,ALO,wait,3,True,456.0,1102,1102,2.0,1,0,0,0,2965.68
algo=ALO|exp=sim|one_way=True|policy=wait|robots=3|seed=5|width=2,2,True,3,ALO,wait,5,True,583.0,1344,1294,19.0,9,2,3,1,2963.64
algo=ALO|exp=sim|one_way=True|policy=wait|robots=3|seed=6|width=2,2,True,3,ALO,wait,6,True,520.0,1286,1194,40.0,19,4,4,0,2946.08
algo=ALO|exp=sim|one_way=True|policy=wait|robots=3|seed=7|width=2,2,True,3,ALO,wait,7,True,629.0,1416,1284,39.0,13,5,6,1,2954.35
algo=ALO|exp=sim|one_way=True|policy=wait|robots=3|seed=9|width=2,2,True,3,ALO,wait,9,True,453.0,1116,1116,15.0,9,2,2,0,2946.93
algo=ALO|exp=sim|one_way=True|policy=wait|robots=3|seed=8|width=2,2,True,3,ALO,wait,8,True,545.0,1358,1314,7.0,5,1,1,0,2962.99
algo=ALO|exp=sim|one_way=True|policy=wait|robots=3|seed=10|width=2,2,True,3,ALO,wait,10,True,501.0,1200,1140,23.0,8,2,3,1,2966.51
algo=ALO|exp=sim|one_way=True|policy=wait|robots=3|seed=11|width=2,2,True,3,ALO,wait,11,True,499.0,1288,1214,33.0,13,4,5,1,2973.26
algo=ALO|exp=sim|one_way=True|policy=wait|robots=3|seed=12|width=2,2,True,3,ALO,wait,12,True,516.0,1328,1230,21.0,10,3,3,0,2935.04
algo=ALO|exp=sim|one_way=True|policy=wait|robots=3|seed=13|width=2,2,True,3,ALO,wait,13,True,507.0,1316,1218,29.0,11,4,4,0,2917.34
algo=ALO|exp=sim|one_way=True|policy=wait|robots=3|seed=14|width=2,2,True,3,ALO,wait,14,True,509.0,1300,1212,27.0,11,4,4,0,2934.82
algo=ALO|exp=sim|one_way=True|policy=wait|robots=3|seed=16|width=2,2,True,3,ALO,wait,16,True,540.0,1254,1144,36.12,10,5,6,0,2922.93
algo=ALO|exp=sim|one_way=True|policy=wait|robots=3|seed=15|width=2,2,True,3,ALO,wait,15,True,473.0,1200,1178,14.0,8,1,1,0,2957.45
algo=ALO|exp=sim|one_way=True|policy=wait|robots=3|seed=17|width=2,2,True,3,ALO,wait,17,True,540.0,1314,1258,20.0,7,2,3,1,2920.5
algo=ALO|exp=sim|one_way=True|policy=wait|robots=3|seed=18|width=2,2,True,3,ALO,wait,18,True,451.0,1114,1114,15.0,8,1,1,0,2929.95
algo=ALO|exp=sim|one_way=True|policy=wait|robots=3|seed=19|width=2,2,True,3,ALO,wait,19,True,500.0,1254,1224,12.0,6,1,1,0,2935.91
algo=ALO|exp=sim|one_way=True|policy=replan|robots=3|seed=0|width=2,2,True,3,ALO,replan,0,True,671.0,1526,1200,65.0,22,19,9,0,2939.58
algo=ALO|exp=sim|one_way=True|policy=replan|robots=3|seed=1|width=2,2,True,3,ALO,replan,1,True,556.0,1440,1192,58.0,21,16,8,0,2973.17
algo=ALO|exp=sim|one_way=True|policy=replan|robots=3|seed=2|width=2,2,True,3,ALO,replan,2,True,561.0,1442,1322,49.0,18,12,7,0,2969.42
algo=ALO|exp=sim|one_way=True|policy=replan|robots=3|seed=3|width=2,2,True,3,ALO,replan,3,True,456.0,1102,1102,2.0,1,0,0,0,2965.75
algo=ALO|exp=sim|one_way=True|policy=replan|robots=3|seed=4|width=2,2,True,3,ALO,replan,4,True,558.0,1308,1248,20.0,8,5,3,0,2988.26
algo=ALO|exp=sim|one_way=True|policy=replan|robots=3|seed=5|width=2,2,True,3,ALO,replan,5,True,634.0,1544,1294,32.0,12,10,5,0,2978.02
algo=ALO|exp=sim|one_way=True|policy=replan|robots=3|seed=6|width=2,2,True,3,ALO,replan,6,True,524.0,1288,1194,37.0,17,7,4,0,3003.88
algo=ALO|exp=sim|one_way=True|policy=replan|robots=3|seed=7|width=2,2,True,3,ALO,replan,7,True,619.0,1448,1284,47.0,17,10,7,2,2966.61
algo=ALO|exp=sim|one_way=True|policy=replan|robots=3|seed=9|width=2,2,True,3,ALO,replan,9,True,451.0,1116,1116,19.0,8,2,1,0,2948.96
algo=ALO|exp=sim|one_way=True|policy=replan|robots=3|seed=8|width=2,2,True,3,ALO,replan,8,True,584.0,1438,1314,24.0,10,8,4,0,2959.87
algo=ALO|exp=sim|one_way=True|policy=replan|robots=3|seed=10|width=2,2,True,3,ALO,replan,10,True,544.0,1330,1140,36.0,15,8,4,0,2977.83
algo=ALO|exp=sim|one_way=True|policy=replan|robots=3|seed=11|width=2,2,True,3,ALO,replan,11,True,510.0,1338,1214,22.0,10,5,3,0,2952.12
algo=ALO|exp=sim|one_way=True|policy=replan|robots=3|seed=12|width=2,2,True,3,ALO,replan,12,True,595.0,1460,1230,53.0,21,9,8,3,2948.8
algo=ALO|exp=sim|one_way=True|policy=replan|robots=3|seed=13|width=2,2,True,3,ALO,replan,13,True,828.0,1638,1218,433.0,148,129,64,0,2930.92
algo=ALO|exp=sim|one_way=True|policy=replan|robots=3|seed=14|width=2,2,True,3,ALO,replan,14,True,529.0,1336,1212,32.0,13,10,5,0,2945.67
algo=Hybrid|exp=sim|one_way=True|policy=wait|robots=3|seed=0|width=2,2,True,3,Hybrid,wait,0,True,460.0,1178,1088,28.0,10,4,4,0,7.58
algo=Hybrid|exp=sim|one_way=True|policy=wait|robots=3|seed=1|width=2,2,True,3,Hybrid,wait,1,True,503.0,1196,1130,21.0,9,2,2,0,7.84
algo=Hybrid|exp=sim|one_way=True|policy=wait|robots=3|seed=2|width=2,2,True,3,Hybrid,wait,2,True,499.0,1216,1190,11.0,6,1,1,0,8.92
algo=Hybrid|exp=sim|one_way=True|policy=wait|robots=3|seed=3|width=2,2,True,3,Hybrid,wait,3,True,476.0,1108,1064,19.0,11,2,2,0,7.19
algo=Hybrid|exp=sim|one_way=True|policy=wait|robots=3|seed=4|width=2,2,True,3,Hybrid,wait,4,True,481.0,1208,1084,33.0,12,5,5,0,7.21
algo=Hybrid|exp=sim|one_way=True|policy=wait|robots=3|seed=5|width=2,2,True,3,Hybrid,wait,5,True,463.0,1136,1084,15.0,5,2,2,0,8.7
algo=Hybrid|exp=sim|one_way=True|policy=wait|robots=3|seed=6|width=2,2,True,3,Hybrid,wait,6,True,477.0,1202,1164,9.0,4,1,1,0,7.99
algo=Hybrid|exp=sim|one_way=True|policy=wait|robots=3|seed=7|width=2,2,True,3,Hybrid,wait,7,True,491.0,1182,1120,17.0,7,2,2,0,7.02
algo=Hybrid|exp=sim|one_way=True|policy=wait|robots=3|seed=8|width=2,2,True,3,Hybrid,wait,8,True,542.0,1300,1178,43.0,19,6,6,0,8.67
algo=Hybrid|exp=sim|one_way=True|policy=wait|robots=3|seed=9|width=2,2,True,3,Hybrid,wait,9,True,462.0,1058,1010,20.0,10,2,2,0,5.15
algo=Hybrid|exp=sim|one_way=True|policy=wait|robots=3|seed=10|width=2,2,True,3,Hybrid,wait,10,True,479.0,1160,1100,30.0,12,3,5,2,7.17
algo=Hybrid|exp=sim|one_way=True|policy=wait|robots=3|seed=11|width=2,2,True,3,Hybrid,wait,11,True,484.0,1206,1110,28.0,14,4,4,0,9.03
algo=Hybrid|exp=sim|one_way=True|policy=wait|robots=3|seed=12|width=2,2,True,3,Hybrid,wait,12,True,454.0,1184,1136,21.0,9,3,3,0,7.58
algo=Hybrid|exp=sim|one_way=True|policy=wait|robots=3|seed=13|width=2,2,True,3,Hybrid,wait,13,True,489.0,1218,1146,19.0,7,3,3,0,13.66
algo=Hybrid|exp=sim|one_way=True|policy=wait|robots=3|seed=14|width=2,2,True,3,Hybrid,wait,14,True,504.0,1170,1110,30.0,16,3,3,0,6.9
algo=Hybrid|exp=sim|one_way=True|policy=wait|robots=3|seed=15|width=2,2,True,3,Hybrid,wait,15,True,460.0,1162,1098,38.0,12,6,6,0,7.73
algo=Hybrid|exp=sim|one_way=True|policy=wait|robots=3|seed=16|width=2,2,True,3,Hybrid,wait,16,True,453.0,1102,1076,6.0,2,1,1,0,8.51
algo=Hybrid|exp=sim|one_way=True|policy=wait|robots=3|seed=17|width=2,2,True,3,Hybrid,wait,17,True,460.0,1162,1102,26.0,9,3,4,1,7.89
algo=Hybrid|exp=sim|one_way=True|policy=wait|robots=3|seed=18|width=2,2,True,3,Hybrid,wait,18,True,487.0,1130,998,53.0,19,5,8,3,8.38
algo=Hybrid|exp=sim|one_way=True|policy=wait|robots=3|seed=19|width=2,2,True,3,Hybrid,wait,19,True,521.0,1262,1108,38.0,13,5,5,0,6.36
algo=Hybrid|exp=sim|one_way=True|policy=replan|robots=3|seed=0|width=2,2,True,3,Hybrid,replan,0,True,498.0,1250,1088,50.0,17,14,8,0,7.67
algo=Hybrid|exp=sim|one_way=True|policy=replan|robots=3|seed=1|width=2,2,True,3,Hybrid,replan,1,True,529.0,1346,1130,45.0,19,12,6,0,7.87
algo=Hybrid|exp=sim|one_way=True|policy=replan|robots=3|seed=2|width=2,2,True,3,Hybrid,replan,2,True,499.0,1216,1190,11.0,6,1,1,0,8.18
algo=Hybrid|exp=sim|one_way=True|policy=replan|robots=3|seed=3|width=2,2,True,3,Hybrid,replan,3,True,466.0,1126,1064,12.0,7,2,1,0,7.33
algo=Hybrid|exp=sim|one_way=True|policy=replan|robots=3|seed=4|width=2,2,True,3,Hybrid,replan,4,True,520.0,1252,1084,42.0,17,10,5,0,7.83
algo=Hybrid|exp=sim|one_way=True|policy=replan|robots=3|seed=5|width=2,2,True,3,Hybrid,replan,5,True,511.0,1210,1084,27.0,11,5,4,1,8.54
algo=Hybrid|exp=sim|one_way=True|policy=replan|robots=3|seed=6|width=2,2,True,3,Hybrid,replan,6,True,477.0,1202,1164,9.0,4,2,1,0,7.9
algo=Hybrid|exp=sim|one_way=True|policy=replan|robots=3|seed=7|width=2,2,True,3,Hybrid,replan,7,True,540.0,1246,1120,46.0,26,8,4,0,7.04
algo=Hybrid|exp=sim|one_way=True|policy=replan|robots=3|seed=8|width=2,2,True,3,Hybrid,replan,8,True,572.0,1404,1178,59.0,22,18,9,0,8.49
algo=Hybrid|exp=sim|one_way=True|policy=replan|robots=3|seed=9|width=2,2,True,3,Hybrid,replan,9,True,483.0972022323925,1170,1010,32.1,14,7,4,0,6.09
algo=Hybrid|exp=sim|one_way=True|policy=replan|robots=3|seed=10|width=2,2,True,3,Hybrid,replan,10,True,495.0,1178,1100,33.0,15,8,5,1,7.09
algo=Hybrid|exp=sim|one_way=True|policy=replan|robots=3|seed=11|width=2,2,True,3,Hybrid,replan,11,True,462.0,1188,1110,18.0,10,4,2,0,9.58
algo=Hybrid|exp=sim|one_way=True|policy=replan|robots=3|seed=12|width=2,2,True,3,Hybrid,replan,12,True,535.0,1306,1136,37.0,14,10,6,1,7.19
algo=Hybrid|exp=sim|one_way=True|policy=replan|robots=3|seed=13|width=2,2,True,3,Hybrid,replan,13,True,477.0,1238,1146,25.0,9,7,4,1,6.29
algo=Hybrid|exp=sim|one_way=True|policy=replan|robots=3|seed=14|width=2,2,True,3,Hybrid,replan,14,True,497.0,1166,1110,23.0,12,4,2,0,7.44
algo=Hybrid|exp=sim|one_way=True|policy=replan|robots=3|seed=15|width=2,2,True,3,Hybrid,replan,15,True,487.0,1178,1098,27.0,10,7,4,0,7.53
algo=Hybrid|exp=sim|one_way=True|policy=replan|robots=3|seed=16|width=2,2,True,3,Hybrid,replan,16,True,453.0,1140,1076,6.0,2,2,1,0,8.4
algo=Hybrid|exp=sim|one_way=True|policy=replan|robots=3|seed=17|width=2,2,True,3,Hybrid,replan,17,True,453.0,1164,1102,7.0,5,2,1,0,8.23
algo=Hybrid|exp=sim|one_way=True|policy=replan|robots=3|seed=18|width=2,2,True,3,Hybrid,replan,18,True,408.0,1054,998,14.0,9,2,1,0,7.55
algo=Hybrid|exp=sim|one_way=True|policy=replan|robots=3|seed=19|width=2,2,True,3,Hybrid,replan,19,True,508.0,1256,1108,44.0,15,13,7,0,5.71
algo=HeldKarp|exp=sim|one_way=True|policy=wait|robots=5|seed=0|width=2,2,True,5,HeldKarp,wait,0,True,504.0,1936,1758,64.0,33,6,6,0,50.21
algo=ALO|exp=sim|one_way=True|policy=replan|robots=3|seed=15|width=2,2,True,3,ALO,replan,15,True,473.0,1200,1178,14.0,8,2,1,0,2998.75
algo=HeldKarp|exp=sim|one_way=True|policy=wait|robots=5|seed=1|width=2,2,True,5,HeldKarp,wait,1,True,545.0,1980,1844,55.0,27,4,6,2,34.87
algo=ALO|exp=sim|one_way=True|policy=replan|robots=3|seed=16|width=2,2,True,3,ALO,replan,16,True,579.0,1328,1144,37.12,15,10,5,0,3030.02
algo=ALO|exp=sim|one_way=True|policy=replan|robots=3|seed=17|width=2,2,True,3,ALO,replan,17,True,530.0,1378,1258,16.0,8,4,2,0,3023.39
algo=ALO|exp=sim|one_way=True|policy=replan|robots=3|seed=18|width=2,2,True,3,ALO,replan,18,True,451.0,1114,1114,15.0,8,2,1,0,3029.65
algo=ALO|exp=sim|one_way=True|policy=replan|robots=3|seed=19|width=2,2,True,3,ALO,replan,19,True,524.0,1360,1224,26.0,11,7,4,1,3044.46
algo=HeldKarp|exp=sim|one_way=True|policy=wait|robots=5|seed=3|width=2,2,True,5,HeldKarp,wait,3,True,478.0,1864,1738,64.0,29,4,6,2,46.18
algo=HeldKarp|exp=sim|one_way=True|policy=wait|robots=5|seed=2|width=2,2,True,5,HeldKarp,wait,2,True,567.0,2274,1982,135.28,52,14,20,5,35.55
algo=HeldKarp|exp=sim|one_way=True|policy=wait|robots=5|seed=4|width=2,2,True,5,HeldKarp,wait,4,True,514.0,2028,1832,80.0,41,8,11,3,34.09
algo=HeldKarp|exp=sim|one_way=True|policy=wait|robots=5|seed=5|width=2,2,True,5,HeldKarp,wait,5,True,492.0,1964,1806,100.72,40,6,11,3,33.91
algo=HeldKarp|exp=sim|one_way=True|policy=wait|robots=5|seed=6|width=2,2,True,5,HeldKarp,wait,6,True,554.0,2210,1974,81.0,37,8,10,2,35.59
algo=HeldKarp|exp=sim|one_way=True|policy=wait|robots=5|seed=7|width=2,2,True,5,HeldKarp,wait,7,True,529.0,2052,1860,89.0,38,10,11,1,36.87
algo=HeldKarp|exp=sim|one_way=True|policy=wait|robots=5|seed=8|width=2,2,True,5,HeldKarp,wait,8,True,547.0,2108,1960,63.0,30,6,7,1,40.16
algo=HeldKarp|exp=sim|one_way=True|policy=wait|robots=5|seed=11|width=2,2,True,5,HeldKarp,wait,11,True,464.0,1958,1816,62.0,32,7,8,1,33.87
algo=HeldKarp|exp=sim|one_way=True|policy=wait|robots=5|seed=9|width=2,2,True,5,HeldKarp,wait,9,True,531.0,2048,1780,101.01,37,11,13,1,33.64
algo=HeldKarp|exp=sim|one_way=True|policy=wait|robots=5|seed=10|width=2,2,True,5,HeldKarp,wait,10,True,523.0,2006,1766,96.77,43,9,11,1,34.1
algo=HeldKarp|exp=sim|one_way=True|policy=wait|robots=5|seed=12|width=2,2,True,5,HeldKarp,wait,12,True,525.0,2070,1872,105.0,40,9,14,5,34.11
algo=HeldKarp|exp=sim|one_way=True|policy=wait|robots=5|seed=13|width=2,2,True,5,HeldKarp,wait,13,True,544.0,2106,1888,102.0,43,9,13,4,34.35
algo=HeldKarp|exp=sim|one_way=True|policy=wait|robots=5|seed=14|width=2,2,True,5,HeldKarp,wait,14,True,528.0,2040,1864,90.72,41,8,12,3,34.68
algo=HeldKarp|exp=sim|one_way=True|policy=wait|robots=5|seed=15|width=2,2,True,5,HeldKarp,wait,15,True,526.0,2044,1810,98.0,40,8,13,5,34.05
algo=HeldKarp|exp=sim|one_way=True|policy=wait|robots=5|seed=16|width=2,2,True,5,HeldKarp,wait,16,True,475.0,1890,1780,80.5,31,6,10,3,34.24
algo=HeldKarp|exp=sim|one_way=True|policy=wait|robots=5|seed=18|width=2,2,True,5,HeldKarp,wait,18,True,477.0,1774,1700,39.0,18,2,5,3,34.46
algo=HeldKarp|exp=sim|one_way=True|policy=wait|robots=5|seed=17|width=2,2,True,5,HeldKarp,wait,17,True,506.0,2044,1836,94.7,34,8,11,2,34.26
algo=HeldKarp|exp=sim|one_way=True|policy=wait|robots=5|seed=19|width=2,2,True,5,HeldKarp,wait,19,True,531.0,2160,1894,109.65,41,11,14,2,35.36
algo=HeldKarp|exp=sim|one_way=True|policy=replan|robots=5|seed=0|width=2,2,True,5,HeldKarp,replan,0,True,503.0,1986,1758,55.0,25,12,7,1,34.62
algo=HeldKarp|exp=sim|one_way=True|policy=replan|robots=5|seed=1|width=2,2,True,5,HeldKarp,replan,1,True,545.0,2010,1844,58.0,30,8,6,1,36.66
algo=HeldKarp|exp=sim|one_way=True|policy=replan|robots=5|seed=2|width=2,2,True,5,HeldKarp,replan,2,True,614.0,2326,1982,101.0,48,21,12,1,36.84
algo=HeldKarp|exp=sim|one_way=True|policy=replan|robots=5|seed=3|width=2,2,True,5,HeldKarp,replan,3,True,511.0,1948,1738,63.48,32,10,5,0,35.51
algo=HeldKarp|exp=sim|one_way=True|policy=replan|robots=5|seed=4|width=2,2,True,5,HeldKarp,replan,4,True,534.0,2112,1832,123.0,48,17,18,8,34.93
algo=HeldKarp|exp=sim|one_way=True|policy=replan|robots=5|seed=5|width=2,2,True,5,HeldKarp,replan,5,True,566.0,2086,1806,243.02,99,55,34,6,40.34
algo=HeldKarp|exp=sim|one_way=True|policy=replan|robots=5|seed=6|width=2,2,True,5,HeldKarp,replan,6,True,631.9723418475379,2286,1974,137.92,59,23,14,2,35.82
algo=HeldKarp|exp=sim|one_way=True|policy=replan|robots=5|seed=7|width=2,2,True,5,HeldKarp,replan,7,True,711.0,2338,1860,172.0,68,41,23,1,36.35
algo=HeldKarp|exp=sim|one_way=True|policy=replan|robots=5|seed=8|width=2,2,True,5,HeldKarp,replan,8,True,583.0,2270,1960,157.0,62,34,20,3,96.47
algo=HeldKarp|exp=sim|one_way=True|policy=replan|robots=5|seed=9|width=2,2,True,5,HeldKarp,replan,9,True,528.0,2078,1780,66.01,26,16,10,1,47.79
algo=HeldKarp|exp=sim|one_way=True|policy=replan|robots=5|seed=10|width=2,2,True,5,HeldKarp,replan,10,True,547.0,2098,1766,96.77,44,20,12,1,69.12
algo=HeldKarp|exp=sim|one_way=True|policy=replan|robots=5|seed=12|width=2,2,True,5,HeldKarp,replan,12,True,616.0,2288,1872,157.14,64,42,22,1,34.6
algo=HeldKarp|exp=sim|one_way=True|policy=replan|robots=5|seed=11|width=2,2,True,5,HeldKarp,replan,11,True,506.0,2068,1816,65.0,29,13,7,0,33.9
algo=HeldKarp|exp=sim|one_way=True|policy=replan|robots=5|seed=13|width=2,2,True,5,HeldKarp,replan,13,True,524.0,2112,1888,72.0,38,14,9,3,33.88
algo=HeldKarp|exp=sim|one_way=True|policy=replan|robots=5|seed=14|width=2,2,True,5,HeldKarp,replan,14,True,631.0,2298,1864,97.0,43,18,13,3,34.35
algo=HeldKarp|exp=sim|one_way=True|policy=replan|robots=5|seed=15|width=2,2,True,5,HeldKarp,replan,15,True,525.0,2186,1810,141.0,56,18,20,10,34.53
algo=HeldKarp|exp=sim|one_way=True|policy=replan|robots=5|seed=16|width=2,2,True,5,HeldKarp,replan,16,True,546.0,1962,1780,142.11,57,25,18,2,34.12
algo=HeldKarp|exp=sim|one_way=True|policy=replan|robots=5|seed=17|width=2,2,True,5,HeldKarp,replan,17,True,529.0,2112,1836,59.7,31,10,7,2,34.68
algo=HeldKarp|exp=sim|one_way=True|policy=replan|robots=5|seed=18|width=2,2,True,5,HeldKarp,replan,18,True,525.0,1900,1700,61.0,25,14,10,2,34.13
algo=NN|exp=sim|one_way=True|policy=wait|robots=5|seed=0|width=2,2,True,5,NN,wait,0,True,527.0,1916,1808,37.0,15,4,5,1,0.38
algo=HeldKarp|exp=sim|one_way=True|policy=replan|robots=5|seed=19|width=2,2,True,5,HeldKarp,replan,19,True,641.0,2330,1894,176.07,67,39,23,5,34.86
algo=NN|exp=sim|one_way=True|policy=wait|robots=5|seed=1|width=2,2,True,5,NN,wait,1,True,585.0,2168,1974,106.0,43,9,12,3,0.39
algo=NN|exp=sim|one_way=True|policy=wait|robots=5|seed=2|width=2,2,True,5,NN,wait,2,True,669.0,2442,2156,101.41,34,12,13,0,0.4
algo=NN|exp=sim|one_way=True|policy=wait|robots=5|seed=3|width=2,2,True,5,NN,wait,3,True,496.0,1978,1798,92.0,38,10,12,2,0.38
algo=NN|exp=sim|one_way=True|policy=wait|robots=5|seed=4|width=2,2,True,5,NN,wait,4,True,566.0,2132,1928,87.25,35,6,10,3,0.4
algo=NN|exp=sim|one_way=True|policy=wait|robots=5|seed=5|width=2,2,True,5,NN,wait,5,True,558.0,2090,1888,83.42,33,6,8,1,0.36
algo=NN|exp=sim|one_way=True|policy=wait|robots=5|seed=6|width=2,2,True,5,NN,wait,6,True,613.0,2302,2086,110.0,44,11,13,2,0.38
algo=NN|exp=sim|one_way=True|policy=wait|robots=5|seed=7|width=2,2,True,5,NN,wait,7,True,529.0,2088,1916,73.0,38,5,8,3,0.35
algo=NN|exp=sim|one_way=True|policy=wait|robots=5|seed=8|width=2,2,True,5,NN,wait,8,True,557.0,2286,2048,87.07,35,11,13,1,0.35
algo=NN|exp=sim|one_way=True|policy=wait|robots=5|seed=9|width=2,2,True,5,NN,wait,9,True,547.0,2032,1904,74.0,28,5,10,5,0.33
algo=NN|exp=sim|one_way=True|policy=wait|robots=5|seed=10|width=2,2,True,5,NN,wait,10,True,519.0,2060,1818,78.0,30,9,11,2,0.34
algo=NN|exp=sim|one_way=True|policy=wait|robots=5|seed=11|width=2,2,True,5,NN,wait,11,True,557.0,2228,1902,177.57,61,12,24,11,0.34
algo=NN|exp=sim|one_way=True|policy=wait|robots=5|seed=12|width=2,2,True,5,NN,wait,12,True,545.0,2218,2006,129.31,44,14,16,1,0.41
algo=NN|exp=sim|one_way=True|policy=wait|robots=5|seed=13|width=2,2,True,5,NN,wait,13,True,540.0,2156,1980,80.05,33,8,10,1,0.38
algo=NN|exp=sim|one_way=True|policy=wait|robots=5|seed=14|width=2,2,True,5,NN,wait,14,True,604.0,2134,1936,64.0,32,7,7,0,0.33
algo=NN|exp=sim|one_way=True|policy=wait|robots=5|seed=15|width=2,2,True,5,NN,wait,15,True,581.0,2184,1934,103.99,44,9,13,2,0.32
algo=NN|exp=sim|one_way=True|policy=wait|robots=5|seed=16|width=2,2,True,5,NN,wait,16,True,551.5007435298194,2124,1882,101.61,39,11,14,1,0.36
algo=NN|exp=sim|one_way=True|policy=wait|robots=5|seed=17|width=2,2,True,5,NN,wait,17,True,527.0,2132,1914,82.0,36,10,12,2,0.34
algo=NN|exp=sim|one_way=True|policy=wait|robots=5|seed=18|width=2,2,True,5,NN,wait,18,True,522.0,1988,1814,95.78,34,7,12,4,0.33
algo=NN|exp=sim|one_way=True|policy=wait|robots=5|seed=19|width=2,2,True,5,NN,wait,19,True,564.0,2292,2030,127.06,50,11,15,3,0.35
algo=NN|exp=sim|one_way=True|policy=replan|robots=5|seed=0|width=2,2,True,5,NN,replan,0,True,525.0,1992,1808,60.0,25,12,8,1,0.36
algo=NN|exp=sim|one_way=True|policy=replan|robots=5|seed=1|width=2,2,True,5,NN,replan,1,True,591.0,2274,1974,107.5,41,19,14,3,0.33
algo=NN|exp=sim|one_way=True|policy=replan|robots=5|seed=2|width=2,2,True,5,NN,replan,2,True,673.0,2490,2156,130.0,49,36,19,1,0.37
algo=NN|exp=sim|one_way=True|policy=replan|robots=5|seed=3|width=2,2,True,5,NN,replan,3,True,555.0,2106,1798,105.0,47,20,13,2,0.42
algo=NN|exp=sim|one_way=True|policy=replan|robots=5|seed=4|width=2,2,True,5,NN,replan,4,True,605.0,2238,1928,95.0,42,19,12,1,0.39
algo=NN|exp=sim|one_way=True|policy=replan|robots=5|seed=5|width=2,2,True,5,NN,replan,5,True,546.0,2154,1888,66.0,31,13,7,0,0.38
algo=NN|exp=sim|one_way=True|policy=replan|robots=5|seed=7|width=2,2,True,5,NN,replan,7,True,532.0,2054,1916,111.0,44,22,13,2,0.41
algo=NN|exp=sim|one_way=True|policy=replan|robots=5|seed=6|width=2,2,True,5,NN,replan,6,True,645.0,2480,2086,148.0,66,26,19,7,0.38
algo=NN|exp=sim|one_way=True|policy=replan|robots=5|seed=8|width=2,2,True,5,NN,replan,8,True,717.0,2472,2048,333.0,127,82,43,5,0.35
algo=NN|exp=sim|one_way=True|policy=replan|robots=5|seed=9|width=2,2,True,5,NN,replan,9,True,533.0,2080,1904,62.01,25,10,8,1,0.34
algo=NN|exp=sim|one_way=True|policy=replan|robots=5|seed=10|width=2,2,True,5,NN,replan,10,True,527.0,2116,1818,91.0,38,18,13,3,0.36
algo=NN|exp=sim|one_way=True|policy=replan|robots=5|seed=11|width=2,2,True,5,NN,replan,11,True,520.0,2078,1902,56.0,32,9,5,1,0.35
algo=NN|exp=sim|one_way=True|policy=replan|robots=5|seed=12|width=2,2,True,5,NN,replan,12,True,636.0,2310,2006,108.0,43,21,14,5,0.36
algo=NN|exp=sim|one_way=True|policy=replan|robots=5|seed=13|width=2,2,True,5,NN,replan,13,True,666.0,2388,1980,103.14,47,21,12,1,0.37
algo=NN|exp=sim|one_way=True|policy=replan|robots=5|seed=14|width=2,2,True,5,NN,replan,14,True,688.0,2466,1936,199.21,68,33,30,11,0.51
algo=NN|exp=sim|one_way=True|policy=replan|robots=5|seed=15|width=2,2,True,5,NN,replan,15,True,612.0,2176,1934,72.83,30,10,9,3,0.35
algo=NN|exp=sim|one_way=True|policy=replan|robots=5|seed=18|width=2,2,True,5,NN,replan,18,True,574.0,2086,1814,116.97,45,18,13,3,0.39
algo=NN|exp=sim|one_way=True|policy=replan|robots=5|seed=17|width=2,2,True,5,NN,replan,17,True,592.0,2312,1914,102.91,48,17,13,3,0.4
algo=NN|exp=sim|one_way=True|policy=replan|robots=5|seed=16|width=2,2,True,5,NN,replan,16,True,602.0,2478,1882,150.91,59,28,20,4,0.38
algo=NN2opt|exp=sim|one_way=True|policy=wait|robots=5|seed=0|width=2,2,True,5,NN2opt,wait,0,True,521.0,1966,1796,58.0,23,7,8,1,1.93
algo=NN|exp=sim|one_way=True|policy=replan|robots=5|seed=19|width=2,2,True,5,NN,replan,19,True,652.0,2356,2030,107.0,41,16,15,6,0.43
algo=NN2opt|exp=sim|one_way=True|policy=wait|robots=5|seed=1|width=2,2,True,5,NN2opt,wait,1,True,566.0,2150,1948,132.0,49,11,16,5,2.09
algo=NN2opt|exp=sim|one_way=True|policy=wait|robots=5|seed=2|width=2,2,True,5,NN2opt,wait,2,True,600.0,2326,2052,139.66,45,14,20,4,2.57
algo=NN2opt|exp=sim|one_way=True|policy=wait|robots=5|seed=3|width=2,2,True,5,NN2opt,wait,3,True,489.0,1962,1790,106.84,43,8,15,6,2.26
algo=NN2opt|exp=sim|one_way=True|policy=wait|robots=5|seed=5|width=2,2,True,5,NN2opt,wait,5,True,541.0,2084,1870,75.0,34,7,9,2,2.16
algo=NN2opt|exp=sim|one_way=True|policy=wait|robots=5|seed=4|width=2,2,True,5,NN2opt,wait,4,True,505.0,2062,1908,77.0,35,7,9,2,2.05
algo=NN2opt|exp=sim|one_way=True|policy=wait|robots=5|seed=6|width=2,2,True,5,NN2opt,wait,6,True,579.0,2138,2032,64.0,30,6,6,0,2.32
algo=NN2opt|exp=sim|one_way=True|policy=wait|robots=5|seed=7|width=2,2,True,5,NN2opt,wait,7,True,566.0,2136,1900,135.02,45,9,21,10,1.96
algo=NN2opt|exp=sim|one_way=True|policy=wait|robots=5|seed=8|width=2,2,True,5,NN2opt,wait,8,True,566.0,2252,2028,83.07,34,9,10,0,2.0
algo=NN2opt|exp=sim|one_way=True|policy=wait|robots=5|seed=9|width=2,2,True,5,NN2opt,wait,9,True,498.0,2026,1856,65.0,28,7,8,1,2.27
algo=NN2opt|exp=sim|one_way=True|policy=wait|robots=5|seed=10|width=2,2,True,5,NN2opt,wait,10,True,487.0,1960,1810,45.0,19,5,6,1,1.8
algo=NN2opt|exp=sim|one_way=True|policy=wait|robots=5|seed=12|width=2,2,True,5,NN2opt,wait,12,True,495.0,2020,1910,85.0,40,8,8,0,2.37
algo=NN2opt|exp=sim|one_way=True|policy=wait|robots=5|seed=11|width=2,2,True,5,NN2opt,wait,11,True,557.0,2226,1886,138.36,53,12,18,5,2.04
algo=NN2opt|exp=sim|one_way=True|policy=wait|robots=5|seed=13|width=2,2,True,5,NN2opt,wait,13,True,565.0,2134,1956,75.0,36,8,8,0,1.92
algo=NN2opt|exp=sim|one_way=True|policy=wait|robots=5|seed=14|width=2,2,True,5,NN2opt,wait,14,True,592.0,2098,1928,57.0,29,6,6,0,1.77
algo=NN2opt|exp=sim|one_way=True|policy=wait|robots=5|seed=15|width=2,2,True,5,NN2opt,wait,15,True,553.0,2174,1922,101.83,38,11,15,3,1.96
algo=NN2opt|exp=sim|one_way=True|policy=wait|robots=5|seed=16|width=2,2,True,5,NN2opt,wait,16,True,509.0,2014,1836,79.5,30,8,10,1,2.09
algo=NN2opt|exp=sim|one_way=True|policy=wait|robots=5|seed=17|width=2,2,True,5,NN2opt,wait,17,True,553.0,2174,1886,85.0,34,10,11,1,2.04
algo=NN2opt|exp=sim|one_way=True|policy=wait|robots=5|seed=18|width=2,2,True,5,NN2opt,wait,18,True,528.0,1978,1804,97.78,33,8,13,4,2.0
algo=NN2opt|exp=sim|one_way=True|policy=replan|robots=5|seed=0|width=2,2,True,5,NN2opt,replan,0,True,518.0,2036,1796,65.0,25,14,9,1,1.88
algo=NN2opt|exp=sim|one_way=True|policy=wait|robots=5|seed=19|width=2,2,True,5,NN2opt,wait,19,True,612.0,2236,1990,110.06,44,10,16,5,1.98
algo=NN2opt|exp=sim|one_way=True|policy=replan|robots=5|seed=1|width=2,2,True,5,NN2opt,replan,1,True,649.0,2428,1948,170.5,60,33,24,5,2.08
algo=NN2opt|exp=sim|one_way=True|policy=replan|robots=5|seed=2|width=2,2,True,5,NN2opt,replan,2,True,613.0,2342,2052,113.0,45,31,16,0,2.54
algo=NN2opt|exp=sim|one_way=True|policy=replan|robots=5|seed=3|width=2,2,True,5,NN2opt,replan,3,True,530.4301892031679,2044,1790,84.43,35,15,12,2,1.77
algo=NN2opt|exp=sim|one_way=True|policy=replan|robots=5|seed=4|width=2,2,True,5,NN2opt,replan,4,True,543.0,2196,1908,104.0,43,20,14,3,2.39
algo=NN2opt|exp=sim|one_way=True|policy=replan|robots=5|seed=5|width=2,2,True,5,NN2opt,replan,5,True,561.0,2142,1870,79.0,34,13,9,2,2.03
algo=NN2opt|exp=sim|one_way=True|policy=replan|robots=5|seed=6|width=2,2,True,5,NN2opt,replan,6,True,593.0,2252,2032,83.0,41,15,9,1,2.16
algo=NN2opt|exp=sim|one_way=True|policy=replan|robots=5|seed=7|width=2,2,True,5,NN2opt,replan,7,True,655.0,2338,1900,273.0,101,75,42,4,2.41
algo=NN2opt|exp=sim|one_way=True|policy=replan|robots=5|seed=9|width=2,2,True,5,NN2opt,replan,9,True,512.0,2054,1856,86.0,36,21,12,1,2.26
algo=NN2opt|exp=sim|one_way=True|policy=replan|robots=5|seed=8|width=2,2,True,5,NN2opt,replan,8,True,658.0,2326,2028,112.0,48,21,15,5,1.94
algo=NN2opt|exp=sim|one_way=True|policy=replan|robots=5|seed=10|width=2,2,True,5,NN2opt,replan,10,True,550.0,2040,1810,128.0,56,29,15,0,1.79
algo=NN2opt|exp=sim|one_way=True|policy=replan|robots=5|seed=11|width=2,2,True,5,NN2opt,replan,11,True,603.0,2210,1886,87.5,34,18,12,1,1.94
algo=NN2opt|exp=sim|one_way=True|policy=replan|robots=5|seed=12|width=2,2,True,5,NN2opt,replan,12,True,666.0,2454,1910,184.62,67,40,25,3,2.36
algo=NN2opt|exp=sim|one_way=True|policy=replan|robots=5|seed=13|width=2,2,True,5,NN2opt,replan,13,True,691.0,2528,1956,222.65,84,59,31,3,1.89
algo=NN2opt|exp=sim|one_way=True|policy=replan|robots=5|seed=14|width=2,2,True,5,NN2opt,replan,14,True,639.0,2368,1928,156.21,55,25,23,8,1.78
algo=NN2opt|exp=sim|one_way=True|policy=replan|robots=5|seed=15|width=2,2,True,5,NN2opt,replan,15,True,599.0,2120,1922,72.83,33,12,8,2,2.03
algo=NN2opt|exp=sim|one_way=True|policy=replan|robots=5|seed=17|width=2,2,True,5,NN2opt,replan,17,True,599.0,2336,1886,67.0,32,17,9,0,2.05
algo=NN2opt|exp=sim|one_way=True|policy=replan|robots=5|seed=16|width=2,2,True,5,NN2opt,replan,16,True,581.0,2326,1836,126.5,52,28,16,2,2.09
algo=NN2opt|exp=sim|one_way=True|policy=replan|robots=5|seed=18|width=2,2,True,5,NN2opt,replan,18,True,574.0,2076,1804,118.97,46,18,13,3,1.98
algo=NN2opt|exp=sim|one_way=True|policy=replan|robots=5|seed=19|width=2,2,True,5,NN2opt,replan,19,True,615.0,2326,1990,120.0,44,18,17,6,1.99
algo=GA|exp=sim|one_way=True|policy=wait|robots=5|seed=0|width=2,2,True,5,GA,wait,0,True,510.0,1986,1758,75.0,30,7,9,2,5734.01
algo=GA|exp=sim|one_way=True|policy=wait|robots=5|seed=2|width=2,2,True,5,GA,wait,2,True,553.0,2230,2026,89.0,34,10,12,2,5728.81
algo=GA|exp=sim|one_way=True|policy=wait|robots=5|seed=1|width=2,2,True,5,GA,wait,1,True,524.0,2074,1880,104.0,38,10,13,3,5767.14
algo=GA|exp=sim|one_way=True|policy=wait|robots=5|seed=3|width=2,2,True,5,GA,wait,3,True,532.0,2000,1766,103.48,40,11,14,2,5722.65
algo=GA|exp=sim|one_way=True|policy=wait|robots=5|seed=4|width=2,2,True,5,GA,wait,4,True,547.0,2162,1866,119.57,42,13,19,4,5716.88
algo=GA|exp=sim|one_way=True|policy=wait|robots=5|seed=5|width=2,2,True,5,GA,wait,5,True,570.0,2126,1856,119.38,42,13,16,2,5702.09
algo=GA|exp=sim|one_way=True|policy=wait|robots=5|seed=6|width=2,2,True,5,GA,wait,6,True,517.0,2108,1990,52.0,25,4,6,2,5704.22
algo=GA|exp=sim|one_way=True|policy=wait|robots=5|seed=7|width=2,2,True,5,GA,wait,7,True,513.0,1988,1870,111.38,44,6,14,7,5742.31
algo=GA|exp=sim|one_way=True|policy=wait|robots=5|seed=11|width=2,2,True,5,GA,wait,11,True,512.0,2018,1834,100.0,37,9,11,2,5704.58
algo=GA|exp=sim|one_way=True|policy=wait|robots=5|seed=10|width=2,2,True,5,GA,wait,10,True,507.0,1906,1792,39.0,19,4,4,0,5746.29
algo=GA|exp=sim|one_way=True|policy=wait|robots=5|seed=12|width=2,2,True,5,GA,wait,12,True,481.0,1976,1888,52.0,23,4,6,2,5738.78
algo=GA|exp=sim|one_way=True|policy=wait|robots=5|seed=8|width=2,2,True,5,GA,wait,8,True,524.0,2098,1986,71.0,34,5,7,2,5806.04
algo=GA|exp=sim|one_way=True|policy=wait|robots=5|seed=9|width=2,2,True,5,GA,wait,9,True,561.0,2076,1834,110.01,42,13,15,1,5839.92
algo=GA|exp=sim|one_way=True|policy=wait|robots=5|seed=13|width=2,2,True,5,GA,wait,13,True,586.0,2124,1912,107.65,37,10,15,4,5760.93
algo=GA|exp=sim|one_way=True|policy=wait|robots=5|seed=14|width=2,2,True,5,GA,wait,14,True,601.0,2086,1896,97.02,38,9,14,4,5685.77
algo=GA|exp=sim|one_way=True|policy=wait|robots=5|seed=16|width=2,2,True,5,GA,wait,16,True,497.0,1928,1802,68.0,26,4,10,6,5668.69
algo=GA|exp=sim|one_way=True|policy=wait|robots=5|seed=17|width=2,2,True,5,GA,wait,17,True,473.0,1958,1842,61.0,30,6,6,0,5661.27
algo=GA|exp=sim|one_way=True|policy=wait|robots=5|seed=15|width=2,2,True,5,GA,wait,15,True,569.0,1998,1826,111.68,40,7,13,5,5708.31
algo=GA|exp=sim|one_way=True|policy=wait|robots=5|seed=18|width=2,2,True,5,GA,wait,18,True,496.0,1910,1748,75.0,35,7,7,0,5702.73
algo=GA|exp=sim|one_way=True|policy=replan|robots=5|seed=0|width=2,2,True,5,GA,replan,0,True,480.0,2014,1758,54.0,29,10,6,0,5687.13
algo=GA|exp=sim|one_way=True|policy=wait|robots=5|seed=19|width=2,2,True,5,GA,wait,19,True,587.0,2306,1932,153.0,62,14,21,7,5724.25
algo=GA|exp=sim|one_way=True|policy=replan|robots=5|seed=1|width=2,2,True,5,GA,replan,1,True,591.0,2310,1880,130.0,50,26,19,6,5736.79
algo=GA|exp=sim|one_way=True|policy=replan|robots=5|seed=3|width=2,2,True,5,GA,replan,3,True,579.0,2074,1766,83.48,35,14,12,4,5756.34
algo=GA|exp=sim|one_way=True|policy=replan|robots=5|seed=2|width=2,2,True,5,GA,replan,2,True,588.0,2392,2026,82.0,41,15,10,1,5740.2
algo=GA|exp=sim|one_way=True|policy=replan|robots=5|seed=4|width=2,2,True,5,GA,replan,4,True,530.0477862371179,2126,1866,95.19,40,18,14,4,5744.09
algo=GA|exp=sim|one_way=True|policy=replan|robots=5|seed=5|width=2,2,True,5,GA,replan,5,True,599.0,2290,1856,192.38,75,34,21,2,5714.49
algo=GA|exp=sim|one_way=True|policy=replan|robots=5|seed=6|width=2,2,True,5,GA,replan,6,True,520.0,2054,1990,43.0,24,5,3,0,5715.99
algo=GA|exp=sim|one_way=True|policy=replan|robots=5|seed=7|width=2,2,True,5,GA,replan,7,True,596.0,2178,1870,208.0,78,44,28,8,5768.67
algo=GA|exp=sim|one_way=True|policy=replan|robots=5|seed=8|width=2,2,True,5,GA,replan,8,True,555.0,2206,1986,104.35,38,12,12,5,5706.25
algo=GA|exp=sim|one_way=True|policy=replan|robots=5|seed=10|width=2,2,True,5,GA,replan,10,True,502.8469825394578,2000,1792,95.85,45,12,8,2,5705.17
algo=GA|exp=sim|one_way=True|policy=replan|robots=5|seed=9|width=2,2,True,5,GA,replan,9,True,604.0,2302,1834,170.38,69,24,20,6,5726.38
algo=GA|exp=sim|one_way=True|policy=replan|robots=5|seed=11|width=2,2,True,5,GA,replan,11,True,569.0,2186,1834,72.0,34,17,10,1,5721.44
algo=GA|exp=sim|one_way=True|policy=replan|robots=5|seed=12|width=2,2,True,5,GA,replan,12,True,656.0,2374,1888,178.14,68,41,25,4,5723.82
algo=GA|exp=sim|one_way=True|policy=replan|robots=5|seed=13|width=2,2,True,5,GA,replan,13,True,664.0,2312,1912,126.02,56,19,18,10,5709.25
algo=GA|exp=sim|one_way=True|policy=replan|robots=5|seed=14|width=2,2,True,5,GA,replan,14,True,518.3790657353402,2036,1896,55.59,24,8,6,0,5755.68
algo=ACO|exp=sim|one_way=True|policy=wait|robots=5|seed=0|width=2,2,True,5,ACO,wait,0,True,498.0,1942,1758,69.0,26,9,9,0,971.65
algo=ACO|exp=sim|one_way=True|policy=wait|robots=5|seed=1|width=2,2,True,5,ACO,wait,1,True,584.0,2076,1844,119.98,39,14,18,3,968.25
algo=ACO|exp=sim|one_way=True|policy=wait|robots=5|seed=2|width=2,2,True,5,ACO,wait,2,True,578.0,2274,1982,124.0,50,10,15,5,966.08
algo=ACO|exp=sim|one_way=True|policy=wait|robots=5|seed=3|width=2,2,True,5,ACO,wait,3,True,505.0,1926,1738,139.75,53,9,18,7,971.39
algo=ACO|exp=sim|one_way=True|policy=wait|robots=5|seed=4|width=2,2,True,5,ACO,wait,4,True,547.0,2074,1832,93.53,39,8,13,2,988.86
algo=ACO|exp=sim|one_way=True|policy=wait|robots=5|seed=5|width=2,2,True,5,ACO,wait,5,True,521.0,2036,1806,82.38,27,10,12,1,987.35
algo=ACO|exp=sim|one_way=True|policy=wait|robots=5|seed=6|width=2,2,True,5,ACO,wait,6,True,473.0,2002,1974,41.0,19,4,4,0,1021.18
algo=ACO|exp=sim|one_way=True|policy=wait|robots=5|seed=7|width=2,2,True,5,ACO,wait,7,True,527.0,2054,1860,79.0,32,9,10,1,981.49
algo=GA|exp=sim|one_way=True|policy=replan|robots=5|seed=16|width=2,2,True,5,GA,replan,16,True,516.0,2040,1802,55.0,25,12,7,1,5718.45
algo=ACO|exp=sim|one_way=True|policy=wait|robots=5|seed=8|width=2,2,True,5,ACO,wait,8,True,545.0,2168,1960,113.42,46,11,13,1,970.86
algo=GA|exp=sim|one_way=True|policy=replan|robots=5|seed=15|width=2,2,True,5,GA,replan,15,True,611.0,2048,1826,132.13,55,24,16,3,5758.16
algo=ACO|exp=sim|one_way=True|policy=wait|robots=5|seed=9|width=2,2,True,5,ACO,wait,9,True,462.0,1878,1780,70.0,27,5,9,4,969.61
algo=GA|exp=sim|one_way=True|policy=replan|robots=5|seed=17|width=2,2,True,5,GA,replan,17,True,555.0,2158,1842,74.0,38,17,8,0,5774.67
algo=GA|exp=sim|one_way=True|policy=replan|robots=5|seed=18|width=2,2,True,5,GA,replan,18,True,500.0,2034,1748,59.0,28,13,7,1,5782.83
algo=GA|exp=sim|one_way=True|policy=replan|robots=5|seed=19|width=2,2,True,5,GA,replan,19,True,567.0,2272,1932,181.06,71,44,23,2,5771.92
algo=ACO|exp=sim|one_way=True|policy=wait|robots=5|seed=10|width=2,2,True,5,ACO,wait,10,True,529.0,2044,1766,93.0,39,9,12,3,963.34
algo=ACO|exp=sim|one_way=True|policy=wait|robots=5|seed=11|width=2,2,True,5,ACO,wait,11,True,496.0,1932,1816,114.64,50,5,12,5,977.93
algo=ACO|exp=sim|one_way=True|policy=wait|robots=5|seed=12|width=2,2,True,5,ACO,wait,12,True,532.0,2016,1872,97.31,35,5,13,7,963.53
algo=ACO|exp=sim|one_way=True|policy=wait|robots=5|seed=13|width=2,2,True,5,ACO,wait,13,True,526.0,2078,1888,88.0,44,8,9,1,971.43
algo=ACO|exp=sim|one_way=True|policy=wait|robots=5|seed=15|width=2,2,True,5,ACO,wait,15,True,464.0,1904,1810,61.0,27,6,7,1,964.57
algo=ACO|exp=sim|one_way=True|policy=wait|robots=5|seed=14|width=2,2,True,5,ACO,wait,14,True,569.0,2032,1864,110.0,43,9,16,7,972.73
algo=ACO|exp=sim|one_way=True|policy=wait|robots=5|seed=16|width=2,2,True,5,ACO,wait,16,True,505.0,2034,1780,94.5,41,9,12,2,965.92
algo=ACO|exp=sim|one_way=True|policy=wait|robots=5|seed=17|width=2,2,True,5,ACO,wait,17,True,521.0,1984,1836,88.64,36,8,12,3,973.75
algo=ACO|exp=sim|one_way=True|policy=wait|robots=5|seed=18|width=2,2,True,5,ACO,wait,18,True,538.0,1926,1700,107.0,44,9,15,6,980.81
algo=ACO|exp=sim|one_way=True|policy=wait|robots=5|seed=19|width=2,2,True,5,ACO,wait,19,True,509.0,2074,1894,53.0,25,5,7,2,976.75
algo=ACO|exp=sim|one_way=True|policy=replan|robots=5|seed=0|width=2,2,True,5,ACO,replan,0,True,547.0,1944,1758,66.32,30,12,7,0,983.21
algo=ACO|exp=sim|one_way=True|policy=replan|robots=5|seed=1|width=2,2,True,5,ACO,replan,1,True,626.0,2332,1844,130.88,52,31,16,1,975.36
algo=ACO|exp=sim|one_way=True|policy=replan|robots=5|seed=2|width=2,2,True,5,ACO,replan,2,True,642.0,2414,1982,108.0,42,23,16,4,981.52
algo=ACO|exp=sim|one_way=True|policy=replan|robots=5|seed=3|width=2,2,True,5,ACO,replan,3,True,532.0,2034,1738,113.0,51,20,15,4,990.04
algo=ACO|exp=sim|one_way=True|policy=replan|robots=5|seed=4|width=2,2,True,5,ACO,replan,4,True,537.0,2236,1832,109.0,48,19,12,3,967.49
algo=ACO|exp=sim|one_way=True|policy=replan|robots=5|seed=5|width=2,2,True,5,ACO,replan,5,True,535.0,2068,1806,75.0,27,13,10,1,978.62
algo=ACO|exp=sim|one_way=True|policy=replan|robots=5|seed=6|width=2,2,True,5,ACO,replan,6,True,545.0,2118,1974,165.0,62,33,18,1,982.81
algo=ACO|exp=sim|one_way=True|policy=replan|robots=5|seed=8|width=2,2,True,5,ACO,replan,8,True,524.0,2150,1960,82.07,35,11,10,3,974.06
algo=ACO|exp=sim|one_way=True|policy=replan|robots=5|seed=7|width=2,2,True,5,ACO,replan,7,True,700.0,2506,1860,340.0,127,96,53,4,978.86
algo=ACO|exp=sim|one_way=True|policy=replan|robots=5|seed=9|width=2,2,True,5,ACO,replan,9,True,477.0,1902,1780,60.0,23,16,8,0,985.31
algo=ACO|exp=sim|one_way=True|policy=replan|robots=5|seed=10|width=2,2,True,5,ACO,replan,10,True,480.0,1932,1766,95.0,40,22,11,1,969.73
algo=ACO|exp=sim|one_way=True|policy=replan|robots=5|seed=11|width=2,2,True,5,ACO,replan,11,True,500.0,1972,1816,58.25,29,8,6,3,964.12
algo=ACO|exp=sim|one_way=True|policy=replan|robots=5|seed=12|width=2,2,True,5,ACO,replan,12,True,508.0,1964,1872,41.31,20,6,5,2,966.86
algo=ACO|exp=sim|one_way=True|policy=replan|robots=5|seed=13|width=2,2,True,5,ACO,replan,13,True,668.0,2590,1888,193.48,77,38,27,4,966.09
algo=ACO|exp=sim|one_way=True|policy=replan|robots=5|seed=14|width=2,2,True,5,ACO,replan,14,True,535.0,2108,1864,87.0,40,20,11,1,960.11
algo=ACO|exp=sim|one_way=True|policy=replan|robots=5|seed=16|width=2,2,True,5,ACO,replan,16,True,516.887402608624,2046,1780,80.39,35,14,9,0,962.4
algo=ACO|exp=sim|one_way=True|policy=replan|robots=5|seed=15|width=2,2,True,5,ACO,replan,15,True,542.0,2106,1810,153.0,59,31,21,6,970.04
algo=ACO|exp=sim|one_way=True|policy=replan|robots=5|seed=17|width=2,2,True,5,ACO,replan,17,True,667.0,2364,1836,130.0,55,25,17,5,957.41
algo=ACO|exp=sim|one_way=True|policy=replan|robots=5|seed=19|width=2,2,True,5,ACO,replan,19,True,522.0,2122,1894,92.0,42,16,11,3,966.75
algo=ACO|exp=sim|one_way=True|policy=replan|robots=5|seed=18|width=2,2,True,5,ACO,replan,18,True,627.0,2186,1700,186.75,69,36,29,8,989.43
algo=ALO|exp=sim|one_way=True|policy=wait|robots=5|seed=0|width=2,2,True,5,ALO,wait,0,True,559.0,2222,1976,77.0,31,9,9,0,4968.58
algo=ALO|exp=sim|one_way=True|policy=wait|robots=5|seed=4|width=2,2,True,5,ALO,wait,4,True,551.0,2238,2008,75.0,40,8,9,1,4954.12
algo=ALO|exp=sim|one_way=True|policy=wait|robots=5|seed=1|width=2,2,True,5,ALO,wait,1,True,561.0,2332,2068,97.28,36,11,14,2,5024.94
algo=ALO|exp=sim|one_way=True|policy=wait|robots=5|seed=3|width=2,2,True,5,ALO,wait,3,True,531.0,2038,1874,60.0,26,7,7,0,5030.94
algo=ALO|exp=sim|one_way=True|policy=wait|robots=5|seed=2|width=2,2,True,5,ALO,wait,2,True,604.0,2212,2034,95.0,36,10,13,3,5075.51
algo=ALO|exp=sim|one_way=True|policy=wait|robots=5|seed=5|width=2,2,True,5,ALO,wait,5,True,638.0,2244,2070,91.0,37,7,10,3,4996.87
algo=ALO|exp=sim|one_way=True|policy=wait|robots=5|seed=6|width=2,2,True,5,ALO,wait,6,True,567.0,2192,2066,70.12,29,6,10,3,5031.9
algo=ALO|exp=sim|one_way=True|policy=wait|robots=5|seed=7|width=2,2,True,5,ALO,wait,7,True,605.0,2304,2068,119.0,50,11,15,4,4900.18
algo=ALO|exp=sim|one_way=True|policy=wait|robots=5|seed=8|width=2,2,True,5,ALO,wait,8,True,566.0,2206,2110,71.45,36,4,7,2,4878.99
algo=ALO|exp=sim|one_way=True|policy=wait|robots=5|seed=9|width=2,2,True,5,ALO,wait,9,True,524.0,1968,1886,48.0,26,2,5,3,4881.57
algo=ALO|exp=sim|one_way=True|policy=wait|robots=5|seed=10|width=2,2,True,5,ALO,wait,10,True,485.0,1960,1866,70.45,28,5,9,2,4928.68
algo=ALO|exp=sim|one_way=True|policy=wait|robots=5|seed=11|width=2,2,True,5,ALO,wait,11,True,504.0,2090,1940,56.0,27,5,6,1,4912.58
algo=ALO|exp=sim|one_way=True|policy=wait|robots=5|seed=12|width=2,2,True,5,ALO,wait,12,True,574.0,2252,2062,64.0,35,7,7,0,4856.49
algo=ALO|exp=sim|one_way=True|policy=wait|robots=5|seed=13|width=2,2,True,5,ALO,wait,13,True,523.0,2106,2006,57.14,23,4,7,2,4880.51
algo=ALO|exp=sim|one_way=True|policy=wait|robots=5|seed=14|width=2,2,True,5,ALO,wait,14,True,513.0,2114,2004,60.0,31,6,6,0,4938.56
algo=ALO|exp=sim|one_way=True|policy=wait|robots=5|seed=15|width=2,2,True,5,ALO,wait,15,True,504.0,2084,1996,47.0,23,4,6,2,4918.15
algo=ALO|exp=sim|one_way=True|policy=wait|robots=5|seed=16|width=2,2,True,5,ALO,wait,16,True,545.0,2130,1940,124.0,51,10,16,6,4952.63
algo=ALO|exp=sim|one_way=True|policy=wait|robots=5|seed=17|width=2,2,True,5,ALO,wait,17,True,604.0,2220,2100,94.0,44,8,10,2,4953.65
algo=ALO|exp=sim|one_way=True|policy=wait|robots=5|seed=18|width=2,2,True,5,ALO,wait,18,True,501.0,1978,1890,47.0,25,4,5,1,4995.02
algo=ALO|exp=sim|one_way=True|policy=wait|robots=5|seed=19|width=2,2,True,5,ALO,wait,19,True,632.0,2382,2062,162.74,56,16,22,5,4928.73
algo=ALO|exp=sim|one_way=True|policy=replan|robots=5|seed=0|width=2,2,True,5,ALO,replan,0,True,626.0,2310,1976,81.0,31,22,11,0,4957.25
algo=ALO|exp=sim|one_way=True|policy=replan|robots=5|seed=1|width=2,2,True,5,ALO,replan,1,True,597.7200272607445,2442,2068,94.88,40,17,11,2,4945.68
algo=ALO|exp=sim|one_way=True|policy=replan|robots=5|seed=2|width=2,2,True,5,ALO,replan,2,True,687.0,2440,2034,95.0,37,22,14,3,4953.13
algo=ALO|exp=sim|one_way=True|policy=replan|robots=5|seed=3|width=2,2,True,5,ALO,replan,3,True,678.0,2462,1874,113.0,43,28,17,2,4957.5
algo=ALO|exp=sim|one_way=True|policy=replan|robots=5|seed=4|width=2,2,True,5,ALO,replan,4,True,546.0,2162,2008,62.0,31,8,5,1,5004.98
algo=ALO|exp=sim|one_way=True|policy=replan|robots=5|seed=5|width=2,2,True,5,ALO,replan,5,True,693.0,2866,2070,174.0,72,44,25,3,4997.21
algo=ALO|exp=sim|one_way=True|policy=replan|robots=5|seed=6|width=2,2,True,5,ALO,replan,6,True,633.0,2400,2066,122.0,51,25,15,0,4994.63
algo=ALO|exp=sim|one_way=True|policy=replan|robots=5|seed=7|width=2,2,True,5,ALO,replan,7,True,593.0,2290,2068,84.0,40,10,8,3,4978.24
algo=ALO|exp=sim|one_way=True|policy=replan|robots=5|seed=8|width=2,2,True,5,ALO,replan,8,True,559.0,2288,2110,55.0,28,10,5,0,4854.47
algo=ALO|exp=sim|one_way=True|policy=replan|robots=5|seed=9|width=2,2,True,5,ALO,replan,9,True,574.0,2188,1886,85.0,39,17,11,4,4879.74
algo=ALO|exp=sim|one_way=True|policy=replan|robots=5|seed=10|width=2,2,True,5,ALO,replan,10,True,588.0,2296,1866,98.45,34,19,14,2,4886.52
algo=ALO|exp=sim|one_way=True|policy=replan|robots=5|seed=11|width=2,2,True,5,ALO,replan,11,True,668.0,2394,1940,112.0,46,23,16,5,4896.7
algo=ALO|exp=sim|one_way=True|policy=replan|robots=5|seed=12|width=2,2,True,5,ALO,replan,12,True,549.0,2354,2062,64.0,31,13,8,1,4913.33
algo=ALO|exp=sim|one_way=True|policy=replan|robots=5|seed=13|width=2,2,True,5,ALO,replan,13,True,628.0,2526,2006,161.42,57,31,22,4,4943.15
algo=ALO|exp=sim|one_way=True|policy=replan|robots=5|seed=14|width=2,2,True,5,ALO,replan,14,True,597.0,2220,2004,60.0,31,13,7,0,4933.93
algo=Hybrid|exp=sim|one_way=True|policy=wait|robots=5|seed=0|width=2,2,True,5,Hybrid,wait,0,True,495.0,1922,1764,81.0,33,7,8,1,10.8
algo=Hybrid|exp=sim|one_way=True|policy=wait|robots=5|seed=1|width=2,2,True,5,Hybrid,wait,1,True,599.0,2192,1860,148.98,60,13,18,4,11.79
algo=Hybrid|exp=sim|one_way=True|policy=wait|robots=5|seed=2|width=2,2,True,5,Hybrid,wait,2,True,579.0,2260,2014,125.0,50,9,16,7,14.59
algo=Hybrid|exp=sim|one_way=True|policy=wait|robots=5|seed=3|width=2,2,True,5,Hybrid,wait,3,True,568.0,2080,1746,166.85,59,14,25,10,11.72
algo=Hybrid|exp=sim|one_way=True|policy=wait|robots=5|seed=4|width=2,2,True,5,Hybrid,wait,4,True,503.0,2006,1834,96.95,38,7,13,5,12.21
algo=Hybrid|exp=sim|one_way=True|policy=wait|robots=5|seed=5|width=2,2,True,5,Hybrid,wait,5,True,463.0,1840,1810,42.0,27,3,4,1,12.24
algo=Hybrid|exp=sim|one_way=True|policy=wait|robots=5|seed=6|width=2,2,True,5,Hybrid,wait,6,True,568.0,2128,1998,94.0,38,8,12,4,10.94
algo=Hybrid|exp=sim|one_way=True|policy=wait|robots=5|seed=7|width=2,2,True,5,Hybrid,wait,7,True,476.0,1990,1868,40.0,20,4,5,1,10.69
algo=Hybrid|exp=sim|one_way=True|policy=wait|robots=5|seed=8|width=2,2,True,5,Hybrid,wait,8,True,521.0,2102,1964,88.71,38,7,13,4,12.76
algo=Hybrid|exp=sim|one_way=True|policy=wait|robots=5|seed=9|width=2,2,True,5,Hybrid,wait,9,True,453.0,1868,1780,51.0,28,4,4,0,11.92
algo=Hybrid|exp=sim|one_way=True|policy=wait|robots=5|seed=10|width=2,2,True,5,Hybrid,wait,10,True,536.0,2042,1774,106.0,38,10,14,4,11.49
algo=Hybrid|exp=sim|one_way=True|policy=wait|robots=5|seed=11|width=2,2,True,5,Hybrid,wait,11,True,489.0,1970,1826,79.0,41,6,8,2,12.84
algo=Hybrid|exp=sim|one_way=True|policy=wait|robots=5|seed=12|width=2,2,True,5,Hybrid,wait,12,True,502.0,2026,1874,50.0,22,6,6,0,11.72
algo=Hybrid|exp=sim|one_way=True|policy=wait|robots=5|seed=13|width=2,2,True,5,Hybrid,wait,13,True,492.0,2016,1900,70.14,30,6,9,1,12.31
algo=Hybrid|exp=sim|one_way=True|policy=wait|robots=5|seed=14|width=2,2,True,5,Hybrid,wait,14,True,536.0,2074,1894,97.0,36,7,14,7,12.04
algo=Hybrid|exp=sim|one_way=True|policy=wait|robots=5|seed=15|width=2,2,True,5,Hybrid,wait,15,True,514.0,1914,1818,45.0,26,4,5,1,14.58
algo=Hybrid|exp=sim|one_way=True|policy=wait|robots=5|seed=16|width=2,2,True,5,Hybrid,wait,16,True,504.0,1986,1786,59.0,24,6,8,2,13.89
algo=Hybrid|exp=sim|one_way=True|policy=wait|robots=5|seed=17|width=2,2,True,5,Hybrid,wait,17,True,515.0,2070,1846,77.0,30,9,10,1,11.93
algo=Hybrid|exp=sim|one_way=True|policy=wait|robots=5|seed=18|width=2,2,True,5,Hybrid,wait,18,True,500.0,1982,1748,74.0,29,9,11,2,12.13
algo=Hybrid|exp=sim|one_way=True|policy=wait|robots=5|seed=19|width=2,2,True,5,Hybrid,wait,19,True,583.0,2138,1926,130.1,47,12,17,4,13.84
algo=Hybrid|exp=sim|one_way=True|policy=replan|robots=5|seed=0|width=2,2,True,5,Hybrid,replan,0,True,523.0,2024,1764,52.0,24,14,7,0,10.99
algo=Hybrid|exp=sim|one_way=True|policy=replan|robots=5|seed=1|width=2,2,True,5,Hybrid,replan,1,True,528.0,1982,1860,40.0,22,5,4,2,11.94
algo=Hybrid|exp=sim|one_way=True|policy=replan|robots=5|seed=2|width=2,2,True,5,Hybrid,replan,2,True,548.0,2156,2014,52.0,28,7,4,0,14.59
algo=Hybrid|exp=sim|one_way=True|policy=replan|robots=5|seed=3|width=2,2,True,5,Hybrid,replan,3,True,531.0,2078,1746,159.0,60,23,22,10,12.06
algo=Hybrid|exp=sim|one_way=True|policy=replan|robots=5|seed=4|width=2,2,True,5,Hybrid,replan,4,True,539.0,2104,1834,77.95,33,16,10,2,12.02
algo=Hybrid|exp=sim|one_way=True|policy=replan|robots=5|seed=5|width=2,2,True,5,Hybrid,replan,5,True,484.0,1914,1810,46.0,22,8,6,2,11.73
algo=Hybrid|exp=sim|one_way=True|policy=replan|robots=5|seed=6|width=2,2,True,5,Hybrid,replan,6,True,572.0,2288,1998,87.0,41,15,9,1,10.7
algo=Hybrid|exp=sim|one_way=True|policy=replan|robots=5|seed=7|width=2,2,True,5,Hybrid,replan,7,True,751.0,2410,1868,362.83,128,88,48,7,11.02
algo=Hybrid|exp=sim|one_way=True|policy=replan|robots=5|seed=9|width=2,2,True,5,Hybrid,replan,9,True,510.0,1982,1780,59.0,31,11,6,0,11.8
algo=Hybrid|exp=sim|one_way=True|policy=replan|robots=5|seed=8|width=2,2,True,5,Hybrid,replan,8,True,597.0,2482,1964,152.84,63,29,23,6,13.28
algo=Hybrid|exp=sim|one_way=True|policy=replan|robots=5|seed=11|width=2,2,True,5,Hybrid,replan,11,True,535.0,2026,1826,91.0,49,12,10,2,12.89
algo=Hybrid|exp=sim|one_way=True|policy=replan|robots=5|seed=10|width=2,2,True,5,Hybrid,replan,10,True,551.0,2116,1774,143.0,56,31,20,4,11.18
algo=Hybrid|exp=sim|one_way=True|policy=replan|robots=5|seed=12|width=2,2,True,5,Hybrid,replan,12,True,546.0,2060,1874,88.0,35,14,11,3,12.39
algo=Hybrid|exp=sim|one_way=True|policy=replan|robots=5|seed=13|width=2,2,True,5,Hybrid,replan,13,True,526.0,2172,1900,79.0,41,15,10,2,12.23
algo=Hybrid|exp=sim|one_way=True|policy=replan|robots=5|seed=14|width=2,2,True,5,Hybrid,replan,14,True,562.0,2190,1894,85.0,37,14,12,5,11.81
algo=Hybrid|exp=sim|one_way=True|policy=replan|robots=5|seed=15|width=2,2,True,5,Hybrid,replan,15,True,508.0,1988,1818,54.0,24,9,7,2,13.74
algo=Hybrid|exp=sim|one_way=True|policy=replan|robots=5|seed=16|width=2,2,True,5,Hybrid,replan,16,True,584.0,2238,1786,134.0,50,22,19,8,13.19
algo=Hybrid|exp=sim|one_way=True|policy=replan|robots=5|seed=17|width=2,2,True,5,Hybrid,replan,17,True,572.0,2100,1846,187.0,72,37,22,3,11.98
algo=Hybrid|exp=sim|one_way=True|policy=replan|robots=5|seed=18|width=2,2,True,5,Hybrid,replan,18,True,551.0,2064,1748,110.0,44,17,14,5,21.33
algo=Hybrid|exp=sim|one_way=True|policy=replan|robots=5|seed=19|width=2,2,True,5,Hybrid,replan,19,True,581.0,2186,1926,136.14,53,29,18,3,13.56
algo=ALO|exp=sim|one_way=True|policy=replan|robots=5|seed=15|width=2,2,True,5,ALO,replan,15,True,549.0,2260,1996,69.0,35,13,9,2,4962.47
algo=ALO|exp=sim|one_way=True|policy=replan|robots=5|seed=16|width=2,2,True,5,ALO,replan,16,True,595.0,2162,1940,104.33,46,17,14,5,4944.56
algo=ALO|exp=sim|one_way=True|policy=replan|robots=5|seed=17|width=2,2,True,5,ALO,replan,17,True,693.0,2486,2100,189.0,75,36,22,4,5019.47
algo=ALO|exp=sim|one_way=True|policy=replan|robots=5|seed=18|width=2,2,True,5,ALO,replan,18,True,559.0,2250,1890,79.0,42,21,11,1,5003.39
algo=HeldKarp|exp=sim|one_way=True|policy=wait|robots=10|seed=1|width=2,2,True,10,HeldKarp,wait,1,True,590.0,4230,3690,505.96,186,25,60,27,69.56
algo=HeldKarp|exp=sim|one_way=True|policy=wait|robots=10|seed=0|width=2,2,True,10,HeldKarp,wait,0,True,761.0,4294,3640,526.01,209,27,59,29,68.24
algo=ALO|exp=sim|one_way=True|policy=replan|robots=5|seed=19|width=2,2,True,5,ALO,replan,19,True,569.0,2292,2062,100.0,45,24,13,0,5007.88
algo=HeldKarp|exp=sim|one_way=True|policy=wait|robots=10|seed=2|width=2,2,True,10,HeldKarp,wait,2,True,607.0,4344,3756,604.55,231,24,63,36,68.42
algo=HeldKarp|exp=sim|one_way=True|policy=wait|robots=10|seed=3|width=2,2,True,10,HeldKarp,wait,3,True,575.0,4016,3508,455.86,171,20,55,26,68.32
algo=HeldKarp|exp=sim|one_way=True|policy=wait|robots=10|seed=4|width=2,2,True,10,HeldKarp,wait,4,True,641.0,4400,3782,474.93,191,25,57,27,68.45
algo=HeldKarp|exp=sim|one_way=True|policy=wait|robots=10|seed=5|width=2,2,True,10,HeldKarp,wait,5,True,608.0,4172,3550,592.93,228,23,66,35,67.42
algo=HeldKarp|exp=sim|one_way=True|policy=wait|robots=10|seed=7|width=2,2,True,10,HeldKarp,wait,7,True,593.0,4348,3764,388.57,157,29,46,15,67.09
algo=HeldKarp|exp=sim|one_way=True|policy=wait|robots=10|seed=6|width=2,2,True,10,HeldKarp,wait,6,True,664.0,4576,3812,747.89,265,30,86,46,72.4
algo=HeldKarp|exp=sim|one_way=True|policy=wait|robots=10|seed=8|width=2,2,True,10,HeldKarp,wait,8,True,692.0,4602,3742,527.5,178,37,72,25,68.97
algo=HeldKarp|exp=sim|one_way=True|policy=wait|robots=10|seed=9|width=2,2,True,10,HeldKarp,wait,9,True,587.0,4224,3670,473.73,182,28,52,20,68.15
algo=HeldKarp|exp=sim|one_way=True|policy=wait|robots=10|seed=10|width=2,2,True,10,HeldKarp,wait,10,True,645.5548261578961,4330,3616,583.41,214,24,74,42,68.63
algo=HeldKarp|exp=sim|one_way=True|policy=wait|robots=10|seed=11|width=2,2,True,10,HeldKarp,wait,11,True,618.0,4236,3740,584.05,207,23,66,38,67.85
algo=HeldKarp|exp=sim|one_way=True|policy=wait|robots=10|seed=12|width=2,2,True,10,HeldKarp,wait,12,True,617.0,4412,3654,537.38,194,31,63,24,67.42
algo=HeldKarp|exp=sim|one_way=True|policy=wait|robots=10|seed=13|width=2,2,True,10,HeldKarp,wait,13,True,623.0,4300,3722,431.06,176,21,56,26,69.07
algo=HeldKarp|exp=sim|one_way=True|policy=wait|robots=10|seed=15|width=2,2,True,10,HeldKarp,wait,15,True,553.0,4116,3618,350.67,152,22,39,14,69.45
algo=HeldKarp|exp=sim|one_way=True|policy=wait|robots=10|seed=14|width=2,2,True,10,HeldKarp,wait,14,True,659.0,4456,3680,628.72,222,30,84,49,69.22
algo=HeldKarp|exp=sim|one_way=True|policy=wait|robots=10|seed=16|width=2,2,True,10,HeldKarp,wait,16,True,659.0,4306,3606,632.74,217,25,82,46,69.84
algo=HeldKarp|exp=sim|one_way=True|policy=wait|robots=10|seed=17|width=2,2,True,10,HeldKarp,wait,17,True,636.0,4340,3618,500.4,182,32,64,26,72.94
algo=HeldKarp|exp=sim|one_way=True|policy=wait|robots=10|seed=18|width=2,2,True,10,HeldKarp,wait,18,True,569.0,4042,3442,464.22,159,25,51,15,80.9
algo=HeldKarp|exp=sim|one_way=True|policy=wait|robots=10|seed=19|width=2,2,True,10,HeldKarp,wait,19,True,589.0,4236,3724,562.89,222,25,58,27,68.97
algo=HeldKarp|exp=sim|one_way=True|policy=replan|robots=10|seed=0|width=2,2,True,10,HeldKarp,replan,0,True,646.3228430971438,4428,3640,470.07,204,57,46,14,69.25
algo=HeldKarp|exp=sim|one_way=True|policy=replan|robots=10|seed=1|width=2,2,True,10,HeldKarp,replan,1,True,671.0,4818,3690,516.71,195,55,65,29,69.46
algo=HeldKarp|exp=sim|one_way=True|policy=replan|robots=10|seed=2|width=2,2,True,10,HeldKarp,replan,2,True,693.0,4578,3756,665.33,270,70,68,33,68.64
algo=HeldKarp|exp=sim|one_way=True|policy=replan|robots=10|seed=4|width=2,2,True,10,HeldKarp,replan,4,True,599.0,4350,3782,420.26,181,65,49,16,80.41
algo=HeldKarp|exp=sim|one_way=True|policy=replan|robots=10|seed=5|width=2,2,True,10,HeldKarp,replan,5,True,626.0,4244,3550,463.42,191,39,48,27,67.81
algo=HeldKarp|exp=sim|one_way=True|policy=replan|robots=10|seed=6|width=2,2,True,10,HeldKarp,replan,6,True,628.0,4456,3812,487.08,234,45,45,20,67.43
algo=HeldKarp|exp=sim|one_way=True|policy=replan|robots=10|seed=7|width=2,2,True,10,HeldKarp,replan,7,True,662.0,4510,3764,533.57,217,47,64,36,67.53
algo=HeldKarp|exp=sim|one_way=True|policy=replan|robots=10|seed=8|width=2,2,True,10,HeldKarp,replan,8,True,634.0,4474,3742,475.72,203,60,50,21,67.17
algo=HeldKarp|exp=sim|one_way=True|policy=replan|robots=10|seed=9|width=2,2,True,10,HeldKarp,replan,9,True,570.0,4260,3670,493.15,202,49,55,28,80.55
algo=HeldKarp|exp=sim|one_way=True|policy=replan|robots=10|seed=10|width=2,2,True,10,HeldKarp,replan,10,True,675.0,4510,3616,527.94,205,59,67,34,67.19
algo=HeldKarp|exp=sim|one_way=True|policy=replan|robots=10|seed=3|width=2,2,True,10,HeldKarp,replan,3,False,inf,8110,3508,5790.25,1946,1738,934,50,68.76
algo=HeldKarp|exp=sim|one_way=True|policy=replan|robots=10|seed=11|width=2,2,True,10,HeldKarp,replan,11,True,574.0,4284,3740,390.82,183,42,31,8,68.94
algo=HeldKarp|exp=sim|one_way=True|policy=replan|robots=10|seed=12|width=2,2,True,10,HeldKarp,replan,12,True,681.0,4776,3654,550.99,215,58,72,34,67.79
algo=HeldKarp|exp=sim|one_way=True|policy=replan|robots=10|seed=13|width=2,2,True,10,HeldKarp,replan,13,True,739.0,4892,3722,577.4,225,81,72,29,80.39
algo=HeldKarp|exp=sim|one_way=True|policy=replan|robots=10|seed=14|width=2,2,True,10,HeldKarp,replan,14,True,664.0,4520,3680,647.41,245,65,79,39,69.74
algo=HeldKarp|exp=sim|one_way=True|policy=replan|robots=10|seed=15|width=2,2,True,10,HeldKarp,replan,15,True,665.0,4520,3618,672.03,260,57,79,50,67.35
algo=HeldKarp|exp=sim|one_way=True|policy=replan|robots=10|seed=16|width=2,2,True,10,HeldKarp,replan,16,True,701.0,4414,3606,533.17,195,80,67,24,68.89
algo=HeldKarp|exp=sim|one_way=True|policy=replan|robots=10|seed=18|width=2,2,True,10,HeldKarp,replan,18,True,646.7423995683114,4320,3442,564.8,230,45,60,33,73.55
algo=HeldKarp|exp=sim|one_way=True|policy=replan|robots=10|seed=17|width=2,2,True,10,HeldKarp,replan,17,True,704.0,4600,3618,786.14,282,73,96,52,67.96
algo=HeldKarp|exp=sim|one_way=True|policy=replan|robots=10|seed=19|width=2,2,True,10,HeldKarp,replan,19,True,677.0,4438,3724,425.09,175,55,42,16,69.58
algo=NN|exp=sim|one_way=True|policy=wait|robots=10|seed=0|width=2,2,True,10,NN,wait,0,True,632.0,4336,3836,474.25,200,23,51,26,0.72
algo=NN|exp=sim|one_way=True|policy=wait|robots=10|seed=1|width=2,2,True,10,NN,wait,1,True,650.0,4554,3932,450.87,168,26,57,22,0.98
algo=NN|exp=sim|one_way=True|policy=wait|robots=10|seed=2|width=2,2,True,10,NN,wait,2,True,661.0,4626,4002,497.27,196,26,56,27,0.81
algo=NN|exp=sim|one_way=True|policy=wait|robots=10|seed=3|width=2,2,True,10,NN,wait,3,True,638.0,4364,3716,430.42,177,27,46,18,0.82
algo=NN|exp=sim|one_way=True|policy=wait|robots=10|seed=5|width=2,2,True,10,NN,wait,5,True,629.0,4514,3770,544.56,214,33,68,28,0.73
algo=NN|exp=sim|one_way=True|policy=wait|robots=10|seed=4|width=2,2,True,10,NN,wait,4,True,746.0,5088,4000,1028.98,325,37,145,73,0.81
algo=NN|exp=sim|one_way=True|policy=wait|robots=10|seed=6|width=2,2,True,10,NN,wait,6,True,676.0,4684,4054,555.28,215,30,64,30,0.72
algo=NN|exp=sim|one_way=True|policy=wait|robots=10|seed=7|width=2,2,True,10,NN,wait,7,True,762.0,5088,3966,850.27,311,38,96,50,0.7
algo=NN|exp=sim|one_way=True|policy=wait|robots=10|seed=8|width=2,2,True,10,NN,wait,8,True,711.0,4816,4000,640.42,226,33,76,32,0.72
algo=NN|exp=sim|one_way=True|policy=wait|robots=10|seed=10|width=2,2,True,10,NN,wait,10,True,643.0,4572,3744,616.51,239,34,71,32,0.71
algo=NN|exp=sim|one_way=True|policy=wait|robots=10|seed=9|width=2,2,True,10,NN,wait,9,True,668.0,4700,3852,787.74,292,38,99,53,0.78
algo=NN|exp=sim|one_way=True|policy=wait|robots=10|seed=11|width=2,2,True,10,NN,wait,11,True,728.0,4816,3940,788.6,274,30,99,53,0.74
algo=NN|exp=sim|one_way=True|policy=wait|robots=10|seed=12|width=2,2,True,10,NN,wait,12,True,798.0,4850,3860,704.28,254,39,96,53,0.8
algo=NN|exp=sim|one_way=True|policy=wait|robots=10|seed=13|width=2,2,True,10,NN,wait,13,True,645.0,4546,3892,578.33,212,21,64,35,0.69
algo=NN|exp=sim|one_way=True|policy=wait|robots=10|seed=14|width=2,2,True,10,NN,wait,14,True,688.4700758460558,4826,3882,955.43,313,31,127,79,0.77
algo=NN|exp=sim|one_way=True|policy=wait|robots=10|seed=15|width=2,2,True,10,NN,wait,15,True,655.5035118972963,4632,3838,652.02,241,34,87,45,0.79
algo=NN|exp=sim|one_way=True|policy=wait|robots=10|seed=16|width=2,2,True,10,NN,wait,16,True,642.0,4302,3810,513.93,178,23,65,26,0.79
algo=NN|exp=sim|one_way=True|policy=wait|robots=10|seed=17|width=2,2,True,10,NN,wait,17,True,626.0,4556,3866,461.03,182,28,61,28,0.73
algo=NN|exp=sim|one_way=True|policy=wait|robots=10|seed=18|width=2,2,True,10,NN,wait,18,True,552.0,4172,3666,453.64,173,29,47,15,0.78
algo=NN|exp=sim|one_way=True|policy=wait|robots=10|seed=19|width=2,2,True,10,NN,wait,19,True,633.0,4444,3938,515.82,198,19,68,40,0.81
algo=NN|exp=sim|one_way=True|policy=replan|robots=10|seed=0|width=2,2,True,10,NN,replan,0,True,715.0,4754,3836,648.3,269,72,72,32,0.78
algo=NN|exp=sim|one_way=True|policy=replan|robots=10|seed=1|width=2,2,True,10,NN,replan,1,True,699.0,4774,3932,533.68,213,68,63,27,0.83
algo=NN|exp=sim|one_way=True|policy=replan|robots=10|seed=2|width=2,2,True,10,NN,replan,2,True,733.9395028450937,5144,4002,610.63,257,59,69,35,0.82
algo=NN|exp=sim|one_way=True|policy=replan|robots=10|seed=3|width=2,2,True,10,NN,replan,3,True,700.0,4824,3716,750.14,270,55,99,53,0.84
algo=NN|exp=sim|one_way=True|policy=replan|robots=10|seed=4|width=2,2,True,10,NN,replan,4,True,663.0,5132,4000,619.51,258,62,71,36,0.84
algo=NN|exp=sim|one_way=True|policy=replan|robots=10|seed=5|width=2,2,True,10,NN,replan,5,True,782.0,5220,3770,767.52,298,99,93,39,0.79
algo=NN|exp=sim|one_way=True|policy=replan|robots=10|seed=6|width=2,2,True,10,NN,replan,6,True,765.0994792865267,4808,4054,591.53,225,54,68,34,0.87
algo=NN|exp=sim|one_way=True|policy=replan|robots=10|seed=7|width=2,2,True,10,NN,replan,7,True,811.0,5234,3966,717.71,295,81,85,45,0.74
algo=NN|exp=sim|one_way=True|policy=replan|robots=10|seed=9|width=2,2,True,10,NN,replan,9,True,623.0,4604,3852,544.35,225,42,62,32,0.67
algo=NN|exp=sim|one_way=True|policy=replan|robots=10|seed=8|width=2,2,True,10,NN,replan,8,True,808.0,4926,4000,972.33,343,64,115,67,0.72
algo=NN|exp=sim|one_way=True|policy=replan|robots=10|seed=10|width=2,2,True,10,NN,replan,10,True,723.0887185618429,4902,3744,799.55,293,85,100,50,0.74
algo=NN|exp=sim|one_way=True|policy=replan|robots=10|seed=11|width=2,2,True,10,NN,replan,11,True,818.5173820708911,5564,3940,911.38,335,83,117,73,0.73
algo=NN|exp=sim|one_way=True|policy=replan|robots=10|seed=12|width=2,2,True,10,NN,replan,12,True,787.0,5034,3860,894.91,316,77,115,69,0.75
algo=NN|exp=sim|one_way=True|policy=replan|robots=10|seed=13|width=2,2,True,10,NN,replan,13,True,684.0,5056,3892,563.95,209,74,70,25,0.83
algo=NN|exp=sim|one_way=True|policy=replan|robots=10|seed=14|width=2,2,True,10,NN,replan,14,True,661.0,4844,3882,570.14,216,56,64,30,0.73
algo=NN|exp=sim|one_way=True|policy=replan|robots=10|seed=16|width=2,2,True,10,NN,replan,16,True,702.0,4808,3810,577.14,228,63,64,26,0.93
algo=NN|exp=sim|one_way=True|policy=replan|robots=10|seed=15|width=2,2,True,10,NN,replan,15,True,750.0,4870,3838,817.36,316,62,93,59,0.77
algo=NN|exp=sim|one_way=True|policy=replan|robots=10|seed=17|width=2,2,True,10,NN,replan,17,True,722.0,5024,3866,790.19,299,69,98,56,0.8
algo=NN|exp=sim|one_way=True|policy=replan|robots=10|seed=18|width=2,2,True,10,NN,replan,18,True,695.7423995683114,4738,3666,540.27,216,61,65,31,0.87
algo=NN2opt|exp=sim|one_way=True|policy=wait|robots=10|seed=1|width=2,2,True,10,NN2opt,wait,1,True,607.0,4404,3788,432.94,171,29,49,15,4.68
algo=NN2opt|exp=sim|one_way=True|policy=wait|robots=10|seed=0|width=2,2,True,10,NN2opt,wait,0,True,655.8104807358504,4392,3796,585.48,224,27,72,37,3.8
algo=NN|exp=sim|one_way=True|policy=replan|robots=10|seed=19|width=2,2,True,10,NN,replan,19,True,711.0,5164,3938,676.72,261,73,92,44,0.78
algo=NN2opt|exp=sim|one_way=True|policy=wait|robots=10|seed=2|width=2,2,True,10,NN2opt,wait,2,True,604.0,4424,3882,420.2,170,28,39,7,4.3
algo=NN2opt|exp=sim|one_way=True|policy=wait|robots=10|seed=3|width=2,2,True,10,NN2opt,wait,3,True,632.0277624452949,4328,3652,471.06,182,24,56,24,4.44
algo=NN2opt|exp=sim|one_way=True|policy=wait|robots=10|seed=4|width=2,2,True,10,NN2opt,wait,4,True,703.3374367412259,4794,3940,601.17,229,41,82,35,3.82
algo=NN2opt|exp=sim|one_way=True|policy=wait|robots=10|seed=5|width=2,2,True,10,NN2opt,wait,5,True,677.0,4636,3688,668.52,239,39,85,39,4.3
algo=NN2opt|exp=sim|one_way=True|policy=wait|robots=10|seed=6|width=2,2,True,10,NN2opt,wait,6,True,630.0,4620,3940,699.57,233,33,92,47,4.21
algo=NN2opt|exp=sim|one_way=True|policy=wait|robots=10|seed=7|width=2,2,True,10,NN2opt,wait,7,True,681.0,4616,3922,592.91,225,29,72,40,4.37
algo=NN2opt|exp=sim|one_way=True|policy=wait|robots=10|seed=8|width=2,2,True,10,NN2opt,wait,8,True,689.0,4710,3886,793.13,258,29,100,54,4.25
algo=NN2opt|exp=sim|one_way=True|policy=wait|robots=10|seed=9|width=2,2,True,10,NN2opt,wait,9,True,658.0,4656,3830,556.09,217,38,71,24,3.69
algo=NN2opt|exp=sim|one_way=True|policy=wait|robots=10|seed=10|width=2,2,True,10,NN2opt,wait,10,True,660.0,4504,3724,566.46,229,30,62,29,3.65
algo=NN2opt|exp=sim|one_way=True|policy=wait|robots=10|seed=11|width=2,2,True,10,NN2opt,wait,11,True,651.0,4690,3910,717.35,246,41,92,39,3.94
algo=NN2opt|exp=sim|one_way=True|policy=wait|robots=10|seed=12|width=2,2,True,10,NN2opt,wait,12,True,611.0,4606,3766,593.25,201,34,79,34,3.88
algo=NN2opt|exp=sim|one_way=True|policy=wait|robots=10|seed=13|width=2,2,True,10,NN2opt,wait,13,True,608.0,4366,3836,361.57,158,23,42,16,4.06
algo=NN2opt|exp=sim|one_way=True|policy=wait|robots=10|seed=14|width=2,2,True,10,NN2opt,wait,14,True,634.0,4554,3858,608.21,234,24,77,49,3.78
algo=NN2opt|exp=sim|one_way=True|policy=wait|robots=10|seed=15|width=2,2,True,10,NN2opt,wait,15,True,712.2871478462355,4714,3770,965.06,288,36,134,70,4.0
algo=NN2opt|exp=sim|one_way=True|policy=wait|robots=10|seed=16|width=2,2,True,10,NN2opt,wait,16,True,640.0,4412,3722,787.35,253,31,99,48,4.44
algo=NN2opt|exp=sim|one_way=True|policy=wait|robots=10|seed=17|width=2,2,True,10,NN2opt,wait,17,True,658.9037198646042,4516,3778,526.36,198,30,65,27,4.12
algo=NN2opt|exp=sim|one_way=True|policy=wait|robots=10|seed=18|width=2,2,True,10,NN2opt,wait,18,True,617.0,4242,3634,611.25,218,29,65,25,3.79
algo=NN2opt|exp=sim|one_way=True|policy=wait|robots=10|seed=19|width=2,2,True,10,NN2opt,wait,19,True,684.401947098437,4720,3884,759.45,256,31,102,50,4.29
algo=NN2opt|exp=sim|one_way=True|policy=replan|robots=10|seed=0|width=2,2,True,10,NN2opt,replan,0,True,640.0,4556,3796,509.15,210,52,57,22,4.16
algo=NN2opt|exp=sim|one_way=True|policy=replan|robots=10|seed=1|width=2,2,True,10,NN2opt,replan,1,True,732.0,4984,3788,646.68,239,86,86,35,4.97
algo=NN2opt|exp=sim|one_way=True|policy=replan|robots=10|seed=2|width=2,2,True,10,NN2opt,replan,2,True,705.0,4918,3882,574.72,235,71,64,30,4.29
algo=NN2opt|exp=sim|one_way=True|policy=replan|robots=10|seed=3|width=2,2,True,10,NN2opt,replan,3,True,690.0,4850,3652,757.65,283,68,101,54,4.06
algo=NN2opt|exp=sim|one_way=True|policy=replan|robots=10|seed=4|width=2,2,True,10,NN2opt,replan,4,True,781.3766635108472,5190,3940,751.54,259,59,103,48,3.78
algo=NN2opt|exp=sim|one_way=True|policy=replan|robots=10|seed=5|width=2,2,True,10,NN2opt,replan,5,True,669.0,4672,3688,554.09,208,58,63,28,4.12
algo=NN2opt|exp=sim|one_way=True|policy=replan|robots=10|seed=6|width=2,2,True,10,NN2opt,replan,6,True,648.0994792865267,4936,3940,603.01,227,63,70,34,4.3
algo=NN2opt|exp=sim|one_way=True|policy=replan|robots=10|seed=7|width=2,2,True,10,NN2opt,replan,7,True,737.0,5216,3922,783.67,275,83,107,50,4.33
algo=NN2opt|exp=sim|one_way=True|policy=replan|robots=10|seed=8|width=2,2,True,10,NN2opt,replan,8,True,690.82714080959,4984,3886,652.83,256,63,80,36,4.5
algo=NN2opt|exp=sim|one_way=True|policy=replan|robots=10|seed=9|width=2,2,True,10,NN2opt,replan,9,True,642.0,4530,3830,522.85,219,38,56,32,3.74
algo=NN2opt|exp=sim|one_way=True|policy=replan|robots=10|seed=10|width=2,2,True,10,NN2opt,replan,10,True,689.0,4702,3724,598.01,234,58,73,37,3.73
algo=NN2opt|exp=sim|one_way=True|policy=replan|robots=10|seed=11|width=2,2,True,10,NN2opt,replan,11,True,691.6319445399295,4900,3910,680.42,269,63,81,43,3.99
algo=NN2opt|exp=sim|one_way=True|policy=replan|robots=10|seed=12|width=2,2,True,10,NN2opt,replan,12,True,646.0,4734,3766,616.69,240,75,78,34,3.94
algo=NN2opt|exp=sim|one_way=True|policy=replan|robots=10|seed=13|width=2,2,True,10,NN2opt,replan,13,True,698.0,5194,3836,598.55,228,81,73,28,3.85
algo=NN2opt|exp=sim|one_way=True|policy=replan|robots=10|seed=14|width=2,2,True,10,NN2opt,replan,14,True,694.0,4712,3858,472.71,203,51,47,19,4.23
algo=NN2opt|exp=sim|one_way=True|policy=replan|robots=10|seed=15|width=2,2,True,10,NN2opt,replan,15,True,709.9850739229717,4982,3770,740.52,260,59,86,48,3.86
algo=NN2opt|exp=sim|one_way=True|policy=replan|robots=10|seed=16|width=2,2,True,10,NN2opt,replan,16,True,621.0,4584,3722,538.35,211,50,66,35,4.47
algo=NN2opt|exp=sim|one_way=True|policy=replan|robots=10|seed=17|width=2,2,True,10,NN2opt,replan,17,True,700.0,4812,3778,802.59,305,73,105,63,4.52
algo=NN2opt|exp=sim|one_way=True|policy=replan|robots=10|seed=18|width=2,2,True,10,NN2opt,replan,18,True,755.0,4708,3634,851.73,323,87,115,69,3.81
algo=NN2opt|exp=sim|one_way=True|policy=replan|robots=10|seed=19|width=2,2,True,10,NN2opt,replan,19,True,749.3012124053198,5210,3884,854.62,298,75,106,48,4.46
algo=GA|exp=sim|one_way=True|policy=wait|robots=10|seed=0|width=2,2,True,10,GA,wait,0,True,556.0,4200,3682,418.38,184,24,44,16,11392.94
algo=GA|exp=sim|one_way=True|policy=wait|robots=10|seed=1|width=2,2,True,10,GA,wait,1,True,626.0,4304,3724,433.0,179,25,49,21,11466.83
algo=GA|exp=sim|one_way=True|policy=wait|robots=10|seed=3|width=2,2,True,10,GA,wait,3,True,628.0,4258,3574,586.12,225,26,72,37,11445.54
algo=GA|exp=sim|one_way=True|policy=wait|robots=10|seed=2|width=2,2,True,10,GA,wait,2,True,681.729816933134,4556,3808,812.63,222,29,116,55,11453.82
algo=GA|exp=sim|one_way=True|policy=wait|robots=10|seed=5|width=2,2,True,10,GA,wait,5,True,613.0,4228,3586,537.13,205,23,67,40,11404.19
algo=GA|exp=sim|one_way=True|policy=wait|robots=10|seed=6|width=2,2,True,10,GA,wait,6,True,635.0,4572,3840,579.37,212,38,79,32,11420.31
algo=GA|exp=sim|one_way=True|policy=wait|robots=10|seed=4|width=2,2,True,10,GA,wait,4,True,646.0,4442,3828,499.74,190,24,63,29,11519.89
algo=GA|exp=sim|one_way=True|policy=wait|robots=10|seed=7|width=2,2,True,10,GA,wait,7,True,571.0,4272,3806,383.83,141,24,48,16,11416.38
algo=GA|exp=sim|one_way=True|policy=wait|robots=10|seed=8|width=2,2,True,10,GA,wait,8,True,647.0,4434,3782,542.57,195,29,68,30,11476.6
algo=GA|exp=sim|one_way=True|policy=wait|robots=10|seed=10|width=2,2,True,10,GA,wait,10,True,621.0,4438,3670,484.91,187,29,59,27,11375.09
algo=GA|exp=sim|one_way=True|policy=wait|robots=10|seed=9|width=2,2,True,10,GA,wait,9,True,602.0,4392,3706,524.59,198,24,65,37,11422.27
algo=GA|exp=sim|one_way=True|policy=wait|robots=10|seed=11|width=2,2,True,10,GA,wait,11,True,606.0,4320,3800,446.6,165,25,57,26,11349.5
algo=GA|exp=sim|one_way=True|policy=wait|robots=10|seed=13|width=2,2,True,10,GA,wait,13,True,627.0,4282,3772,522.52,189,24,61,31,11361.59
algo=GA|exp=sim|one_way=True|policy=wait|robots=10|seed=12|width=2,2,True,10,GA,wait,12,True,612.0,4422,3722,651.21,252,28,72,41,11425.76
algo=GA|exp=sim|one_way=True|policy=wait|robots=10|seed=14|width=2,2,True,10,GA,wait,14,True,711.0,4244,3746,524.72,198,21,57,28,11399.26
algo=GA|exp=sim|one_way=True|policy=wait|robots=10|seed=16|width=2,2,True,10,GA,wait,16,True,685.9050562080856,4674,3678,847.39,255,35,122,60,11382.05
algo=GA|exp=sim|one_way=True|policy=wait|robots=10|seed=18|width=2,2,True,10,GA,wait,18,True,669.0,4338,3498,940.99,312,27,126,77,11371.87
algo=GA|exp=sim|one_way=True|policy=wait|robots=10|seed=15|width=2,2,True,10,GA,wait,15,True,658.8671419674105,4462,3652,684.92,252,28,86,50,11437.83
algo=GA|exp=sim|one_way=True|policy=wait|robots=10|seed=17|width=2,2,True,10,GA,wait,17,True,669.0,4608,3652,578.84,225,42,75,29,11416.38
algo=GA|exp=sim|one_way=True|policy=wait|robots=10|seed=19|width=2,2,True,10,GA,wait,19,True,676.0,4438,3734,620.09,227,20,77,45,11427.22
algo=GA|exp=sim|one_way=True|policy=replan|robots=10|seed=0|width=2,2,True,10,GA,replan,0,True,763.0,4502,3682,707.09,281,96,77,30,11438.94
algo=GA|exp=sim|one_way=True|policy=replan|robots=10|seed=1|width=2,2,True,10,GA,replan,1,True,663.0,4648,3724,479.42,198,58,56,21,11435.39
algo=GA|exp=sim|one_way=True|policy=replan|robots=10|seed=3|width=2,2,True,10,GA,replan,3,True,665.0,4666,3574,608.78,226,53,78,39,11429.42
algo=GA|exp=sim|one_way=True|policy=replan|robots=10|seed=4|width=2,2,True,10,GA,replan,4,True,569.0,4372,3828,377.34,185,42,38,14,11471.26
algo=GA|exp=sim|one_way=True|policy=replan|robots=10|seed=2|width=2,2,True,10,GA,replan,2,True,794.0,4868,3808,673.0,237,80,83,32,11460.28
algo=GA|exp=sim|one_way=True|policy=replan|robots=10|seed=5|width=2,2,True,10,GA,replan,5,True,690.0,4768,3586,681.79,249,61,97,56,11481.56
algo=GA|exp=sim|one_way=True|policy=replan|robots=10|seed=6|width=2,2,True,10,GA,replan,6,True,674.0,4828,3840,503.51,197,59,67,26,11469.67
algo=GA|exp=sim|one_way=True|policy=replan|robots=10|seed=7|width=2,2,True,10,GA,replan,7,True,675.0,4612,3806,688.21,246,39,85,56,11459.9
algo=GA|exp=sim|one_way=True|policy=replan|robots=10|seed=8|width=2,2,True,10,GA,replan,8,True,645.0,4516,3782,595.13,230,39,70,43,11371.9
algo=GA|exp=sim|one_way=True|policy=replan|robots=10|seed=9|width=2,2,True,10,GA,replan,9,True,667.0,4502,3706,473.8,186,44,61,35,11396.39
algo=GA|exp=sim|one_way=True|policy=replan|robots=10|seed=11|width=2,2,True,10,GA,replan,11,True,639.0,4446,3800,498.71,212,48,52,26,11417.41
algo=GA|exp=sim|one_way=True|policy=replan|robots=10|seed=10|width=2,2,True,10,GA,replan,10,True,687.0,4766,3670,697.26,258,76,91,50,11420.99
algo=GA|exp=sim|one_way=True|policy=replan|robots=10|seed=12|width=2,2,True,10,GA,replan,12,True,623.0,4548,3722,392.14,167,44,45,21,11424.53
algo=GA|exp=sim|one_way=True|policy=replan|robots=10|seed=13|width=2,2,True,10,GA,replan,13,True,618.0,4600,3772,518.67,211,54,70,36,11435.95
algo=GA|exp=sim|one_way=True|policy=replan|robots=10|seed=14|width=2,2,True,10,GA,replan,14,True,607.5758525318927,4550,3746,539.67,212,42,58,28,11411.72
algo=ACO|exp=sim|one_way=True|policy=wait|robots=10|seed=0|width=2,2,True,10,ACO,wait,0,True,630.8895040738398,4172,3644,582.02,216,20,73,37,1937.1
algo=ACO|exp=sim|one_way=True|policy=wait|robots=10|seed=1|width=2,2,True,10,ACO,wait,1,True,600.0,4256,3690,546.29,207,24,67,36,1942.86
algo=ACO|exp=sim|one_way=True|policy=wait|robots=10|seed=2|width=2,2,True,10,ACO,wait,2,True,622.0,4192,3760,486.8,191,19,59,31,1932.38
algo=ACO|exp=sim|one_way=True|policy=wait|robots=10|seed=3|width=2,2,True,10,ACO,wait,3,True,555.0,4096,3510,501.32,201,20,53,29,1929.12
algo=ACO|exp=sim|one_way=True|policy=wait|robots=10|seed=4|width=2,2,True,10,ACO,wait,4,True,602.0,4392,3782,348.73,152,24,43,16,1974.48
algo=ACO|exp=sim|one_way=True|policy=wait|robots=10|seed=5|width=2,2,True,10,ACO,wait,5,True,631.5332830231417,4290,3552,616.2,209,32,78,34,1975.31
algo=ACO|exp=sim|one_way=True|policy=wait|robots=10|seed=6|width=2,2,True,10,ACO,wait,6,True,662.0,4322,3814,537.33,201,21,62,35,1965.28
algo=ACO|exp=sim|one_way=True|policy=wait|robots=10|seed=7|width=2,2,True,10,ACO,wait,7,True,639.1276740230132,4462,3764,751.04,241,26,92,46,1966.73
algo=GA|exp=sim|one_way=True|policy=replan|robots=10|seed=15|width=2,2,True,10,GA,replan,15,True,702.0,4802,3652,662.46,246,55,87,53,11425.96
algo=ACO|exp=sim|one_way=True|policy=wait|robots=10|seed=8|width=2,2,True,10,ACO,wait,8,True,643.0,4196,3742,438.33,184,20,51,28,1934.99
algo=GA|exp=sim|one_way=True|policy=replan|robots=10|seed=16|width=2,2,True,10,GA,replan,16,True,683.6973361967599,4648,3678,639.91,221,63,77,36,11461.47
algo=GA|exp=sim|one_way=True|policy=replan|robots=10|seed=17|width=2,2,True,10,GA,replan,17,True,759.6527271077762,4738,3652,793.62,289,63,100,61,11477.8
algo=ACO|exp=sim|one_way=True|policy=wait|robots=10|seed=9|width=2,2,True,10,ACO,wait,9,True,628.0,4346,3670,643.4,240,27,77,44,1933.67
algo=GA|exp=sim|one_way=True|policy=replan|robots=10|seed=19|width=2,2,True,10,GA,replan,19,True,651.0,4504,3734,650.37,246,45,86,55,11481.89
algo=GA|exp=sim|one_way=True|policy=replan|robots=10|seed=18|width=2,2,True,10,GA,replan,18,True,636.9046325378006,4350,3498,689.29,248,51,93,49,11552.56
algo=ACO|exp=sim|one_way=True|policy=wait|robots=10|seed=10|width=2,2,True,10,ACO,wait,10,True,631.0,4286,3616,654.7,235,26,83,52,1989.47
algo=ACO|exp=sim|one_way=True|policy=wait|robots=10|seed=11|width=2,2,True,10,ACO,wait,11,True,636.9654555462712,4472,3740,636.76,213,29,82,40,1953.38
algo=ACO|exp=sim|one_way=True|policy=wait|robots=10|seed=12|width=2,2,True,10,ACO,wait,12,True,574.0,4140,3654,378.85,157,19,45,24,1968.97
algo=ACO|exp=sim|one_way=True|policy=wait|robots=10|seed=14|width=2,2,True,10,ACO,wait,14,True,584.0,4262,3682,485.01,199,22,52,25,1944.05
algo=ACO|exp=sim|one_way=True|policy=wait|robots=10|seed=13|width=2,2,True,10,ACO,wait,13,True,575.0,4484,3722,446.83,197,30,57,23,1947.61
algo=ACO|exp=sim|one_way=True|policy=wait|robots=10|seed=15|width=2,2,True,10,ACO,wait,15,True,642.9955855567671,4224,3618,721.12,236,26,93,48,1960.05
algo=ACO|exp=sim|one_way=True|policy=wait|robots=10|seed=16|width=2,2,True,10,ACO,wait,16,True,658.2073298050389,4438,3606,678.86,222,29,93,48,1953.99
algo=ACO|exp=sim|one_way=True|policy=wait|robots=10|seed=17|width=2,2,True,10,ACO,wait,17,True,630.0,4408,3618,694.77,258,30,78,41,1942.26
algo=ACO|exp=sim|one_way=True|policy=wait|robots=10|seed=18|width=2,2,True,10,ACO,wait,18,True,579.0,4000,3444,456.61,187,18,61,41,1933.36
algo=ACO|exp=sim|one_way=True|policy=wait|robots=10|seed=19|width=2,2,True,10,ACO,wait,19,True,636.0,4140,3724,359.68,141,18,41,16,1939.03
algo=ACO|exp=sim|one_way=True|policy=replan|robots=10|seed=0|width=2,2,True,10,ACO,replan,0,True,668.0,4642,3644,711.25,278,70,85,43,1939.14
algo=ACO|exp=sim|one_way=True|policy=replan|robots=10|seed=1|width=2,2,True,10,ACO,replan,1,True,706.8105987322247,4626,3690,677.46,257,73,92,42,1932.39
algo=ACO|exp=sim|one_way=True|policy=replan|robots=10|seed=2|width=2,2,True,10,ACO,replan,2,True,673.0,4626,3760,411.64,169,37,57,27,1929.07
algo=ACO|exp=sim|one_way=True|policy=replan|robots=10|seed=3|width=2,2,True,10,ACO,replan,3,True,667.0,4412,3510,471.48,199,60,52,21,1939.65
algo=ACO|exp=sim|one_way=True|policy=replan|robots=10|seed=4|width=2,2,True,10,ACO,replan,4,True,610.0,4558,3782,384.0,175,50,44,17,1942.78
algo=ACO|exp=sim|one_way=True|policy=replan|robots=10|seed=5|width=2,2,True,10,ACO,replan,5,True,622.0,4488,3552,458.09,194,45,56,25,1960.56
algo=ACO|exp=sim|one_way=True|policy=replan|robots=10|seed=6|width=2,2,True,10,ACO,replan,6,True,674.0,4774,3814,714.46,234,68,94,44,1976.58
algo=ACO|exp=sim|one_way=True|policy=replan|robots=10|seed=8|width=2,2,True,10,ACO,replan,8,True,647.0,4388,3742,484.68,198,41,52,27,1958.91
algo=ACO|exp=sim|one_way=True|policy=replan|robots=10|seed=7|width=2,2,True,10,ACO,replan,7,True,681.9212087079458,4624,3764,554.12,205,49,73,37,1951.89
algo=ACO|exp=sim|one_way=True|policy=replan|robots=10|seed=9|width=2,2,True,10,ACO,replan,9,True,627.0,4504,3670,551.36,236,47,60,30,1964.73
algo=ACO|exp=sim|one_way=True|policy=replan|robots=10|seed=10|width=2,2,True,10,ACO,replan,10,True,670.0,4566,3616,534.0,209,71,61,24,1947.71
algo=ACO|exp=sim|one_way=True|policy=replan|robots=10|seed=11|width=2,2,True,10,ACO,replan,11,True,640.245875866487,4296,3740,590.31,236,29,66,52,1919.17
algo=ACO|exp=sim|one_way=True|policy=replan|robots=10|seed=12|width=2,2,True,10,ACO,replan,12,True,657.0,4538,3654,467.36,185,49,61,32,1917.51
algo=ACO|exp=sim|one_way=True|policy=replan|robots=10|seed=13|width=2,2,True,10,ACO,replan,13,True,680.0,4780,3722,485.95,207,64,55,18,1929.72
algo=ACO|exp=sim|one_way=True|policy=replan|robots=10|seed=14|width=2,2,True,10,ACO,replan,14,True,683.0,4668,3682,767.35,293,51,89,48,1916.46
algo=ACO|exp=sim|one_way=True|policy=replan|robots=10|seed=16|width=2,2,True,10,ACO,replan,16,True,634.7731260016699,4614,3606,614.21,220,59,81,46,1922.8
algo=ACO|exp=sim|one_way=True|policy=replan|robots=10|seed=15|width=2,2,True,10,ACO,replan,15,True,715.0,4948,3618,737.84,269,76,89,54,1934.92
algo=ACO|exp=sim|one_way=True|policy=replan|robots=10|seed=17|width=2,2,True,10,ACO,replan,17,True,666.0,4702,3618,715.79,258,67,95,52,1929.17
algo=ACO|exp=sim|one_way=True|policy=replan|robots=10|seed=18|width=2,2,True,10,ACO,replan,18,True,628.0,4152,3444,630.43,240,51,86,53,1935.85
algo=ACO|exp=sim|one_way=True|policy=replan|robots=10|seed=19|width=2,2,True,10,ACO,replan,19,True,640.0,4596,3724,512.86,197,46,56,30,1921.13
algo=ALO|exp=sim|one_way=True|policy=wait|robots=10|seed=1|width=2,2,True,10,ALO,wait,1,True,731.3545357596654,5058,4074,915.9,288,40,130,67,9839.35
algo=ALO|exp=sim|one_way=True|policy=wait|robots=10|seed=2|width=2,2,True,10,ALO,wait,2,True,663.9410049235983,4796,4174,471.94,190,21,51,24,9849.27
algo=ALO|exp=sim|one_way=True|policy=wait|robots=10|seed=0|width=2,2,True,10,ALO,wait,0,True,678.9560702480319,4774,4044,676.4,225,28,95,46,9948.3
algo=ALO|exp=sim|one_way=True|policy=wait|robots=10|seed=3|width=2,2,True,10,ALO,wait,3,True,621.3754064107663,4444,3910,576.72,228,25,66,31,9913.68
algo=ALO|exp=sim|one_way=True|policy=wait|robots=10|seed=4|width=2,2,True,10,ALO,wait,4,True,753.0,5096,4122,724.07,246,39,90,39,9953.29
algo=ALO|exp=sim|one_way=True|policy=wait|robots=10|seed=5|width=2,2,True,10,ALO,wait,5,True,705.0,4958,4042,707.48,253,44,97,48,9795.41
algo=ALO|exp=sim|one_way=True|policy=wait|robots=10|seed=6|width=2,2,True,10,ALO,wait,6,True,685.9154652245745,4708,4040,695.97,226,25,89,44,9843.52
algo=ALO|exp=sim|one_way=True|policy=wait|robots=10|seed=7|width=2,2,True,10,ALO,wait,7,True,661.0,4574,3984,570.32,218,28,66,26,9721.75
algo=ALO|exp=sim|one_way=True|policy=wait|robots=10|seed=8|width=2,2,True,10,ALO,wait,8,True,654.0,4872,4012,620.37,217,39,77,26,9727.41
algo=ALO|exp=sim|one_way=True|policy=wait|robots=10|seed=10|width=2,2,True,10,ALO,wait,10,True,645.0,4580,3924,624.63,215,23,76,45,9712.2
algo=ALO|exp=sim|one_way=True|policy=wait|robots=10|seed=9|width=2,2,True,10,ALO,wait,9,True,661.0,4554,3996,594.84,230,24,65,37,9798.68
algo=ALO|exp=sim|one_way=True|policy=wait|robots=10|seed=11|width=2,2,True,10,ALO,wait,11,True,716.0,4918,3982,784.39,287,39,99,53,9854.95
algo=ALO|exp=sim|one_way=True|policy=wait|robots=10|seed=12|width=2,2,True,10,ALO,wait,12,True,754.4527898570618,4754,3940,796.14,250,43,112,44,9818.84
algo=ALO|exp=sim|one_way=True|policy=wait|robots=10|seed=13|width=2,2,True,10,ALO,wait,13,True,722.0,5000,4046,856.1,296,34,111,62,9811.29
algo=ALO|exp=sim|one_way=True|policy=wait|robots=10|seed=14|width=2,2,True,10,ALO,wait,14,True,674.0,4754,4072,491.32,185,32,56,19,9756.82
algo=ALO|exp=sim|one_way=True|policy=wait|robots=10|seed=15|width=2,2,True,10,ALO,wait,15,True,654.0,4508,3976,561.79,228,21,65,38,9789.66
algo=ALO|exp=sim|one_way=True|policy=wait|robots=10|seed=16|width=2,2,True,10,ALO,wait,16,True,682.0,4608,3974,570.26,197,26,72,35,9796.7
algo=ALO|exp=sim|one_way=True|policy=wait|robots=10|seed=17|width=2,2,True,10,ALO,wait,17,True,629.0,4574,3998,570.7,226,28,64,30,9807.8
algo=ALO|exp=sim|one_way=True|policy=wait|robots=10|seed=18|width=2,2,True,10,ALO,wait,18,True,661.0,4380,3882,518.93,208,25,61,32,9774.88
algo=ALO|exp=sim|one_way=True|policy=wait|robots=10|seed=19|width=2,2,True,10,ALO,wait,19,True,645.0,4762,4034,710.84,275,26,90,61,9680.09
algo=ALO|exp=sim|one_way=True|policy=replan|robots=10|seed=0|width=2,2,True,10,ALO,replan,0,True,829.9578623591203,5590,4044,956.69,343,101,117,59,9704.26
algo=ALO|exp=sim|one_way=True|policy=replan|robots=10|seed=1|width=2,2,True,10,ALO,replan,1,True,761.8982812078405,5188,4074,654.38,247,58,74,36,9868.59
algo=ALO|exp=sim|one_way=True|policy=replan|robots=10|seed=2|width=2,2,True,10,ALO,replan,2,True,703.0,5186,4174,508.17,208,63,61,20,9893.91
algo=ALO|exp=sim|one_way=True|policy=replan|robots=10|seed=3|width=2,2,True,10,ALO,replan,3,True,769.957985585872,4940,3910,768.74,292,82,100,63,9928.43
algo=ALO|exp=sim|one_way=True|policy=replan|robots=10|seed=4|width=2,2,True,10,ALO,replan,4,True,717.0,5250,4122,582.0,219,68,72,31,10007.92
algo=ALO|exp=sim|one_way=True|policy=replan|robots=10|seed=5|width=2,2,True,10,ALO,replan,5,True,907.0,5568,4042,1159.45,396,100,163,94,9918.65
algo=ALO|exp=sim|one_way=True|policy=replan|robots=10|seed=6|width=2,2,True,10,ALO,replan,6,True,759.0,5072,4040,745.45,265,70,89,42,9964.51
algo=ALO|exp=sim|one_way=True|policy=replan|robots=10|seed=7|width=2,2,True,10,ALO,replan,7,True,719.0,4828,3984,612.55,240,64,68,27,9999.58
algo=ALO|exp=sim|one_way=True|policy=replan|robots=10|seed=8|width=2,2,True,10,ALO,replan,8,True,723.0,5012,4012,609.89,228,57,73,37,9761.1
algo=ALO|exp=sim|one_way=True|policy=replan|robots=10|seed=9|width=2,2,True,10,ALO,replan,9,True,706.0,4852,3996,679.57,245,42,82,48,9775.86
algo=ALO|exp=sim|one_way=True|policy=replan|robots=10|seed=10|width=2,2,True,10,ALO,replan,10,True,657.6431798438293,4744,3924,451.84,170,53,61,22,9749.77
algo=ALO|exp=sim|one_way=True|policy=replan|robots=10|seed=11|width=2,2,True,10,ALO,replan,11,True,704.459106468956,4964,3982,705.42,264,64,87,49,9858.89
algo=ALO|exp=sim|one_way=True|policy=replan|robots=10|seed=12|width=2,2,True,10,ALO,replan,12,True,846.1060813749104,5182,3940,967.45,310,84,133,62,9782.18
algo=ALO|exp=sim|one_way=True|policy=replan|robots=10|seed=13|width=2,2,True,10,ALO,replan,13,True,724.0,5112,4046,540.47,213,58,66,32,9783.12
algo=Hybrid|exp=sim|one_way=True|policy=wait|robots=10|seed=0|width=2,2,True,10,Hybrid,wait,0,True,619.0,4318,3664,586.4,210,25,68,35,24.84
algo=ALO|exp=sim|one_way=True|policy=replan|robots=10|seed=14|width=2,2,True,10,ALO,replan,14,False,inf,8776,4072,5354.07,1825,1693,871,19,9711.79
algo=Hybrid|exp=sim|one_way=True|policy=wait|robots=10|seed=1|width=2,2,True,10,Hybrid,wait,1,True,556.9020149159333,4250,3722,552.01,206,24,68,38,22.67
algo=Hybrid|exp=sim|one_way=True|policy=wait|robots=10|seed=3|width=2,2,True,10,Hybrid,wait,3,True,574.0,3972,3524,359.18,154,20,39,13,25.73
algo=Hybrid|exp=sim|one_way=True|policy=wait|robots=10|seed=2|width=2,2,True,10,Hybrid,wait,2,True,716.0,4576,3796,699.54,248,30,87,48,28.49
algo=Hybrid|exp=sim|one_way=True|policy=wait|robots=10|seed=4|width=2,2,True,10,Hybrid,wait,4,True,700.0,4406,3796,458.48,178,21,59,31,24.16
algo=Hybrid|exp=sim|one_way=True|policy=wait|robots=10|seed=5|width=2,2,True,10,Hybrid,wait,5,True,555.0,4050,3558,396.51,167,19,43,21,25.87
algo=Hybrid|exp=sim|one_way=True|policy=wait|robots=10|seed=7|width=2,2,True,10,Hybrid,wait,7,True,691.0,4292,3776,522.19,199,26,63,31,25.88
algo=Hybrid|exp=sim|one_way=True|policy=wait|robots=10|seed=6|width=2,2,True,10,Hybrid,wait,6,True,635.0,4506,3836,545.09,218,33,59,22,25.3
algo=Hybrid|exp=sim|one_way=True|policy=wait|robots=10|seed=9|width=2,2,True,10,Hybrid,wait,9,True,576.0,4194,3696,438.78,175,22,47,20,25.5
algo=Hybrid|exp=sim|one_way=True|policy=wait|robots=10|seed=8|width=2,2,True,10,Hybrid,wait,8,True,680.0,4638,3756,703.45,225,33,86,34,29.89
algo=Hybrid|exp=sim|one_way=True|policy=wait|robots=10|seed=10|width=2,2,True,10,Hybrid,wait,10,True,635.0,4420,3628,698.92,255,30,83,43,24.35
algo=Hybrid|exp=sim|one_way=True|policy=wait|robots=10|seed=11|width=2,2,True,10,Hybrid,wait,11,True,642.0,4522,3756,681.67,262,31,81,43,27.94
algo=Hybrid|exp=sim|one_way=True|policy=wait|robots=10|seed=12|width=2,2,True,10,Hybrid,wait,12,True,679.0,4460,3668,648.77,245,25,80,47,24.24
algo=Hybrid|exp=sim|one_way=True|policy=wait|robots=10|seed=13|width=2,2,True,10,Hybrid,wait,13,True,633.4362694227393,4536,3748,561.41,204,33,74,29,22.83
algo=Hybrid|exp=sim|one_way=True|policy=wait|robots=10|seed=14|width=2,2,True,10,Hybrid,wait,14,True,703.0,4886,3726,751.17,266,49,99,42,25.11
algo=Hybrid|exp=sim|one_way=True|policy=wait|robots=10|seed=15|width=2,2,True,10,Hybrid,wait,15,True,608.0,4432,3654,464.57,170,25,56,27,24.83
algo=Hybrid|exp=sim|one_way=True|policy=wait|robots=10|seed=16|width=2,2,True,10,Hybrid,wait,16,True,642.1560420781007,4250,3612,616.52,207,24,72,35,26.26
algo=Hybrid|exp=sim|one_way=True|policy=wait|robots=10|seed=17|width=2,2,True,10,Hybrid,wait,17,True,617.0,4380,3666,609.82,225,25,81,50,24.92
algo=Hybrid|exp=sim|one_way=True|policy=wait|robots=10|seed=18|width=2,2,True,10,Hybrid,wait,18,True,564.0,4122,3480,513.83,197,36,67,24,25.35
algo=Hybrid|exp=sim|one_way=True|policy=wait|robots=10|seed=19|width=2,2,True,10,Hybrid,wait,19,True,678.0,4300,3766,542.06,217,19,59,36,24.61
algo=Hybrid|exp=sim|one_way=True|policy=replan|robots=10|seed=0|width=2,2,True,10,Hybrid,replan,0,True,675.0,4676,3664,530.13,223,56,62,34,25.84
algo=Hybrid|exp=sim|one_way=True|policy=replan|robots=10|seed=1|width=2,2,True,10,Hybrid,replan,1,True,610.0,4464,3722,400.39,167,48,53,24,22.37
algo=Hybrid|exp=sim|one_way=True|policy=replan|robots=10|seed=2|width=2,2,True,10,Hybrid,replan,2,True,645.0,4670,3796,559.26,229,43,63,32,27.83
algo=Hybrid|exp=sim|one_way=True|policy=replan|robots=10|seed=3|width=2,2,True,10,Hybrid,replan,3,True,640.0,4492,3524,539.24,219,67,64,25,26.52
algo=Hybrid|exp=sim|one_way=True|policy=replan|robots=10|seed=5|width=2,2,True,10,Hybrid,replan,5,True,566.0,4152,3558,416.23,181,36,45,23,25.46
algo=Hybrid|exp=sim|one_way=True|policy=replan|robots=10|seed=4|width=2,2,True,10,Hybrid,replan,4,True,741.0,4690,3796,524.53,226,50,59,28,24.25
algo=Hybrid|exp=sim|one_way=True|policy=replan|robots=10|seed=6|width=2,2,True,10,Hybrid,replan,6,True,604.0,4452,3836,589.95,238,37,63,37,24.79
algo=Hybrid|exp=sim|one_way=True|policy=replan|robots=10|seed=7|width=2,2,True,10,Hybrid,replan,7,True,605.0,4488,3776,425.43,167,42,48,24,26.14
algo=Hybrid|exp=sim|one_way=True|policy=replan|robots=10|seed=8|width=2,2,True,10,Hybrid,replan,8,True,710.0,4674,3756,585.08,223,48,70,34,28.51
algo=Hybrid|exp=sim|one_way=True|policy=replan|robots=10|seed=9|width=2,2,True,10,Hybrid,replan,9,True,719.9822149575714,4916,3696,877.52,287,60,113,60,25.65
algo=Hybrid|exp=sim|one_way=True|policy=replan|robots=10|seed=10|width=2,2,True,10,Hybrid,replan,10,True,648.2605851891898,4584,3628,682.3,236,65,89,32,27.21
algo=Hybrid|exp=sim|one_way=True|policy=replan|robots=10|seed=11|width=2,2,True,10,Hybrid,replan,11,True,597.0,4378,3756,503.38,209,36,53,31,27.79
algo=Hybrid|exp=sim|one_way=True|policy=replan|robots=10|seed=12|width=2,2,True,10,Hybrid,replan,12,True,631.0,4372,3668,552.5,218,44,65,36,24.85
algo=Hybrid|exp=sim|one_way=True|policy=replan|robots=10|seed=13|width=2,2,True,10,Hybrid,replan,13,True,638.0,4642,3748,569.73,212,50,76,43,22.86
algo=Hybrid|exp=sim|one_way=True|policy=replan|robots=10|seed=14|width=2,2,True,10,Hybrid,replan,14,True,702.0,4972,3726,674.9,265,73,85,39,25.86
algo=Hybrid|exp=sim|one_way=True|policy=replan|robots=10|seed=15|width=2,2,True,10,Hybrid,replan,15,True,632.0,4616,3654,406.39,165,52,49,22,24.56
algo=ALO|exp=sim|one_way=True|policy=replan|robots=10|seed=15|width=2,2,True,10,ALO,replan,15,True,666.5448786799088,4832,3976,505.75,202,57,57,21,9871.3
algo=Hybrid|exp=sim|one_way=True|policy=replan|robots=10|seed=17|width=2,2,True,10,Hybrid,replan,17,True,669.0,4484,3666,589.34,242,83,72,29,24.99
algo=Hybrid|exp=sim|one_way=True|policy=replan|robots=10|seed=16|width=2,2,True,10,Hybrid,replan,16,True,698.5845452104822,4630,3612,819.43,302,83,85,39,26.88
algo=ALO|exp=sim|one_way=True|policy=replan|robots=10|seed=16|width=2,2,True,10,ALO,replan,16,True,720.0,4942,3974,568.81,238,62,66,32,9884.87
algo=ALO|exp=sim|one_way=True|policy=replan|robots=10|seed=17|width=2,2,True,10,ALO,replan,17,True,745.0,4970,3998,627.06,249,78,79,36,9808.58
algo=Hybrid|exp=sim|one_way=True|policy=replan|robots=10|seed=18|width=2,2,True,10,Hybrid,replan,18,True,594.0,4284,3480,615.92,235,48,69,41,27.01
algo=Hybrid|exp=sim|one_way=True|policy=replan|robots=10|seed=19|width=2,2,True,10,Hybrid,replan,19,True,701.0,4832,3766,544.02,230,68,55,23,24.69
algo=ALO|exp=sim|one_way=True|policy=replan|robots=10|seed=18|width=2,2,True,10,ALO,replan,18,True,775.0,5132,3882,927.89,317,85,117,52,9925.77
algo=ALO|exp=sim|one_way=True|policy=replan|robots=10|seed=19|width=2,2,True,10,ALO,replan,19,True,793.0,4888,4034,902.39,334,88,97,46,9901.62
algo=HeldKarp|exp=sim|one_way=True|policy=wait|robots=15|seed=0|width=2,2,True,15,HeldKarp,wait,0,True,859.4167001441643,6668,5442,2396.37,708,32,297,194,102.07
algo=HeldKarp|exp=sim|one_way=True|policy=wait|robots=15|seed=2|width=2,2,True,15,HeldKarp,wait,2,True,752.1678010506191,7114,5568,2280.88,726,44,281,174,102.31
algo=HeldKarp|exp=sim|one_way=True|policy=wait|robots=15|seed=1|width=2,2,True,15,HeldKarp,wait,1,True,837.5509469550414,7166,5522,2333.47,651,50,325,182,106.38
algo=HeldKarp|exp=sim|one_way=True|policy=wait|robots=15|seed=3|width=2,2,True,15,HeldKarp,wait,3,True,825.0,6742,5308,1578.99,530,49,192,105,102.32
algo=HeldKarp|exp=sim|one_way=True|policy=wait|robots=15|seed=4|width=2,2,True,15,HeldKarp,wait,4,True,844.8972693555913,7092,5638,2246.97,670,36,289,189,113.66
algo=HeldKarp|exp=sim|one_way=True|policy=wait|robots=15|seed=5|width=2,2,True,15,HeldKarp,wait,5,True,823.791028382754,6650,5350,2704.78,621,47,388,182,112.95
algo=HeldKarp|exp=sim|one_way=True|policy=wait|robots=15|seed=6|width=2,2,True,15,HeldKarp,wait,6,True,788.5392028044938,7014,5490,1828.27,585,54,225,130,141.87
algo=HeldKarp|exp=sim|one_way=True|policy=wait|robots=15|seed=7|width=2,2,True,15,HeldKarp,wait,7,True,792.0,6658,5566,1830.06,603,39,234,147,102.55
algo=HeldKarp|exp=sim|one_way=True|policy=wait|robots=15|seed=9|width=2,2,True,15,HeldKarp,wait,9,True,709.0,6666,5490,1461.85,513,38,163,102,101.49
algo=HeldKarp|exp=sim|one_way=True|policy=wait|robots=15|seed=8|width=2,2,True,15,HeldKarp,wait,8,True,801.2822990498238,7194,5582,2611.03,694,40,362,212,100.11
algo=HeldKarp|exp=sim|one_way=True|policy=wait|robots=15|seed=10|width=2,2,True,15,HeldKarp,wait,10,True,782.5282874614622,6630,5326,1744.59,589,34,205,135,101.98
algo=HeldKarp|exp=sim|one_way=True|policy=wait|robots=15|seed=11|width=2,2,True,15,HeldKarp,wait,11,True,721.530854190753,6938,5652,2118.55,532,45,289,121,104.92
algo=HeldKarp|exp=sim|one_way=True|policy=wait|robots=15|seed=12|width=2,2,True,15,HeldKarp,wait,12,True,842.5499576990474,6896,5548,1969.67,612,35,231,137,103.27
algo=HeldKarp|exp=sim|one_way=True|policy=wait|robots=15|seed=13|width=2,2,True,15,HeldKarp,wait,13,True,688.0,6572,5520,1708.09,576,32,205,132,106.59
algo=HeldKarp|exp=sim|one_way=True|policy=wait|robots=15|seed=14|width=2,2,True,15,HeldKarp,wait,14,True,687.192804703144,6868,5442,1659.38,557,43,213,122,101.14
algo=HeldKarp|exp=sim|one_way=True|policy=wait|robots=15|seed=15|width=2,2,True,15,HeldKarp,wait,15,True,738.0,6756,5358,1990.17,615,42,249,147,100.75
algo=HeldKarp|exp=sim|one_way=True|policy=wait|robots=15|seed=16|width=2,2,True,15,HeldKarp,wait,16,True,730.505362472135,6754,5426,1754.18,560,41,224,143,112.7
algo=HeldKarp|exp=sim|one_way=True|policy=wait|robots=15|seed=17|width=2,2,True,15,HeldKarp,wait,17,True,782.6488317926207,6782,5470,1996.63,572,38,266,148,101.24
algo=HeldKarp|exp=sim|one_way=True|policy=wait|robots=15|seed=18|width=2,2,True,15,HeldKarp,wait,18,True,772.7170937814928,6800,5306,2700.85,638,36,374,185,103.03
algo=HeldKarp|exp=sim|one_way=True|policy=wait|robots=15|seed=19|width=2,2,True,15,HeldKarp,wait,19,True,862.4675492006845,6974,5572,2633.07,664,47,363,168,126.77
algo=HeldKarp|exp=sim|one_way=True|policy=replan|robots=15|seed=0|width=2,2,True,15,HeldKarp,replan,0,True,772.0,6930,5442,2223.96,628,87,294,147,102.46
algo=HeldKarp|exp=sim|one_way=True|policy=replan|robots=15|seed=1|width=2,2,True,15,HeldKarp,replan,1,True,739.2150316144271,7076,5522,1813.34,656,76,223,154,102.34
algo=HeldKarp|exp=sim|one_way=True|policy=replan|robots=15|seed=3|width=2,2,True,15,HeldKarp,replan,3,True,733.2253333145654,6528,5308,1599.19,551,91,184,110,103.49
algo=HeldKarp|exp=sim|one_way=True|policy=replan|robots=15|seed=2|width=2,2,True,15,HeldKarp,replan,2,True,806.0,7346,5568,2177.56,693,88,269,181,104.27
algo=HeldKarp|exp=sim|one_way=True|policy=replan|robots=15|seed=4|width=2,2,True,15,HeldKarp,replan,4,True,761.3549318836357,7042,5638,1947.69,588,113,247,120,117.21
algo=HeldKarp|exp=sim|one_way=True|policy=replan|robots=15|seed=5|width=2,2,True,15,HeldKarp,replan,5,True,833.0,7108,5350,1589.12,569,85,197,135,103.53
algo=HeldKarp|exp=sim|one_way=True|policy=replan|robots=15|seed=7|width=2,2,True,15,HeldKarp,replan,7,True,775.0950468926646,6912,5566,1517.13,517,72,191,113,104.86
algo=HeldKarp|exp=sim|one_way=True|policy=replan|robots=15|seed=6|width=2,2,True,15,HeldKarp,replan,6,True,718.0,7210,5490,1637.5,557,87,215,130,104.77
algo=HeldKarp|exp=sim|one_way=True|policy=replan|robots=15|seed=8|width=2,2,True,15,HeldKarp,replan,8,True,803.7374668220311,7458,5582,2017.68,640,87,269,163,113.48
algo=HeldKarp|exp=sim|one_way=True|policy=replan|robots=15|seed=9|width=2,2,True,15,HeldKarp,replan,9,True,791.6154286556045,6978,5490,1830.94,598,70,227,131,104.19
algo=HeldKarp|exp=sim|one_way=True|policy=replan|robots=15|seed=10|width=2,2,True,15,HeldKarp,replan,10,True,845.5977614136514,7360,5326,2373.93,656,96,340,188,102.68
algo=HeldKarp|exp=sim|one_way=True|policy=replan|robots=15|seed=11|width=2,2,True,15,HeldKarp,replan,11,True,820.6343743863285,7406,5652,2141.47,614,78,299,168,103.47
algo=HeldKarp|exp=sim|one_way=True|policy=replan|robots=15|seed=12|width=2,2,True,15,HeldKarp,replan,12,True,749.1183346890394,7046,5548,1523.89,557,85,182,122,104.49
algo=HeldKarp|exp=sim|one_way=True|policy=replan|robots=15|seed=13|width=2,2,True,15,HeldKarp,replan,13,True,756.0,7144,5520,1805.47,633,95,203,123,102.03
algo=HeldKarp|exp=sim|one_way=True|policy=replan|robots=15|seed=14|width=2,2,True,15,HeldKarp,replan,14,True,800.4612091041424,7410,5442,2198.24,670,94,283,158,102.39
algo=HeldKarp|exp=sim|one_way=True|policy=replan|robots=15|seed=15|width=2,2,True,15,HeldKarp,replan,15,True,824.1259259473161,6872,5358,1663.48,617,72,185,131,100.55
algo=HeldKarp|exp=sim|one_way=True|policy=replan|robots=15|seed=16|width=2,2,True,15,HeldKarp,replan,16,True,769.0,7116,5426,1523.46,538,88,197,134,101.76
algo=HeldKarp|exp=sim|one_way=True|policy=replan|robots=15|seed=17|width=2,2,True,15,HeldKarp,replan,17,True,803.1554435225311,6978,5470,1930.92,669,90,205,141,102.48
algo=HeldKarp|exp=sim|one_way=True|policy=replan|robots=15|seed=18|width=2,2,True,15,HeldKarp,replan,18,True,806.9066340411615,7342,5306,2419.15,619,90,339,165,102.68
algo=HeldKarp|exp=sim|one_way=True|policy=replan|robots=15|seed=19|width=2,2,True,15,HeldKarp,replan,19,True,733.0,7412,5572,1750.28,607,115,206,112,111.33
algo=NN|exp=sim|one_way=True|policy=wait|robots=15|seed=1|width=2,2,True,15,NN,wait,1,True,719.0,7022,5818,1872.34,618,35,222,147,1.05
algo=NN|exp=sim|one_way=True|policy=wait|robots=15|seed=0|width=2,2,True,15,NN,wait,0,True,1005.7435275149641,7862,5726,2868.47,771,64,417,217,1.02
algo=NN|exp=sim|one_way=True|policy=wait|robots=15|seed=2|width=2,2,True,15,NN,wait,2,True,907.0109751668003,7432,5878,2489.59,646,47,324,155,1.06
algo=NN|exp=sim|one_way=True|policy=wait|robots=15|seed=4|width=2,2,True,15,NN,wait,4,True,926.7247761834376,7822,6000,3243.94,745,58,491,238,1.13
algo=NN|exp=sim|one_way=True|policy=wait|robots=15|seed=5|width=2,2,True,15,NN,wait,5,True,829.087958168986,7428,5710,2378.56,717,50,295,151,1.12
algo=NN|exp=sim|one_way=True|policy=wait|robots=15|seed=8|width=2,2,True,15,NN,wait,8,True,896.3245597986416,7546,5902,1928.67,591,53,240,130,1.09
algo=NN|exp=sim|one_way=True|policy=wait|robots=15|seed=7|width=2,2,True,15,NN,wait,7,True,821.8364636437943,7482,5972,2701.98,777,35,349,217,1.18
algo=NN|exp=sim|one_way=True|policy=wait|robots=15|seed=9|width=2,2,True,15,NN,wait,9,True,896.0,7908,5898,2498.36,784,54,324,209,1.14
algo=NN|exp=sim|one_way=True|policy=wait|robots=15|seed=10|width=2,2,True,15,NN,wait,10,True,825.5294871499298,7114,5644,2184.41,690,60,273,150,1.09
algo=NN|exp=sim|one_way=True|policy=wait|robots=15|seed=11|width=2,2,True,15,NN,wait,11,True,860.3543633131158,7406,5920,2561.91,680,44,329,173,1.14
algo=NN|exp=sim|one_way=True|policy=wait|robots=15|seed=13|width=2,2,True,15,NN,wait,13,True,903.0,7426,5688,2683.13,819,49,333,211,1.23
algo=NN|exp=sim|one_way=True|policy=wait|robots=15|seed=12|width=2,2,True,15,NN,wait,12,True,956.2311790238709,7710,5824,3652.99,818,56,504,229,1.72
algo=NN|exp=sim|one_way=True|policy=wait|robots=15|seed=14|width=2,2,True,15,NN,wait,14,True,983.9054236570719,7580,5754,2956.7,827,56,390,234,1.19
algo=NN|exp=sim|one_way=True|policy=wait|robots=15|seed=3|width=2,2,True,15,NN,wait,3,False,inf,9997,4592,54873.53,3220,28,10541,2836,0.86
algo=NN|exp=sim|one_way=True|policy=wait|robots=15|seed=16|width=2,2,True,15,NN,wait,16,True,820.0,7342,5672,2424.49,757,61,317,189,1.13
algo=NN|exp=sim|one_way=True|policy=wait|robots=15|seed=18|width=2,2,True,15,NN,wait,18,True,746.0,6972,5520,1961.3,611,49,244,150,1.15
algo=NN|exp=sim|one_way=True|policy=wait|robots=15|seed=17|width=2,2,True,15,NN,wait,17,True,844.7521717003739,7414,5822,2592.04,718,51,339,175,1.16
algo=NN|exp=sim|one_way=True|policy=wait|robots=15|seed=6|width=2,2,True,15,NN,wait,6,False,inf,8977,5428,45091.85,2060,36,7369,1582,1.06
algo=NN|exp=sim|one_way=True|policy=wait|robots=15|seed=19|width=2,2,True,15,NN,wait,19,True,901.5571877561381,7672,5868,3228.51,782,42,450,238,1.13
algo=NN|exp=sim|one_way=True|policy=replan|robots=15|seed=0|width=2,2,True,15,NN,replan,0,True,833.2456312112281,8194,5726,2219.29,798,110,261,180,1.04
algo=NN|exp=sim|one_way=True|policy=replan|robots=15|seed=1|width=2,2,True,15,NN,replan,1,True,767.2231313597347,7396,5818,1664.24,614,70,177,124,1.08
algo=NN|exp=sim|one_way=True|policy=replan|robots=15|seed=2|width=2,2,True,15,NN,replan,2,True,806.3159044862384,7740,5878,2074.9,705,107,247,157,1.07
algo=NN|exp=sim|one_way=True|policy=replan|robots=15|seed=3|width=2,2,True,15,NN,replan,3,True,1002.0,7752,5602,2374.39,763,107,308,186,1.08
algo=NN|exp=sim|one_way=True|policy=replan|robots=15|seed=5|width=2,2,True,15,NN,replan,5,True,918.9879876272055,7850,5710,2461.44,783,101,282,182,1.14
algo=NN|exp=sim|one_way=True|policy=replan|robots=15|seed=4|width=2,2,True,15,NN,replan,4,True,897.0,8248,6000,2531.18,796,143,329,192,1.19
algo=NN|exp=sim|one_way=True|policy=wait|robots=15|seed=15|width=2,2,True,15,NN,wait,15,False,inf,9528,5078,37240.26,2191,47,6673,1643,0.97
algo=NN|exp=sim|one_way=True|policy=replan|robots=15|seed=7|width=2,2,True,15,NN,replan,7,True,846.9186694071761,7720,5972,2201.9,743,127,267,165,1.11
algo=NN|exp=sim|one_way=True|policy=replan|robots=15|seed=8|width=2,2,True,15,NN,replan,8,True,870.3314277353044,7898,5902,2262.49,718,107,284,179,1.17
algo=NN|exp=sim|one_way=True|policy=replan|robots=15|seed=9|width=2,2,True,15,NN,replan,9,True,864.0114978219701,7594,5898,3096.56,666,97,443,167,1.08
algo=NN|exp=sim|one_way=True|policy=replan|robots=15|seed=10|width=2,2,True,15,NN,replan,10,True,803.1911125706133,7464,5644,2075.94,694,102,260,163,1.25
algo=NN|exp=sim|one_way=True|policy=replan|robots=15|seed=11|width=2,2,True,15,NN,replan,11,True,902.1849882933532,7808,5920,2348.04,783,109,284,181,1.17
algo=NN|exp=sim|one_way=True|policy=replan|robots=15|seed=12|width=2,2,True,15,NN,replan,12,True,838.5406329185995,7432,5824,1876.71,620,95,224,137,1.09
algo=NN|exp=sim|one_way=True|policy=replan|robots=15|seed=13|width=2,2,True,15,NN,replan,13,True,707.0,7076,5688,1464.18,528,79,158,102,1.25
algo=NN|exp=sim|one_way=True|policy=replan|robots=15|seed=15|width=2,2,True,15,NN,replan,15,True,868.3581998897295,7464,5584,2053.89,682,103,242,129,1.11
algo=NN|exp=sim|one_way=True|policy=replan|robots=15|seed=16|width=2,2,True,15,NN,replan,16,True,786.1737544086434,7584,5672,1780.02,643,105,215,146,1.09
algo=NN|exp=sim|one_way=True|policy=replan|robots=15|seed=17|width=2,2,True,15,NN,replan,17,True,813.9286877455521,7470,5822,2619.94,734,84,347,171,1.01
algo=NN|exp=sim|one_way=True|policy=replan|robots=15|seed=18|width=2,2,True,15,NN,replan,18,True,913.0,7438,5520,2313.45,643,105,313,157,1.04
algo=NN|exp=sim|one_way=True|policy=replan|robots=15|seed=19|width=2,2,True,15,NN,replan,19,True,803.3429579817622,7652,5868,2212.58,714,101,262,154,1.04
algo=NN2opt|exp=sim|one_way=True|policy=wait|robots=15|seed=0|width=2,2,True,15,NN2opt,wait,0,True,855.0,7226,5596,2605.57,670,43,376,187,6.2
algo=NN2opt|exp=sim|one_way=True|policy=wait|robots=15|seed=2|width=2,2,True,15,NN2opt,wait,2,True,795.0,7232,5768,2094.16,677,50,248,145,5.75
algo=NN2opt|exp=sim|one_way=True|policy=wait|robots=15|seed=3|width=2,2,True,15,NN2opt,wait,3,True,857.0,6864,5478,2463.02,745,41,313,185,6.15
algo=NN2opt|exp=sim|one_way=True|policy=wait|robots=15|seed=4|width=2,2,True,15,NN2opt,wait,4,True,802.0,7474,5838,2306.29,671,53,299,164,6.2
algo=NN2opt|exp=sim|one_way=True|policy=wait|robots=15|seed=5|width=2,2,True,15,NN2opt,wait,5,True,815.7030831071867,7170,5630,1887.84,631,42,218,137,5.87
algo=NN2opt|exp=sim|one_way=True|policy=wait|robots=15|seed=6|width=2,2,True,15,NN2opt,wait,6,True,790.2377131101234,7130,5710,2286.32,681,43,292,174,6.6
algo=NN2opt|exp=sim|one_way=True|policy=wait|robots=15|seed=7|width=2,2,True,15,NN2opt,wait,7,True,731.0,7298,5854,1789.74,614,47,221,142,5.95
algo=NN2opt|exp=sim|one_way=True|policy=wait|robots=15|seed=8|width=2,2,True,15,NN2opt,wait,8,True,784.4695491399433,7108,5778,1695.38,595,37,199,139,6.11
algo=NN2opt|exp=sim|one_way=True|policy=wait|robots=15|seed=9|width=2,2,True,15,NN2opt,wait,9,True,939.7724027772588,7554,5804,3251.38,698,44,455,204,6.5
algo=NN2opt|exp=sim|one_way=True|policy=wait|robots=15|seed=10|width=2,2,True,15,NN2opt,wait,10,True,805.0363985086974,6998,5548,2038.37,663,46,260,153,6.03
algo=NN|exp=sim|one_way=True|policy=replan|robots=15|seed=6|width=2,2,True,15,NN,replan,6,False,inf,6341,2190,57300.99,2421,22,11147,2254,0.43
algo=NN2opt|exp=sim|one_way=True|policy=wait|robots=15|seed=11|width=2,2,True,15,NN2opt,wait,11,True,887.5308468428394,7278,5852,3002.79,729,55,411,191,21.65
algo=NN2opt|exp=sim|one_way=True|policy=wait|robots=15|seed=12|width=2,2,True,15,NN2opt,wait,12,True,793.1146555158015,7336,5712,2456.77,654,46,354,180,6.01
algo=NN2opt|exp=sim|one_way=True|policy=wait|robots=15|seed=1|width=2,2,True,15,NN2opt,wait,1,False,inf,9677,4436,55283.97,3020,23,10371,2724,4.92
algo=NN2opt|exp=sim|one_way=True|policy=wait|robots=15|seed=13|width=2,2,True,15,NN2opt,wait,13,True,880.6834928681737,7376,5646,2957.94,754,50,407,212,5.72
algo=NN2opt|exp=sim|one_way=True|policy=wait|robots=15|seed=14|width=2,2,True,15,NN2opt,wait,14,True,864.8857295277103,7554,5694,3067.18,757,57,434,212,5.61
algo=NN2opt|exp=sim|one_way=True|policy=wait|robots=15|seed=15|width=2,2,True,15,NN2opt,wait,15,True,859.64024384091,7178,5566,2863.75,788,51,380,216,5.62
algo=NN2opt|exp=sim|one_way=True|policy=wait|robots=15|seed=16|width=2,2,True,15,NN2opt,wait,16,True,775.886278995964,7146,5596,2219.54,639,57,273,132,5.6
algo=NN2opt|exp=sim|one_way=True|policy=wait|robots=15|seed=17|width=2,2,True,15,NN2opt,wait,17,True,872.9175524460729,7340,5694,2880.67,826,42,370,224,5.94
algo=NN2opt|exp=sim|one_way=True|policy=wait|robots=15|seed=18|width=2,2,True,15,NN2opt,wait,18,True,848.22914316204,7064,5502,2587.87,637,40,336,161,5.33
algo=NN2opt|exp=sim|one_way=True|policy=wait|robots=15|seed=19|width=2,2,True,15,NN2opt,wait,19,True,824.7839657517712,7470,5782,2510.82,701,49,343,198,5.89
algo=NN2opt|exp=sim|one_way=True|policy=replan|robots=15|seed=0|width=2,2,True,15,NN2opt,replan,0,True,789.3318511935568,6930,5596,1500.94,546,77,162,97,6.06
algo=NN2opt|exp=sim|one_way=True|policy=replan|robots=15|seed=1|width=2,2,True,15,NN2opt,replan,1,True,759.0061210525223,6814,5700,1230.84,476,58,128,79,6.33
algo=NN|exp=sim|one_way=True|policy=replan|robots=15|seed=14|width=2,2,True,15,NN,replan,14,False,inf,6510,2080,57511.64,2626,13,11154,2510,0.39
algo=NN2opt|exp=sim|one_way=True|policy=replan|robots=15|seed=2|width=2,2,True,15,NN2opt,replan,2,True,869.9903323800085,7666,5768,2323.82,710,90,303,158,5.97
algo=NN2opt|exp=sim|one_way=True|policy=replan|robots=15|seed=3|width=2,2,True,15,NN2opt,replan,3,True,824.0,7082,5478,1878.32,655,92,196,128,6.01
algo=NN2opt|exp=sim|one_way=True|policy=replan|robots=15|seed=4|width=2,2,True,15,NN2opt,replan,4,True,828.0,7642,5838,2115.62,633,78,271,153,6.28
algo=NN2opt|exp=sim|one_way=True|policy=replan|robots=15|seed=5|width=2,2,True,15,NN2opt,replan,5,True,845.0249435229726,7550,5630,2529.21,684,92,333,183,5.83
algo=NN2opt|exp=sim|one_way=True|policy=replan|robots=15|seed=6|width=2,2,True,15,NN2opt,replan,6,True,858.0,7532,5710,2213.21,733,111,265,156,6.66
algo=NN2opt|exp=sim|one_way=True|policy=replan|robots=15|seed=7|width=2,2,True,15,NN2opt,replan,7,True,891.9841571004788,7902,5854,2132.19,730,120,237,140,6.04
algo=NN2opt|exp=sim|one_way=True|policy=replan|robots=15|seed=8|width=2,2,True,15,NN2opt,replan,8,True,809.6737382337992,7194,5778,1636.41,545,64,208,139,6.16
algo=NN2opt|exp=sim|one_way=True|policy=replan|robots=15|seed=10|width=2,2,True,15,NN2opt,replan,10,True,789.6244408225099,6828,5548,1936.44,660,80,234,159,6.35
algo=NN2opt|exp=sim|one_way=True|policy=replan|robots=15|seed=11|width=2,2,True,15,NN2opt,replan,11,True,1017.0,7778,5852,1757.44,658,108,206,125,6.46
algo=NN2opt|exp=sim|one_way=True|policy=replan|robots=15|seed=12|width=2,2,True,15,NN2opt,replan,12,True,786.7524297237944,7598,5712,1497.51,564,96,175,113,5.98
algo=NN2opt|exp=sim|one_way=True|policy=replan|robots=15|seed=13|width=2,2,True,15,NN2opt,replan,13,True,824.0,7406,5646,2023.52,678,108,255,158,6.03
algo=NN2opt|exp=sim|one_way=True|policy=replan|robots=15|seed=15|width=2,2,True,15,NN2opt,replan,15,True,884.9330429630459,7450,5566,3204.03,745,104,450,201,5.63
algo=NN2opt|exp=sim|one_way=True|policy=replan|robots=15|seed=16|width=2,2,True,15,NN2opt,replan,16,True,710.0951116261281,7054,5596,1717.36,575,81,211,127,5.95
algo=NN2opt|exp=sim|one_way=True|policy=replan|robots=15|seed=17|width=2,2,True,15,NN2opt,replan,17,True,861.203111000921,7530,5694,2557.99,763,115,317,187,6.0
algo=NN2opt|exp=sim|one_way=True|policy=replan|robots=15|seed=18|width=2,2,True,15,NN2opt,replan,18,True,828.0,7190,5502,2233.22,654,123,310,151,5.34
algo=NN2opt|exp=sim|one_way=True|policy=replan|robots=15|seed=19|width=2,2,True,15,NN2opt,replan,19,True,940.3004742387782,7630,5782,3366.21,785,107,486,242,5.71
algo=NN2opt|exp=sim|one_way=True|policy=replan|robots=15|seed=9|width=2,2,True,15,NN2opt,replan,9,False,inf,10142,5506,25548.24,2346,83,5084,1840,6.09
algo=NN2opt|exp=sim|one_way=True|policy=replan|robots=15|seed=14|width=2,2,True,15,NN2opt,replan,14,False,inf,8755,3708,55703.75,2804,42,10546,2466,3.65
algo=GA|exp=sim|one_way=True|policy=wait|robots=15|seed=1|width=2,2,True,15,GA,wait,1,True,709.0,6906,5566,1782.46,575,36,194,114,17223.7
algo=GA|exp=sim|one_way=True|policy=wait|robots=15|seed=2|width=2,2,True,15,GA,wait,2,True,761.0,7032,5652,1601.23,560,41,186,118,17105.3
algo=GA|exp=sim|one_way=True|policy=wait|robots=15|seed=0|width=2,2,True,15,GA,wait,0,True,756.7456931357196,6660,5476,1526.71,499,47,178,91,17433.84
algo=GA|exp=sim|one_way=True|policy=wait|robots=15|seed=3|width=2,2,True,15,GA,wait,3,True,808.2722142314752,6896,5344,2715.19,647,39,386,185,17337.65
algo=GA|exp=sim|one_way=True|policy=wait|robots=15|seed=4|width=2,2,True,15,GA,wait,4,True,898.4166250248555,7572,5730,2764.13,790,56,361,208,17185.95
algo=GA|exp=sim|one_way=True|policy=wait|robots=15|seed=5|width=2,2,True,15,GA,wait,5,True,737.0,6698,5410,1763.83,629,40,208,147,17399.37
algo=GA|exp=sim|one_way=True|policy=wait|robots=15|seed=6|width=2,2,True,15,GA,wait,6,True,757.8528548015177,6806,5542,1773.3,572,33,220,132,17430.81
algo=GA|exp=sim|one_way=True|policy=wait|robots=15|seed=7|width=2,2,True,15,GA,wait,7,True,713.7971928010681,6828,5634,1825.47,604,31,220,143,17084.42
algo=GA|exp=sim|one_way=True|policy=wait|robots=15|seed=8|width=2,2,True,15,GA,wait,8,True,773.6967606818351,6744,5630,1934.86,501,48,257,115,17059.71
algo=GA|exp=sim|one_way=True|policy=wait|robots=15|seed=9|width=2,2,True,15,GA,wait,9,True,789.1977508677994,7072,5556,2558.35,639,45,337,155,17156.23
algo=GA|exp=sim|one_way=True|policy=wait|robots=15|seed=10|width=2,2,True,15,GA,wait,10,True,784.0,6626,5442,2066.5,654,35,256,161,17015.03
algo=GA|exp=sim|one_way=True|policy=wait|robots=15|seed=11|width=2,2,True,15,GA,wait,11,True,782.7918129178234,7238,5694,1936.42,631,45,258,154,17034.31
algo=GA|exp=sim|one_way=True|policy=wait|robots=15|seed=12|width=2,2,True,15,GA,wait,12,True,777.9492047660117,7172,5590,1834.28,611,52,233,138,17097.83
algo=GA|exp=sim|one_way=True|policy=wait|robots=15|seed=13|width=2,2,True,15,GA,wait,13,True,850.8094453241185,7046,5544,2373.31,711,46,323,198,17100.72
algo=GA|exp=sim|one_way=True|policy=wait|robots=15|seed=15|width=2,2,True,15,GA,wait,15,True,774.8193649582654,7130,5398,2308.97,694,50,302,181,17128.21
algo=GA|exp=sim|one_way=True|policy=wait|robots=15|seed=16|width=2,2,True,15,GA,wait,16,True,770.840003473174,6856,5542,2053.14,565,44,274,149,17179.99
algo=GA|exp=sim|one_way=True|policy=wait|robots=15|seed=17|width=2,2,True,15,GA,wait,17,True,724.156170216447,6818,5534,1840.39,584,32,217,147,17091.29
algo=GA|exp=sim|one_way=True|policy=wait|robots=15|seed=18|width=2,2,True,15,GA,wait,18,True,720.0,6658,5362,1944.73,610,43,252,143,17098.38
algo=GA|exp=sim|one_way=True|policy=wait|robots=15|seed=14|width=2,2,True,15,GA,wait,14,False,inf,8337,5324,53186.46,1875,28,8222,1328,16397.84
algo=GA|exp=sim|one_way=True|policy=wait|robots=15|seed=19|width=2,2,True,15,GA,wait,19,True,973.8997613225029,7416,5630,2605.25,727,51,352,199,17104.68
algo=GA|exp=sim|one_way=True|policy=replan|robots=15|seed=0|width=2,2,True,15,GA,replan,0,True,831.0,7154,5476,1708.68,589,77,217,140,17161.22
algo=GA|exp=sim|one_way=True|policy=replan|robots=15|seed=1|width=2,2,True,15,GA,replan,1,True,904.0,7346,5566,2295.19,690,85,292,168,17238.47
algo=GA|exp=sim|one_way=True|policy=replan|robots=15|seed=2|width=2,2,True,15,GA,replan,2,True,808.0,7142,5652,2010.01,635,71,240,147,17404.99
algo=GA|exp=sim|one_way=True|policy=replan|robots=15|seed=4|width=2,2,True,15,GA,replan,4,True,847.0,7364,5730,1860.7,580,74,250,137,17229.37
algo=GA|exp=sim|one_way=True|policy=replan|robots=15|seed=3|width=2,2,True,15,GA,replan,3,True,748.0629868935828,7180,5344,1754.86,645,89,186,126,17351.11
algo=GA|exp=sim|one_way=True|policy=replan|robots=15|seed=5|width=2,2,True,15,GA,replan,5,True,766.6965114104681,7058,5410,1632.86,551,76,207,134,17341.0
algo=GA|exp=sim|one_way=True|policy=replan|robots=15|seed=6|width=2,2,True,15,GA,replan,6,True,825.5523225909782,7298,5542,2024.29,690,102,237,155,17448.91
algo=GA|exp=sim|one_way=True|policy=replan|robots=15|seed=7|width=2,2,True,15,GA,replan,7,True,833.5067331706059,7406,5634,2261.45,764,98,277,199,17194.86
algo=GA|exp=sim|one_way=True|policy=replan|robots=15|seed=8|width=2,2,True,15,GA,replan,8,True,876.0477765341444,7386,5630,2215.27,695,82,257,160,17112.51
algo=GA|exp=sim|one_way=True|policy=replan|robots=15|seed=9|width=2,2,True,15,GA,replan,9,True,761.684789667484,6800,5556,1615.15,521,54,188,114,17204.63
algo=GA|exp=sim|one_way=True|policy=replan|robots=15|seed=10|width=2,2,True,15,GA,replan,10,True,715.2944039989754,6594,5442,1371.7,516,60,151,91,17118.79
algo=GA|exp=sim|one_way=True|policy=replan|robots=15|seed=11|width=2,2,True,15,GA,replan,11,True,790.0,7460,5694,2021.91,646,86,236,149,17126.9
algo=GA|exp=sim|one_way=True|policy=replan|robots=15|seed=12|width=2,2,True,15,GA,replan,12,True,727.5756493410433,6944,5590,1662.18,502,80,213,99,17259.17
algo=GA|exp=sim|one_way=True|policy=replan|robots=15|seed=13|width=2,2,True,15,GA,replan,13,True,799.0,7362,5544,2059.46,624,88,270,139,17136.34
algo=GA|exp=sim|one_way=True|policy=replan|robots=15|seed=14|width=2,2,True,15,GA,replan,14,True,764.0,6984,5548,1722.99,613,67,174,119,17122.62
algo=ACO|exp=sim|one_way=True|policy=wait|robots=15|seed=0|width=2,2,True,15,ACO,wait,0,True,744.8457443225604,6786,5442,1983.06,525,39,273,132,2899.94
algo=ACO|exp=sim|one_way=True|policy=wait|robots=15|seed=1|width=2,2,True,15,ACO,wait,1,True,832.0484706632676,7034,5522,2599.99,698,52,356,189,2939.44
algo=ACO|exp=sim|one_way=True|policy=wait|robots=15|seed=2|width=2,2,True,15,ACO,wait,2,True,850.0,6832,5572,2863.74,768,38,359,220,2924.62
algo=ACO|exp=sim|one_way=True|policy=wait|robots=15|seed=3|width=2,2,True,15,ACO,wait,3,True,755.0,6744,5310,1921.95,591,32,237,149,2936.21
algo=ACO|exp=sim|one_way=True|policy=wait|robots=15|seed=4|width=2,2,True,15,ACO,wait,4,True,799.4285064217834,7024,5640,2637.83,642,44,352,159,2894.92
algo=ACO|exp=sim|one_way=True|policy=wait|robots=15|seed=5|width=2,2,True,15,ACO,wait,5,True,706.3578844711702,6706,5350,1775.79,585,32,214,142,2919.23
algo=ACO|exp=sim|one_way=True|policy=wait|robots=15|seed=6|width=2,2,True,15,ACO,wait,6,True,899.0,7404,5498,3411.63,852,50,494,266,2922.93
algo=ACO|exp=sim|one_way=True|policy=wait|robots=15|seed=7|width=2,2,True,15,ACO,wait,7,True,791.1708999380153,6946,5566,2495.89,751,33,338,203,2931.01
algo=GA|exp=sim|one_way=True|policy=replan|robots=15|seed=15|width=2,2,True,15,GA,replan,15,True,828.0,7770,5398,2196.46,748,138,273,161,17170.08
algo=GA|exp=sim|one_way=True|policy=replan|robots=15|seed=17|width=2,2,True,15,GA,replan,17,True,823.7441928583584,7488,5534,1846.26,645,111,209,128,17088.73
algo=GA|exp=sim|one_way=True|policy=replan|robots=15|seed=16|width=2,2,True,15,GA,replan,16,True,757.5611405317237,7000,5542,1889.45,636,76,231,154,17263.75
algo=GA|exp=sim|one_way=True|policy=replan|robots=15|seed=18|width=2,2,True,15,GA,replan,18,True,694.0,6582,5362,1402.63,481,60,159,89,17136.23
algo=GA|exp=sim|one_way=True|policy=replan|robots=15|seed=19|width=2,2,True,15,GA,replan,19,True,737.2860910595689,7124,5630,1924.64,613,87,241,141,17181.06
algo=ACO|exp=sim|one_way=True|policy=wait|robots=15|seed=8|width=2,2,True,15,ACO,wait,8,True,846.733845584643,7408,5584,2351.53,699,56,327,201,2898.65
algo=ACO|exp=sim|one_way=True|policy=wait|robots=15|seed=9|width=2,2,True,15,ACO,wait,9,True,862.7160881484465,7108,5490,3144.95,760,39,456,251,2908.67
algo=ACO|exp=sim|one_way=True|policy=wait|robots=15|seed=10|width=2,2,True,15,ACO,wait,10,True,770.4274696760624,6892,5332,2111.12,650,40,284,184,2908.84
algo=ACO|exp=sim|one_way=True|policy=wait|robots=15|seed=11|width=2,2,True,15,ACO,wait,11,True,728.6676720250982,6918,5654,2070.54,653,27,272,190,2912.49
algo=ACO|exp=sim|one_way=True|policy=wait|robots=15|seed=13|width=2,2,True,15,ACO,wait,13,True,753.6250524479709,6902,5522,2333.23,685,31,262,158,2938.33
algo=ACO|exp=sim|one_way=True|policy=wait|robots=15|seed=12|width=2,2,True,15,ACO,wait,12,True,893.9201124077359,7112,5550,3516.99,749,39,520,250,2947.73
algo=ACO|exp=sim|one_way=True|policy=wait|robots=15|seed=14|width=2,2,True,15,ACO,wait,14,True,744.0,6758,5442,1603.31,556,49,188,111,2907.12
algo=ACO|exp=sim|one_way=True|policy=wait|robots=15|seed=15|width=2,2,True,15,ACO,wait,15,True,818.0510361767708,6408,5358,2851.85,624,25,404,188,2908.94
algo=ACO|exp=sim|one_way=True|policy=wait|robots=15|seed=16|width=2,2,True,15,ACO,wait,16,True,745.466036249248,6674,5426,2147.1,618,38,253,140,2884.39
algo=ACO|exp=sim|one_way=True|policy=wait|robots=15|seed=17|width=2,2,True,15,ACO,wait,17,True,717.6705784542276,6556,5470,1869.17,527,24,251,136,2892.89
algo=ACO|exp=sim|one_way=True|policy=wait|robots=15|seed=18|width=2,2,True,15,ACO,wait,18,True,707.0,6580,5306,1497.76,503,34,174,106,2866.71
algo=ACO|exp=sim|one_way=True|policy=wait|robots=15|seed=19|width=2,2,True,15,ACO,wait,19,True,743.2176491730585,6790,5572,1905.93,579,42,257,143,2900.03
algo=ACO|exp=sim|one_way=True|policy=replan|robots=15|seed=0|width=2,2,True,15,ACO,replan,0,True,805.5638813623261,7120,5442,1713.64,605,89,190,115,2993.27
algo=ACO|exp=sim|one_way=True|policy=replan|robots=15|seed=1|width=2,2,True,15,ACO,replan,1,True,840.4577552396106,7356,5522,1935.06,620,109,238,140,2962.5
algo=ACO|exp=sim|one_way=True|policy=replan|robots=15|seed=2|width=2,2,True,15,ACO,replan,2,True,837.5234993484537,7516,5572,2390.85,737,98,333,202,2958.94
algo=ACO|exp=sim|one_way=True|policy=replan|robots=15|seed=3|width=2,2,True,15,ACO,replan,3,True,732.0,6870,5310,1551.44,521,83,190,104,2966.23
algo=ACO|exp=sim|one_way=True|policy=replan|robots=15|seed=4|width=2,2,True,15,ACO,replan,4,True,793.6880781051577,7490,5640,2169.04,725,117,272,162,2977.77
algo=ACO|exp=sim|one_way=True|policy=replan|robots=15|seed=5|width=2,2,True,15,ACO,replan,5,True,800.9818535980793,6928,5350,2128.3,663,74,276,161,2973.77
algo=ACO|exp=sim|one_way=True|policy=replan|robots=15|seed=6|width=2,2,True,15,ACO,replan,6,True,776.2943145671151,7008,5498,2089.13,567,80,293,146,3009.61
algo=ACO|exp=sim|one_way=True|policy=replan|robots=15|seed=7|width=2,2,True,15,ACO,replan,7,True,908.4735987962767,7438,5566,2632.6,655,83,363,178,2914.0
algo=ACO|exp=sim|one_way=True|policy=replan|robots=15|seed=8|width=2,2,True,15,ACO,replan,8,True,852.7606080799886,7344,5584,1788.46,580,84,241,147,2908.85
algo=ACO|exp=sim|one_way=True|policy=replan|robots=15|seed=9|width=2,2,True,15,ACO,replan,9,True,682.2058956238703,6852,5490,1375.26,534,97,152,89,2897.25
algo=ACO|exp=sim|one_way=True|policy=replan|robots=15|seed=10|width=2,2,True,15,ACO,replan,10,True,780.0466274036698,6930,5332,1832.89,607,96,228,137,2889.17
algo=ACO|exp=sim|one_way=True|policy=replan|robots=15|seed=11|width=2,2,True,15,ACO,replan,11,True,760.138270657043,7222,5654,1957.55,523,71,278,128,2891.52
algo=ACO|exp=sim|one_way=True|policy=replan|robots=15|seed=12|width=2,2,True,15,ACO,replan,12,True,781.4961753138655,6828,5550,1965.5,510,58,284,134,2923.25
algo=ACO|exp=sim|one_way=True|policy=replan|robots=15|seed=14|width=2,2,True,15,ACO,replan,14,True,795.3113081268792,7380,5442,2164.97,652,92,301,175,2917.25
algo=ACO|exp=sim|one_way=True|policy=replan|robots=15|seed=15|width=2,2,True,15,ACO,replan,15,True,698.8139047918626,6720,5358,1650.09,581,77,187,124,2893.68
algo=ACO|exp=sim|one_way=True|policy=replan|robots=15|seed=13|width=2,2,True,15,ACO,replan,13,False,inf,10947,5522,7088.07,2337,1692,1073,177,2914.46
algo=ACO|exp=sim|one_way=True|policy=replan|robots=15|seed=16|width=2,2,True,15,ACO,replan,16,True,704.7597139558252,6968,5426,1561.59,584,89,178,114,2894.68
algo=ACO|exp=sim|one_way=True|policy=replan|robots=15|seed=17|width=2,2,True,15,ACO,replan,17,True,849.2619847210199,7276,5470,2086.6,622,88,264,150,2922.41
algo=ACO|exp=sim|one_way=True|policy=replan|robots=15|seed=18|width=2,2,True,15,ACO,replan,18,True,822.4386438984442,6900,5306,1796.61,602,75,220,147,2895.51
algo=ACO|exp=sim|one_way=True|policy=replan|robots=15|seed=19|width=2,2,True,15,ACO,replan,19,True,818.5112287545435,7310,5572,2096.83,646,95,275,158,2884.79
algo=ALO|exp=sim|one_way=True|policy=wait|robots=15|seed=0|width=2,2,True,15,ALO,wait,0,True,918.2011386266333,7638,5974,3094.83,697,35,447,217,14724.7
algo=ALO|exp=sim|one_way=True|policy=wait|robots=15|seed=1|width=2,2,True,15,ALO,wait,1,True,799.0,7510,6080,1770.7,596,49,233,141,14713.76
algo=ALO|exp=sim|one_way=True|policy=wait|robots=15|seed=2|width=2,2,True,15,ALO,wait,2,True,855.5158042412523,7504,6120,2572.52,676,40,340,164,14785.42
algo=ALO|exp=sim|one_way=True|policy=wait|robots=15|seed=3|width=2,2,True,15,ALO,wait,3,True,895.3980640231927,7706,5876,2271.46,689,55,304,176,14704.79
algo=ALO|exp=sim|one_way=True|policy=wait|robots=15|seed=4|width=2,2,True,15,ALO,wait,4,True,786.0,7358,6082,2057.31,738,40,223,157,14736.34
algo=ALO|exp=sim|one_way=True|policy=wait|robots=15|seed=5|width=2,2,True,15,ALO,wait,5,True,874.6372950904004,7884,6122,2186.74,702,56,284,185,14676.33
algo=ALO|exp=sim|one_way=True|policy=wait|robots=15|seed=6|width=2,2,True,15,ALO,wait,6,True,813.0,7464,6060,2019.12,691,48,234,145,14811.59
algo=ALO|exp=sim|one_way=True|policy=wait|robots=15|seed=8|width=2,2,True,15,ALO,wait,8,True,880.2468512119663,7522,6026,2421.16,632,51,313,144,14691.94
algo=ALO|exp=sim|one_way=True|policy=wait|robots=15|seed=7|width=2,2,True,15,ALO,wait,7,True,901.7780280428849,7806,6012,2202.89,703,57,288,176,14788.15
algo=ALO|exp=sim|one_way=True|policy=wait|robots=15|seed=9|width=2,2,True,15,ALO,wait,9,True,794.9530466640833,7432,6034,2194.84,653,41,287,156,14822.63
algo=ALO|exp=sim|one_way=True|policy=wait|robots=15|seed=10|width=2,2,True,15,ALO,wait,10,True,792.0,7086,5866,1769.3,583,43,203,123,14697.84
algo=ALO|exp=sim|one_way=True|policy=wait|robots=15|seed=11|width=2,2,True,15,ALO,wait,11,True,790.9142778304285,7776,6098,2299.33,690,47,302,188,14650.94
algo=ALO|exp=sim|one_way=True|policy=wait|robots=15|seed=12|width=2,2,True,15,ALO,wait,12,True,828.0,7704,6024,1882.32,619,53,227,135,14674.91
algo=ALO|exp=sim|one_way=True|policy=wait|robots=15|seed=13|width=2,2,True,15,ALO,wait,13,True,845.7900402507744,7514,5918,2783.42,724,43,371,203,14678.28
algo=ALO|exp=sim|one_way=True|policy=wait|robots=15|seed=15|width=2,2,True,15,ALO,wait,15,True,765.6367348011877,7364,5992,1846.21,614,37,208,133,14664.09
algo=ALO|exp=sim|one_way=True|policy=wait|robots=15|seed=14|width=2,2,True,15,ALO,wait,14,True,993.4394574285227,7576,5922,4528.09,712,48,713,244,14637.89
algo=ALO|exp=sim|one_way=True|policy=wait|robots=15|seed=16|width=2,2,True,15,ALO,wait,16,True,873.2010047871188,7344,5932,2337.37,668,43,324,188,14708.89
algo=ALO|exp=sim|one_way=True|policy=wait|robots=15|seed=17|width=2,2,True,15,ALO,wait,17,True,867.0,7638,5914,2283.77,700,50,307,191,14580.79
algo=ALO|exp=sim|one_way=True|policy=wait|robots=15|seed=18|width=2,2,True,15,ALO,wait,18,True,782.0,7348,5916,2385.19,703,33,290,190,14606.09
algo=ALO|exp=sim|one_way=True|policy=wait|robots=15|seed=19|width=2,2,True,15,ALO,wait,19,True,845.4975354434075,7836,6116,2539.01,698,52,318,173,14640.16
algo=ALO|exp=sim|one_way=True|policy=replan|robots=15|seed=0|width=2,2,True,15,ALO,replan,0,True,1010.0,7882,5974,2460.47,716,85,332,203,14662.76
algo=ALO|exp=sim|one_way=True|policy=replan|robots=15|seed=1|width=2,2,True,15,ALO,replan,1,True,771.3550525803867,7628,6080,1745.97,625,119,204,103,15519.42
algo=ALO|exp=sim|one_way=True|policy=replan|robots=15|seed=2|width=2,2,True,15,ALO,replan,2,True,803.3671081795574,7576,6120,2103.24,684,96,237,134,15518.79
algo=ALO|exp=sim|one_way=True|policy=replan|robots=15|seed=3|width=2,2,True,15,ALO,replan,3,True,856.6653264257122,7474,5876,1841.26,649,107,203,112,15671.33
algo=ALO|exp=sim|one_way=True|policy=replan|robots=15|seed=4|width=2,2,True,15,ALO,replan,4,True,893.5632157319202,8036,6082,2031.54,714,120,253,159,15603.62
algo=ALO|exp=sim|one_way=True|policy=replan|robots=15|seed=6|width=2,2,True,15,ALO,replan,6,True,786.0,7984,6060,1831.39,654,114,227,138,15449.02
algo=ALO|exp=sim|one_way=True|policy=replan|robots=15|seed=5|width=2,2,True,15,ALO,replan,5,True,971.0997731609013,8210,6122,2276.71,670,114,291,150,15710.98
algo=ALO|exp=sim|one_way=True|policy=replan|robots=15|seed=7|width=2,2,True,15,ALO,replan,7,True,954.5453707054216,7954,6012,2492.69,701,82,344,181,15640.05
algo=ALO|exp=sim|one_way=True|policy=replan|robots=15|seed=8|width=2,2,True,15,ALO,replan,8,True,775.9796172926317,7488,6026,1920.35,648,86,229,144,15343.85
algo=ALO|exp=sim|one_way=True|policy=replan|robots=15|seed=9|width=2,2,True,15,ALO,replan,9,True,786.3561512502176,7540,6034,1671.49,586,101,187,114,15335.39
algo=ALO|exp=sim|one_way=True|policy=replan|robots=15|seed=10|width=2,2,True,15,ALO,replan,10,True,794.672708326496,7440,5866,2014.06,647,88,249,161,15531.26
algo=ALO|exp=sim|one_way=True|policy=replan|robots=15|seed=11|width=2,2,True,15,ALO,replan,11,True,865.968155009897,7888,6098,2474.57,708,86,332,175,15351.92
algo=ALO|exp=sim|one_way=True|policy=replan|robots=15|seed=12|width=2,2,True,15,ALO,replan,12,True,790.1814622632688,7928,6024,1884.61,646,113,229,129,15459.46
algo=ALO|exp=sim|one_way=True|policy=replan|robots=15|seed=13|width=2,2,True,15,ALO,replan,13,True,830.9572749222252,7724,5918,2006.54,716,101,235,158,15385.46
algo=ALO|exp=sim|one_way=True|policy=replan|robots=15|seed=14|width=2,2,True,15,ALO,replan,14,True,932.0,8224,5922,2227.05,724,131,303,185,15192.88
algo=Hybrid|exp=sim|one_way=True|policy=wait|robots=15|seed=0|width=2,2,True,15,Hybrid,wait,0,True,756.4318434708966,6694,5472,1751.31,604,36,207,140,36.82
algo=Hybrid|exp=sim|one_way=True|policy=wait|robots=15|seed=1|width=2,2,True,15,Hybrid,wait,1,True,716.5912585542494,6734,5554,1497.58,531,40,175,108,36.04
algo=Hybrid|exp=sim|one_way=True|policy=wait|robots=15|seed=2|width=2,2,True,15,Hybrid,wait,2,True,781.5414270138558,6952,5608,2411.26,674,38,319,180,35.87
algo=Hybrid|exp=sim|one_way=True|policy=wait|robots=15|seed=3|width=2,2,True,15,Hybrid,wait,3,True,874.0,6894,5328,3427.95,674,52,505,192,39.01
algo=Hybrid|exp=sim|one_way=True|policy=wait|robots=15|seed=4|width=2,2,True,15,Hybrid,wait,4,True,686.0,6606,5652,1487.33,540,30,171,115,38.56
algo=Hybrid|exp=sim|one_way=True|policy=wait|robots=15|seed=5|width=2,2,True,15,Hybrid,wait,5,True,781.0,6732,5368,1710.1,588,49,198,126,47.42
algo=Hybrid|exp=sim|one_way=True|policy=wait|robots=15|seed=6|width=2,2,True,15,Hybrid,wait,6,True,793.0,7012,5524,1715.82,615,47,207,128,41.54
algo=Hybrid|exp=sim|one_way=True|policy=wait|robots=15|seed=7|width=2,2,True,15,Hybrid,wait,7,True,814.5635577083747,7062,5620,2475.23,658,38,331,178,40.46
algo=Hybrid|exp=sim|one_way=True|policy=wait|robots=15|seed=8|width=2,2,True,15,Hybrid,wait,8,True,803.7102137492712,6986,5590,2157.88,564,43,294,137,37.74
algo=Hybrid|exp=sim|one_way=True|policy=wait|robots=15|seed=9|width=2,2,True,15,Hybrid,wait,9,True,737.242673829049,6938,5538,2154.89,667,43,287,162,40.08
algo=Hybrid|exp=sim|one_way=True|policy=wait|robots=15|seed=10|width=2,2,True,15,Hybrid,wait,10,True,870.1012256086839,6864,5352,2671.71,671,43,377,189,36.39
algo=Hybrid|exp=sim|one_way=True|policy=wait|robots=15|seed=11|width=2,2,True,15,Hybrid,wait,11,True,768.0196796385508,7098,5698,2201.28,678,43,270,154,36.56
algo=Hybrid|exp=sim|one_way=True|policy=wait|robots=15|seed=12|width=2,2,True,15,Hybrid,wait,12,True,820.5676958066571,7232,5562,2576.68,703,37,370,223,38.19
algo=Hybrid|exp=sim|one_way=True|policy=wait|robots=15|seed=13|width=2,2,True,15,Hybrid,wait,13,True,758.7486808980065,7104,5542,2118.19,654,52,254,137,37.23
algo=Hybrid|exp=sim|one_way=True|policy=wait|robots=15|seed=14|width=2,2,True,15,Hybrid,wait,14,True,736.834084794543,7054,5496,2113.04,602,30,280,147,39.6
algo=Hybrid|exp=sim|one_way=True|policy=wait|robots=15|seed=15|width=2,2,True,15,Hybrid,wait,15,True,745.8324799374053,6848,5394,2197.02,665,37,286,166,37.19
algo=Hybrid|exp=sim|one_way=True|policy=wait|robots=15|seed=16|width=2,2,True,15,Hybrid,wait,16,True,844.5177525829392,6862,5436,3431.5,807,31,487,249,36.77
algo=Hybrid|exp=sim|one_way=True|policy=wait|robots=15|seed=17|width=2,2,True,15,Hybrid,wait,17,True,749.6997995372906,7178,5488,2436.87,690,45,332,195,39.63
algo=Hybrid|exp=sim|one_way=True|policy=wait|robots=15|seed=18|width=2,2,True,15,Hybrid,wait,18,True,727.6830771676265,6398,5330,1538.41,513,29,178,113,37.51
algo=Hybrid|exp=sim|one_way=True|policy=wait|robots=15|seed=19|width=2,2,True,15,Hybrid,wait,19,True,813.8063350768167,7002,5626,2115.29,627,44,276,150,38.07
algo=Hybrid|exp=sim|one_way=True|policy=replan|robots=15|seed=0|width=2,2,True,15,Hybrid,replan,0,True,718.0,6880,5472,1435.27,527,82,162,104,37.09
algo=Hybrid|exp=sim|one_way=True|policy=replan|robots=15|seed=1|width=2,2,True,15,Hybrid,replan,1,True,700.0,6718,5554,1886.78,580,56,235,145,34.9
algo=Hybrid|exp=sim|one_way=True|policy=replan|robots=15|seed=2|width=2,2,True,15,Hybrid,replan,2,True,784.0,7328,5608,1924.73,649,82,239,147,34.74
algo=Hybrid|exp=sim|one_way=True|policy=replan|robots=15|seed=3|width=2,2,True,15,Hybrid,replan,3,True,815.5424555710273,6954,5328,2294.5,685,75,292,181,37.09
algo=Hybrid|exp=sim|one_way=True|policy=replan|robots=15|seed=4|width=2,2,True,15,Hybrid,replan,4,True,855.4721849097609,7164,5652,1774.47,591,89,225,125,37.13
algo=Hybrid|exp=sim|one_way=True|policy=replan|robots=15|seed=5|width=2,2,True,15,Hybrid,replan,5,True,832.5742708656461,6880,5368,2093.21,691,82,249,168,39.44
algo=Hybrid|exp=sim|one_way=True|policy=replan|robots=15|seed=6|width=2,2,True,15,Hybrid,replan,6,True,815.0168418378197,7240,5524,2393.83,769,77,283,198,37.93
algo=Hybrid|exp=sim|one_way=True|policy=replan|robots=15|seed=7|width=2,2,True,15,Hybrid,replan,7,True,729.5755695758143,7064,5620,1268.12,486,98,139,79,42.64
algo=Hybrid|exp=sim|one_way=True|policy=replan|robots=15|seed=8|width=2,2,True,15,Hybrid,replan,8,True,800.0673805311419,7302,5590,1581.2,541,100,190,103,39.04
algo=Hybrid|exp=sim|one_way=True|policy=replan|robots=15|seed=9|width=2,2,True,15,Hybrid,replan,9,True,739.0,6750,5538,1544.52,560,99,167,97,40.61
algo=Hybrid|exp=sim|one_way=True|policy=replan|robots=15|seed=10|width=2,2,True,15,Hybrid,replan,10,True,764.7229188924489,6860,5352,2083.05,665,62,267,181,36.41
algo=Hybrid|exp=sim|one_way=True|policy=replan|robots=15|seed=11|width=2,2,True,15,Hybrid,replan,11,True,758.4154511044399,6958,5698,1805.38,642,90,222,158,36.3
algo=Hybrid|exp=sim|one_way=True|policy=replan|robots=15|seed=12|width=2,2,True,15,Hybrid,replan,12,True,672.0276520474885,6716,5562,1404.24,487,69,162,93,36.78
algo=Hybrid|exp=sim|one_way=True|policy=replan|robots=15|seed=13|width=2,2,True,15,Hybrid,replan,13,True,785.0629549203063,7316,5542,1587.69,588,107,207,138,37.6
algo=Hybrid|exp=sim|one_way=True|policy=replan|robots=15|seed=14|width=2,2,True,15,Hybrid,replan,14,True,796.3390285436922,7424,5496,2014.79,673,103,231,142,36.75
algo=ALO|exp=sim|one_way=True|policy=replan|robots=15|seed=16|width=2,2,True,15,ALO,replan,16,True,849.2330367542295,7266,5932,2160.26,584,76,287,159,15091.04
algo=ALO|exp=sim|one_way=True|policy=replan|robots=15|seed=15|width=2,2,True,15,ALO,replan,15,True,837.9064807855182,7814,5992,2230.08,729,116,294,187,15228.95
algo=Hybrid|exp=sim|one_way=True|policy=replan|robots=15|seed=15|width=2,2,True,15,Hybrid,replan,15,True,800.258463604391,7190,5394,2283.86,751,91,272,169,36.29
algo=Hybrid|exp=sim|one_way=True|policy=replan|robots=15|seed=16|width=2,2,True,15,Hybrid,replan,16,True,736.696172250472,6886,5436,1384.83,498,83,161,101,36.2
algo=Hybrid|exp=sim|one_way=True|policy=replan|robots=15|seed=17|width=2,2,True,15,Hybrid,replan,17,True,813.3471080519694,7392,5488,2256.34,649,78,317,181,38.69
algo=Hybrid|exp=sim|one_way=True|policy=replan|robots=15|seed=18|width=2,2,True,15,Hybrid,replan,18,True,707.9507279131262,6896,5330,1642.55,552,76,207,127,37.45
algo=ALO|exp=sim|one_way=True|policy=replan|robots=15|seed=17|width=2,2,True,15,ALO,replan,17,True,906.8433337840321,7832,5914,2201.14,621,82,309,165,15176.84
algo=Hybrid|exp=sim|one_way=True|policy=replan|robots=15|seed=19|width=2,2,True,15,Hybrid,replan,19,True,777.7342610418368,6954,5626,1432.99,544,61,149,101,36.2
algo=ALO|exp=sim|one_way=True|policy=replan|robots=15|seed=18|width=2,2,True,15,ALO,replan,18,True,886.0,7586,5916,2076.85,611,82,266,142,14773.22
algo=ALO|exp=sim|one_way=True|policy=replan|robots=15|seed=19|width=2,2,True,15,ALO,replan,19,True,826.0,7802,6116,1802.84,643,114,203,122,14395.76
